id,short_name,year,title,authors,primary_category_code,source_url,scope_note,evidence_depth,reviewed_on,snapshot_membership
P001,VLOG,2017,From Lifestyle Vlogs to Everyday Interactions,David F. Fouhey and Wei-cheng Kuo and Alexei A. Efros and Jitendra Malik,V,https://arxiv.org/abs/1712.02310,Natural lifestyle video captures human-object interaction outside scripted robot demonstrations.,primary metadata verified; complete abstract reviewed for this report,2026-09-20,baseline_163
P002,HowTo100M,2019,HowTo100M: Learning a Text-Video Embedding by Watching Hundred Million Narrated Video Clips,Antoine Miech and Dimitri Zhukov and Jean-Baptiste Alayrac and Makarand Tapaswi and Ivan Laptev and Josef Sivic,V,https://arxiv.org/abs/1906.03327,Large weakly aligned instructional video-text corpus; narration is not an executable action label.,primary metadata verified; complete abstract reviewed for this report,2026-09-20,baseline_163
P003,COIN,2019,COIN: A Large-scale Dataset for Comprehensive Instructional Video Analysis,Yansong Tang and Dajun Ding and Yongming Rao and Yu Zheng and Danyang Zhang and Lili Zhao and Jiwen Lu and Jie Zhou,V,https://arxiv.org/abs/1903.02874,Multi-domain instructional procedures; useful for task coverage and step understanding.,primary metadata verified; complete abstract reviewed for this report,2026-09-20,baseline_163
P004,CrossTask,2019,Cross-task weakly supervised learning from instructional videos,Dimitri Zhukov and Jean-Baptiste Alayrac and Ramazan Gokberk Cinbis and David Fouhey and Ivan Laptev and Josef Sivic,V,https://arxiv.org/abs/1903.08225,Cross-task procedural step localization; edited instruction video differs from continuous execution.,primary metadata verified; scope coded from title/abstract evidence,2026-09-20,baseline_163
P005,YouCook2,2017,Towards Automatic Learning of Procedures from Web Instructional Videos,Luowei Zhou and Chenliang Xu and Jason J. Corso,V,https://arxiv.org/abs/1703.09788,Cooking procedures and step-level video-language grounding.,canonical primary-source metadata verified; abstract available in source_metadata.json,2026-09-20,baseline_163
P006,Breakfast,2014,The Language of Actions: Recovering the Syntax and Semantics of Goal-Directed Human Activities,,V,https://openaccess.thecvf.com/content_cvpr_2014/html/Kuehne_The_Language_of_2014_CVPR_paper.html,Procedural breakfast preparation; useful for long activity segmentation.,primary metadata verified; scope coded from title/abstract evidence,2026-09-20,baseline_163
P007,Charades-Ego,2018,Charades-Ego: A Large-Scale Dataset of Paired Third and First Person Videos,Gunnar A. Sigurdsson and Abhinav Gupta and Cordelia Schmid and Ali Farhadi and Karteek Alahari,V,https://arxiv.org/abs/1804.09626,Paired first-person and third-person activity views support viewpoint transfer.,primary metadata verified; scope coded from title/abstract evidence,2026-09-20,baseline_163
P008,EGTEA Gaze+,2018,In the Eye of Beholder: Joint Learning of Gaze and Actions in First Person Video,,V,https://openaccess.thecvf.com/content_ECCV_2018/html/Yin_Li_In_the_Eye_ECCV_2018_paper.html,Egocentric cooking with gaze; attention cues are useful but not robot control supervision.,official proceedings page checked,2026-09-20,baseline_163
P009,EPIC-KITCHENS,2018,Scaling Egocentric Vision: The EPIC-KITCHENS Dataset,Dima Damen and Hazel Doughty and Giovanni Maria Farinella and Sanja Fidler and Antonino Furnari and Evangelos Kazakos and Davide Moltisanti and Jonathan Munro and Toby Perrett and Will Price and Michael Wray,V,https://arxiv.org/abs/1804.02748,Unscripted kitchen interactions; recognition and anticipation are offline endpoints.,primary metadata verified; scope coded from title/abstract evidence,2026-09-20,baseline_163
P010,EPIC-KITCHENS-100,2020,Rescaling Egocentric Vision,Dima Damen and Hazel Doughty and Giovanni Maria Farinella and Antonino Furnari and Evangelos Kazakos and Jian Ma and Davide Moltisanti and Jonathan Munro and Toby Perrett and Will Price and Michael Wray,V,https://arxiv.org/abs/2006.13256,Expanded kitchen benchmark with multiple evaluation tasks; same broad dataset family.,primary metadata verified; scope coded from title/abstract evidence,2026-09-20,baseline_163
P011,EPIC-KITCHENS VISOR,2022,EPIC-KITCHENS VISOR Benchmark: VIdeo Segmentations and Object Relations,Ahmad Darkhalil and Dandan Shan and Bin Zhu and Jian Ma and Amlan Kar and Richard Higgins and Sanja Fidler and David Fouhey and Dima Damen,V,https://arxiv.org/abs/2209.13064,Pixel-level entities and interaction relations; adds grounding to EPIC video.,primary metadata verified; scope coded from title/abstract evidence,2026-09-20,baseline_163
P012,HD-EPIC,2025,HD-EPIC: A Highly-Detailed Egocentric Video Dataset,Toby Perrett and Ahmad Darkhalil and Saptarshi Sinha and Omar Emara and Sam Pollard and Kranti Parida and Kaiting Liu and Prajwal Gatti and Siddhant Bansal and Kevin Flanagan and Jacob Chalk and Zhifan Zhu and Rhodri Guerrier and Fahd Abdelazim and Bin Zhu and Davide Moltisanti and Michael Wray and Hazel Doughty and Dima Damen,V,https://arxiv.org/abs/2502.04144,Detailed multimodal kitchen activity; useful for fine interaction/state annotations.,canonical primary-source metadata verified; abstract available in source_metadata.json,2026-09-20,baseline_163
P013,Ego4D,2021,"Ego4D: Around the World in 3,000 Hours of Egocentric Video",Kristen Grauman and Andrew Westbury and Eugene Byrne and Zachary Chavis and Antonino Furnari and Rohit Girdhar and Jackson Hamburger and Hao Jiang and Miao Liu and Xingyu Liu and Miguel Martin and Tushar Nagarajan and Ilija Radosavovic and Santhosh Kumar Ramakrishnan and Fiona Ryan and Jayant Sharma and Michael Wray and Mengmeng Xu and Eric Zhongcong Xu and Chen Zhao and Siddhant Bansal and Dhruv Batra and Vincent Cartillier and Sean Crane and Tien Do and Morrie Doulaty and Akshay Erapalli and Christoph Feichtenhofer and Adriano Fragomeni and Qichen Fu and Abrham Gebreselasie and Cristina Gonzalez and James Hillis and Xuhua Huang and Yifei Huang and Wenqi Jia and Weslie Khoo and Jachym Kolar and Satwik Kottur and Anurag Kumar and Federico Landini and Chao Li and Yanghao Li and Zhenqiang Li and Karttikeya Mangalam and Raghava Modhugu and Jonathan Munro and Tullie Murrell and Takumi Nishiyasu and Will Price and Paola Ruiz Puentes and Merey Ramazanova and Leda Sari and Kiran Somasundaram and Audrey Southerland and Yusuke Sugano and Ruijie Tao and Minh Vo and Yuchen Wang and Xindi Wu and Takuma Yagi and Ziwei Zhao and Yunyi Zhu and Pablo Arbelaez and David Crandall and Dima Damen and Giovanni Maria Farinella and Christian Fuegen and Bernard Ghanem and Vamsi Krishna Ithapu and C. V. Jawahar and Hanbyul Joo and Kris Kitani and Haizhou Li and Richard Newcombe and Aude Oliva and Hyun Soo Park and James M. Rehg and Yoichi Sato and Jianbo Shi and Mike Zheng Shou and Antonio Torralba and Lorenzo Torresani and Mingfei Yan and Jitendra Malik,V,https://arxiv.org/abs/2110.07058,Broad first-person video with multiple benchmarks including forecasting and memory.,primary metadata verified; complete abstract reviewed for this report,2026-09-20,baseline_163
P014,Ego-Exo4D,2023,Ego-Exo4D: Understanding Skilled Human Activity from First- and Third-Person Perspectives,Kristen Grauman and Andrew Westbury and Lorenzo Torresani and Kris Kitani and Jitendra Malik and Triantafyllos Afouras and Kumar Ashutosh and Vijay Baiyya and Siddhant Bansal and Bikram Boote and Eugene Byrne and Zach Chavis and Joya Chen and Feng Cheng and Fu-Jen Chu and Sean Crane and Avijit Dasgupta and Jing Dong and Maria Escobar and Cristhian Forigua and Abrham Gebreselasie and Sanjay Haresh and Jing Huang and Md Mohaiminul Islam and Suyog Jain and Rawal Khirodkar and Devansh Kukreja and Kevin J Liang and Jia-Wei Liu and Sagnik Majumder and Yongsen Mao and Miguel Martin and Effrosyni Mavroudi and Tushar Nagarajan and Francesco Ragusa and Santhosh Kumar Ramakrishnan and Luigi Seminara and Arjun Somayazulu and Yale Song and Shan Su and Zihui Xue and Edward Zhang and Jinxu Zhang and Angela Castillo and Changan Chen and Xinzhu Fu and Ryosuke Furuta and Cristina Gonzalez and Prince Gupta and Jiabo Hu and Yifei Huang and Yiming Huang and Weslie Khoo and Anush Kumar and Robert Kuo and Sach Lakhavani and Miao Liu and Mi Luo and Zhengyi Luo and Brighid Meredith and Austin Miller and Oluwatumininu Oguntola and Xiaqing Pan and Penny Peng and Shraman Pramanick and Merey Ramazanova and Fiona Ryan and Wei Shan and Kiran Somasundaram and Chenan Song and Audrey Southerland and Masatoshi Tateno and Huiyu Wang and Yuchen Wang and Takuma Yagi and Mingfei Yan and Xitong Yang and Zecheng Yu and Shengxin Cindy Zha and Chen Zhao and Ziwei Zhao and Zhifan Zhu and Jeff Zhuo and Pablo Arbelaez and Gedas Bertasius and David Crandall and Dima Damen and Jakob Engel and Giovanni Maria Farinella and Antonino Furnari and Bernard Ghanem and Judy Hoffman and C. V. Jawahar and Richard Newcombe and Hyun Soo Park and James M. Rehg and Yoichi Sato and Manolis Savva and Jianbo Shi and Mike Zheng Shou and Michael Wray,V,https://arxiv.org/abs/2311.18259,Synchronized views of skilled activity; strong resource for viewpoint and embodiment studies.,primary metadata verified; complete abstract reviewed for this report,2026-09-20,baseline_163
P015,Assembly101,2022,Assembly101: A Large-Scale Multi-View Video Dataset for Understanding Procedural Activities,Fadime Sener and Dibyadip Chatterjee and Daniel Shelepov and Kun He and Dipika Singhania and Robert Wang and Angela Yao,V,https://arxiv.org/abs/2203.14712,Multi-view assembly and disassembly; expands beyond kitchen procedures.,primary metadata verified; scope coded from title/abstract evidence,2026-09-20,baseline_163
P016,IKEA ASM,2020,"The IKEA ASM Dataset: Understanding People Assembling Furniture through Actions, Objects and Pose",Yizhak Ben-Shabat and Xin Yu and Fatemeh Sadat Saleh and Dylan Campbell and Cristian Rodriguez-Opazo and Hongdong Li and Stephen Gould,V,https://arxiv.org/abs/2007.00394,Furniture assembly with multimodal views; procedural understanding rather than autonomous control.,canonical primary-source metadata verified; abstract available in source_metadata.json,2026-09-20,baseline_163
P017,HOI4D,2022,HOI4D: A 4D Egocentric Dataset for Category-Level Human-Object Interaction,Yunze Liu and Yun Liu and Che Jiang and Kangbo Lyu and Weikang Wan and Hao Shen and Boqiang Liang and Zhoujie Fu and He Wang and Li Yi,V,https://arxiv.org/abs/2203.01577,3D hands and object interactions support geometry-aware grounding.,primary metadata verified; scope coded from title/abstract evidence,2026-09-20,baseline_163
P018,HOT3D,2024,HOT3D: Hand and Object Tracking in 3D from Egocentric Multi-View Videos,Prithviraj Banerjee and Sindi Shkodrani and Pierre Moulon and Shreyas Hampali and Shangchen Han and Fan Zhang and Linguang Zhang and Jade Fountain and Edward Miller and Selen Basol and Richard Newcombe and Robert Wang and Jakob Julian Engel and Tomas Hodan,V,https://arxiv.org/abs/2411.19167,Multi-view hand/object tracking; perception output still requires retargeting for robots.,primary metadata verified; scope coded from title/abstract evidence,2026-09-20,baseline_163
P019,EgoBody,2021,EgoBody: Human Body Shape and Motion of Interacting People from Head-Mounted Devices,Siwei Zhang and Qianli Ma and Yan Zhang and Zhiyin Qian and Taein Kwon and Marc Pollefeys and Federica Bogo and Siyu Tang,V,https://arxiv.org/abs/2112.07642,Interacting human body motion from wearable views; adjacent to embodied assistance.,canonical primary-source metadata verified; abstract available in source_metadata.json,2026-09-20,baseline_163
P020,EgoHumans,2023,EgoHumans: An Egocentric 3D Multi-Human Benchmark,Rawal Khirodkar and Aayush Bansal and Lingni Ma and Richard Newcombe and Minh Vo and Kris Kitani,V,https://arxiv.org/abs/2305.16487,Multi-person 3D understanding; relevant to shared spaces and human-aware behavior.,primary metadata verified; scope coded from title/abstract evidence,2026-09-20,baseline_163
P021,Ego-ExoLearn,2024,EgoExoLearn: A Dataset for Bridging Asynchronous Ego- and Exo-centric View of Procedural Activities in Real World,Yifei Huang and Guo Chen and Jilan Xu and Mingfang Zhang and Lijin Yang and Baoqi Pei and Hongjie Zhang and Lu Dong and Yali Wang and Limin Wang and Yu Qiao,V,https://arxiv.org/abs/2403.16182,Procedural transfer between egocentric and exocentric observations.,primary metadata verified; scope coded from title/abstract evidence,2026-09-20,baseline_163
P022,CaptainCook4D,2023,CaptainCook4D: A Dataset for Understanding Errors in Procedural Activities,Rohith Peddi and Shivvrat Arya and Bharath Challa and Likhitha Pallapothula and Akshay Vyas and Bhavya Gouripeddi and Jikai Wang and Qifan Zhang and Vasundhara Komaragiri and Eric Ragan and Nicholas Ruozzi and Yu Xiang and Vibhav Gogate,V,https://arxiv.org/abs/2312.14556,Procedural activity including errors; suitable for contrasting correct and incorrect execution.,canonical primary-source metadata verified; abstract available in source_metadata.json,2026-09-20,baseline_163
P023,EgoProceL,2022,My View is the Best View: Procedure Learning from Egocentric Videos,Siddhant Bansal and Chetan Arora and C. V. Jawahar,V,https://arxiv.org/abs/2207.10883,Procedure learning from first-person observations.,primary metadata verified; scope coded from title/abstract evidence,2026-09-20,baseline_163
P024,EPIC Fields,2023,EPIC Fields: Marrying 3D Geometry and Video Understanding,Vadim Tschernezki and Ahmad Darkhalil and Zhifan Zhu and David Fouhey and Iro Laina and Diane Larlus and Dima Damen and Andrea Vedaldi,V,https://arxiv.org/abs/2306.08731,Camera geometry augments EPIC video; source videos overlap the EPIC family.,primary metadata verified; scope coded from title/abstract evidence,2026-09-20,baseline_163
P025,EgoPet,2024,EgoPet: Egomotion and Interaction Data from an Animal's Perspective,Amir Bar and Arya Bakhtiar and Danny Tran and Antonio Loquercio and Jathushan Rajasegaran and Yann LeCun and Amir Globerson and Trevor Darrell,V,https://arxiv.org/abs/2404.09991,"Animal-view egomotion and interaction data; useful as a visual domain-shift probe, not a human robot embodiment target.",primary metadata verified; scope coded from title/abstract evidence,2026-09-20,baseline_163
P026,EgoHOS,2022,"Fine-Grained Egocentric Hand-Object Segmentation: Dataset, Model, and Applications",Lingzhi Zhang and Shenghao Zhou and Simon Stent and Jianbo Shi,V,https://arxiv.org/abs/2208.03826,Fine hand-object segmentation for grounded interaction understanding.,primary metadata verified; scope coded from title/abstract evidence,2026-09-20,baseline_163
P027,EgoPCA,2023,EgoPCA: A New Framework for Egocentric Hand-Object Interaction Understanding,Yue Xu and Yong-Lu Li and Zhemin Huang and Michael Xu Liu and Cewu Lu and Yu-Wing Tai and Chi-Keung Tang,V,https://arxiv.org/abs/2309.02423,Egocentric hand-object interaction framework; adjacent to perception benchmarks.,primary metadata verified; complete abstract reviewed for this report,2026-09-20,baseline_163
P028,EgoSchema,2023,EgoSchema: A Diagnostic Benchmark for Very Long-form Video Language Understanding,Karttikeya Mangalam and Raiymbek Akshulakov and Jitendra Malik,Q,https://arxiv.org/abs/2308.09126,Long-video question answering; answer accuracy does not establish action competence.,primary metadata verified; complete abstract reviewed for this report,2026-09-20,baseline_163
P029,EgoThink,2023,EgoThink: Evaluating First-Person Perspective Thinking Capability of Vision-Language Models,Sijie Cheng and Zhicheng Guo and Jingwen Wu and Kechen Fang and Peng Li and Huaping Liu and Yang Liu,Q,https://arxiv.org/abs/2311.15596,First-person reasoning across several abilities; designed for model understanding.,primary metadata verified; scope coded from title/abstract evidence,2026-09-20,baseline_163
P030,EgoPlan-Bench,2023,EgoPlan-Bench: Benchmarking Multimodal Large Language Models for Human-Level Planning,Yi Chen and Yuying Ge and Yixiao Ge and Mingyu Ding and Bohao Li and Rui Wang and Ruifeng Xu and Ying Shan and Xihui Liu,Q,https://arxiv.org/abs/2312.06722,Egocentric next-step planning; paper also introduces EgoPlan-IT.,primary metadata verified; scope coded from title/abstract evidence,2026-09-20,baseline_163
P031,EgoPlan-Bench2,2024,EgoPlan-Bench2: A Benchmark for Multimodal Large Language Model Planning in Real-World Scenarios,Lu Qiu and Yi Chen and Yuying Ge and Yixiao Ge and Ying Shan and Xihui Liu,Q,https://arxiv.org/abs/2412.04447,Planning across daily life and broader scenarios; offline choice quality differs from physical completion.,primary metadata verified; complete abstract reviewed for this report,2026-09-20,baseline_163
P032,EgoTaskQA,2022,EgoTaskQA: Understanding Human Tasks in Egocentric Videos,Baoxiong Jia and Ting Lei and Song-Chun Zhu and Siyuan Huang,Q,https://arxiv.org/abs/2210.03929,Task and interaction question answering; supports explicit reasoning diagnostics.,primary metadata verified; scope coded from title/abstract evidence,2026-09-20,baseline_163
P033,EgoLife,2025,EgoLife: Towards Egocentric Life Assistant,Jingkang Yang and Shuai Liu and Hongming Guo and Yuhao Dong and Xiamengwei Zhang and Sicheng Zhang and Pengyun Wang and Zitang Zhou and Binzhu Xie and Ziyue Wang and Bei Ouyang and Zhengyu Lin and Marco Cominelli and Zhongang Cai and Yuanhan Zhang and Peiyuan Zhang and Fangzhou Hong and Joerg Widmer and Francesco Gringoli and Lei Yang and Bo Li and Ziwei Liu,Q,https://arxiv.org/abs/2503.03803,Long-duration life understanding and assistance-oriented QA.,primary metadata verified; complete abstract reviewed for this report,2026-09-20,baseline_163
P034,EgoVLP,2022,Egocentric Video-Language Pretraining,Kevin Qinghong Lin and Alex Jinpeng Wang and Mattia Soldan and Michael Wray and Rui Yan and Eric Zhongcong Xu and Difei Gao and Rongcheng Tu and Wenzhe Zhao and Weijie Kong and Chengfei Cai and Hongfa Wang and Dima Damen and Bernard Ghanem and Wei Liu and Mike Zheng Shou,Q,https://arxiv.org/abs/2206.01670,Representation pretraining evaluated on egocentric tasks; not an independent execution benchmark.,primary metadata verified; scope coded from title/abstract evidence,2026-09-20,baseline_163
P035,EgoVLPv2,2023,EgoVLPv2: Egocentric Video-Language Pre-training with Fusion in the Backbone,Shraman Pramanick and Yale Song and Sayan Nag and Kevin Qinghong Lin and Hardik Shah and Mike Zheng Shou and Rama Chellappa and Pengchuan Zhang,Q,https://arxiv.org/abs/2307.05463,Video-language representation method; keep separate from the benchmark data it uses.,primary metadata verified; scope coded from title/abstract evidence,2026-09-20,baseline_163
P036,EgoT2,2022,Egocentric Video Task Translation,Zihui Xue and Yale Song and Kristen Grauman and Lorenzo Torresani,Q,https://arxiv.org/abs/2212.06301,Transfers information across egocentric tasks; multi-task method rather than a new robot suite.,canonical primary-source metadata verified; abstract available in source_metadata.json,2026-09-20,baseline_163
P037,EgoEnv,2022,EgoEnv: Human-centric environment representations from egocentric video,Tushar Nagarajan and Santhosh Kumar Ramakrishnan and Ruta Desai and James Hillis and Kristen Grauman,Q,https://arxiv.org/abs/2207.11365,Environment understanding from first-person video.,primary metadata verified; scope coded from title/abstract evidence,2026-09-20,baseline_163
P038,OpenEQA,2024,OpenEQA: Embodied Question Answering in the Era of Foundation Models,,Q,https://openaccess.thecvf.com/content/CVPR2024/html/Majumdar_OpenEQA_Embodied_Question_Answering_in_the_Era_of_Foundation_Models_CVPR_2024_paper.html,Episodic-memory and active embodied QA; evaluates information acquisition/answering.,official proceedings and author project pages checked,2026-09-20,baseline_163
P039,RoboVQA,2023,RoboVQA: Multimodal Long-Horizon Reasoning for Robotics,Pierre Sermanet and Tianli Ding and Jeffrey Zhao and Fei Xia and Debidatta Dwibedi and Keerthana Gopalakrishnan and Christine Chan and Gabriel Dulac-Arnold and Sharath Maddineni and Nikhil J Joshi and Pete Florence and Wei Han and Robert Baruch and Yao Lu and Suvir Mirchandani and Peng Xu and Pannag Sanketi and Karol Hausman and Izhak Shafran and Brian Ichter and Yuan Cao,Q,https://arxiv.org/abs/2311.00899,Robot/human video and robotics reasoning tasks; useful bridge between video and control.,primary metadata verified; complete abstract reviewed for this report,2026-09-20,baseline_163
P040,RoboBench,2025,Robobench: A Comprehensive Evaluation Benchmark for Multimodal Large Language Models as Embodied Brain,Yulin Luo and Chun-Kai Fan and Menghang Dong and Jiayu Shi and Xiangju Mi and Mengdi Zhao and Bo-Wen Zhang and Cheng Chi and Jiaming Liu and Gaole Dai and Rongyu Zhang and Ruichuan An and Kun Wu and Zhengping Che and Shaoxuan Xie and Guocai Yao and Zhongxia Zhao and Pengwei Wang and Guang Liu and Zhongyuan Wang and Tiejun Huang and Shanghang Zhang,Q,https://arxiv.org/abs/2510.17801,MLLM robotics-oriented perception and reasoning evaluation; not a universal physical robot test.,canonical primary-source metadata verified; abstract available in source_metadata.json,2026-09-20,baseline_163
P041,EgoCross,2025,EgoCross: Benchmarking Multimodal Large Language Models for Cross-Domain Egocentric Video Question Answering,Yanjun Li and Yuqian Fu and Tianwen Qian and Qi'ao Xu and Silong Dai and Danda Pani Paudel and Luc Van Gool and Xiaoling Wang,Q,https://arxiv.org/abs/2508.10729,"Cross-domain egocentric QA covering surgery, industry, extreme sports, and animal perspectives; still an offline understanding benchmark.",primary metadata verified; complete abstract reviewed for this report,2026-09-20,baseline_163
P042,RoboSpatial,2024,RoboSpatial: Teaching Spatial Understanding to 2D and 3D Vision-Language Models for Robotics,Chan Hee Song and Valts Blukis and Jonathan Tremblay and Stephen Tyree and Yu Su and Stan Birchfield,Q,https://arxiv.org/abs/2411.16537,Spatial understanding grounded in 2D/3D robotics contexts.,primary metadata verified; scope coded from title/abstract evidence,2026-09-20,baseline_163
P043,Embodied VideoAgent,2024,Embodied VideoAgent: Persistent Memory from Egocentric Videos and Embodied Sensors Enables Dynamic Scene Understanding,Yue Fan and Xiaojian Ma and Rongpeng Su and Jun Guo and Rujie Wu and Xi Chen and Qing Li,Q,https://arxiv.org/abs/2501.00358,Persistent memory combining first-person video and embodied sensors.,primary metadata verified; scope coded from title/abstract evidence,2026-09-20,baseline_163
P044,HiERO,2025,HiERO: understanding the hierarchy of human behavior enhances reasoning on egocentric videos,Simone Alberto Peirone and Francesca Pistilli and Giuseppe Averta,Q,https://arxiv.org/abs/2505.12911,Hierarchical human behavior representations for egocentric reasoning.,primary metadata verified; scope coded from title/abstract evidence,2026-09-20,baseline_163
P045,ManipBench,2025,ManipBench: Benchmarking Vision-Language Models for Low-Level Robot Manipulation,Enyu Zhao and Vedant Raval and Hejia Zhang and Jiageng Mao and Zeyu Shangguan and Stefanos Nikolaidis and Yue Wang and Daniel Seita,Q,https://arxiv.org/abs/2505.09698,VLM evaluation focused on low-level robot manipulation decisions.,primary metadata verified; complete abstract reviewed for this report,2026-09-20,baseline_163
P046,RULSTM,2019,What Would You Expect? Anticipating Egocentric Actions with Rolling-Unrolling LSTMs and Modality Attention,Antonino Furnari and Giovanni Maria Farinella,P,https://arxiv.org/abs/1905.09035,Anticipates near-future action labels from partial observations.,primary metadata verified; scope coded from title/abstract evidence,2026-09-20,baseline_163
P047,AVT,2021,Anticipative Video Transformer,Rohit Girdhar and Kristen Grauman,P,https://arxiv.org/abs/2106.02036,Transformer-based future action anticipation.,primary metadata verified; scope coded from title/abstract evidence,2026-09-20,baseline_163
P048,EGO-TOPO,2020,EGO-TOPO: Environment Affordances from Egocentric Video,Tushar Nagarajan and Yanghao Li and Christoph Feichtenhofer and Kristen Grauman,P,https://arxiv.org/abs/2001.04583,Topological environment structure used for anticipating activity.,canonical primary-source metadata verified; abstract available in source_metadata.json,2026-09-20,baseline_163
P049,AntGPT,2023,AntGPT: Can Large Language Models Help Long-term Action Anticipation from Videos?,Qi Zhao and Shijie Wang and Ce Zhang and Changcheng Fu and Minh Quan Do and Nakul Agarwal and Kwonjoon Lee and Chen Sun,P,https://arxiv.org/abs/2307.16368,Long-term action sequence anticipation using language priors.,primary metadata verified; scope coded from title/abstract evidence,2026-09-20,baseline_163
P050,PALM,2023,PALM: Predicting Actions through Language Models,Sanghwan Kim and Daoji Huang and Yongqin Xian and Otmar Hilliges and Luc Van Gool and Xi Wang,P,https://arxiv.org/abs/2311.17944,Language-based future action anticipation; score sequence uncertainty separately from control.,canonical primary-source metadata verified; abstract available in source_metadata.json,2026-09-20,baseline_163
P051,USST / EgoPAT3D trajectories,2023,Uncertainty-aware State Space Transformer for Egocentric 3D Hand Trajectory Forecasting,Wentao Bao and Lele Chen and Libing Zeng and Zhong Li and Yi Xu and Junsong Yuan and Yu Kong,P,https://arxiv.org/abs/2307.08243,Uncertainty-aware 3D hand forecasting and trajectory annotation; evaluates on H2O and EgoPAT3D.,primary metadata verified; complete abstract reviewed for this report,2026-09-20,baseline_163
P052,StillFast,2023,StillFast: An End-to-End Approach for Short-Term Object Interaction Anticipation,Francesco Ragusa and Giovanni Maria Farinella and Antonino Furnari,P,https://arxiv.org/abs/2304.03959,Predicts next interacted object/action and timing from static and temporal cues.,canonical primary-source metadata verified; abstract available in source_metadata.json,2026-09-20,baseline_163
P053,HandsOnVLM,2024,HandsOnVLM: Vision-Language Models for Hand-Object Interaction Prediction,Chen Bao and Jiarui Xu and Xiaolong Wang and Abhinav Gupta and Homanga Bharadhwaj,P,https://arxiv.org/abs/2412.13187,Language-conditioned future hand trajectories; hand motion is not robot joint control.,canonical primary-source metadata verified; abstract available in source_metadata.json,2026-09-20,baseline_163
P054,EgoVid-5M / EgoDreamer,2024,EgoVid-5M: A Large-Scale Video-Action Dataset for Egocentric Video Generation,Xiaofeng Wang and Kang Zhao and Feng Liu and Jiayu Wang and Guosheng Zhao and Xiaoyi Bao and Zheng Zhu and Yingya Zhang and Xingang Wang,P,https://arxiv.org/abs/2411.08380,Video-action data and egocentric generation; one publication with multiple named contributions.,primary metadata verified; complete abstract reviewed for this report,2026-09-20,baseline_163
P055,FUTR,2022,Future Transformer for Long-term Action Anticipation,Dayoung Gong and Joonseok Lee and Manjin Kim and Seong Jong Ha and Minsu Cho,P,https://arxiv.org/abs/2205.14022,Long-term future action sequence anticipation.,primary metadata verified; scope coded from title/abstract evidence,2026-09-20,baseline_163
P056,Forecasting hands and objects,2017,Forecasting Hands and Objects in Future Frames,Chenyou Fan and Jangwon Lee and Michael S. Ryoo,P,https://arxiv.org/abs/1705.07328,Early first-person future hand/object forecasting.,primary metadata verified; scope coded from title/abstract evidence,2026-09-20,baseline_163
P057,Motor attention and action forecasting,2019,Forecasting Human-Object Interaction: Joint Prediction of Motor Attention and Actions in First Person Video,Miao Liu and Siyu Tang and Yin Li and James Rehg,P,https://arxiv.org/abs/1911.10967,Joint forecasting of motor attention and actions.,primary metadata verified; scope coded from title/abstract evidence,2026-09-20,baseline_163
P058,EgoPAT3Dv2,2024,EgoPAT3Dv2: Predicting 3D Action Target from 2D Egocentric Vision for Human-Robot Interaction,Irving Fang and Yuzhong Chen and Yifan Wang and Jianghan Zhang and Qiushi Zhang and Jiali Xu and Xibo He and Weibo Gao and Hao Su and Yiming Li and Chen Feng,P,https://arxiv.org/abs/2403.05046,3D action target prediction from 2D egocentric observations for human-robot interaction.,primary metadata verified; scope coded from title/abstract evidence,2026-09-20,baseline_163
P059,EMAG,2024,EMAG: Ego-motion Aware and Generalizable 2D Hand Forecasting from Egocentric Videos,Masashi Hatano and Ryo Hachiuma and Hideo Saito,P,https://arxiv.org/abs/2405.20030,Ego-motion-aware generalizable 2D hand forecasting.,primary metadata verified; scope coded from title/abstract evidence,2026-09-20,baseline_163
P060,Continuous 4D interaction forecasting,2026,From Where to How: Continuous 4D Interaction Forecasting from Egocentric Video,Qiaohui Chu and Haoyu Zhang and Meng Liu and Haoxiang Shi and Dongmei Jiang and Liqiang Nie,P,https://arxiv.org/abs/2609.08636,Recent continuous 4D interaction forecasting; preliminary preprint evidence.,primary metadata verified; scope coded from title/abstract evidence,2026-09-20,baseline_163
P061,Interact with me,2024,"Interact with me: Joint Egocentric Forecasting of Intent to Interact, Attitude and Social Actions",Tongfei Bian and Yiming Ma and Mathieu Chollet and Victor Sanchez and Tanaya Guha,P,https://arxiv.org/abs/2412.16698,"Joint forecasting of intent to interact, attitude, and social actions.",primary metadata verified; complete abstract reviewed for this report,2026-09-20,baseline_163
P062,RLBench,2019,RLBench: The Robot Learning Benchmark & Learning Environment,Stephen James and Zicong Ma and David Rovick Arrojo and Andrew J. Davison,M,https://arxiv.org/abs/1909.12271,Diverse manipulation tasks with configurable observations and action modes.,primary metadata verified; scope coded from title/abstract evidence,2026-09-20,baseline_163
P063,Meta-World,2019,Meta-World: A Benchmark and Evaluation for Multi-Task and Meta Reinforcement Learning,Tianhe Yu and Deirdre Quillen and Zhanpeng He and Ryan Julian and Avnish Narayan and Hayden Shively and Adithya Bellathur and Karol Hausman and Chelsea Finn and Sergey Levine,M,https://arxiv.org/abs/1910.10897,Standardized multi-task manipulation; task family breadth differs from household breadth.,primary metadata verified; scope coded from title/abstract evidence,2026-09-20,baseline_163
P064,LIBERO,2023,LIBERO: Benchmarking Knowledge Transfer for Lifelong Robot Learning,Bo Liu and Yifeng Zhu and Chongkai Gao and Yihao Feng and Qiang Liu and Yuke Zhu and Peter Stone,M,https://arxiv.org/abs/2306.03310,Knowledge transfer across spatial/object/goal/long-task suites.,primary metadata verified; scope coded from title/abstract evidence,2026-09-20,baseline_163
P065,CALVIN,2021,CALVIN: A Benchmark for Language-Conditioned Policy Learning for Long-Horizon Robot Manipulation Tasks,Oier Mees and Lukas Hermann and Erick Rosete-Beas and Wolfram Burgard,M,https://arxiv.org/abs/2112.03227,Language-conditioned task chaining in a manipulation environment.,primary metadata verified; scope coded from title/abstract evidence,2026-09-20,baseline_163
P066,ManiSkill,2021,ManiSkill: Generalizable Manipulation Skill Benchmark with Large-Scale Demonstrations,Tongzhou Mu and Zhan Ling and Fanbo Xiang and Derek Yang and Xuanlin Li and Stone Tao and Zhiao Huang and Zhiwei Jia and Hao Su,M,https://arxiv.org/abs/2107.14483,Object/instance generalization with demonstrations.,primary metadata verified; scope coded from title/abstract evidence,2026-09-20,baseline_163
P067,ManiSkill2,2023,ManiSkill2: A Unified Benchmark for Generalizable Manipulation Skills,Jiayuan Gu and Fanbo Xiang and Xuanlin Li and Zhan Ling and Xiqiang Liu and Tongzhou Mu and Yihe Tang and Stone Tao and Xinyue Wei and Yunchao Yao and Xiaodi Yuan and Pengwei Xie and Zhiao Huang and Rui Chen and Hao Su,M,https://arxiv.org/abs/2302.04659,Rigid and soft-body manipulation; a counterexample to purely rigid-object coverage.,primary metadata verified; complete abstract reviewed for this report,2026-09-20,baseline_163
P068,ManiSkill3,2024,ManiSkill3: GPU Parallelized Robotics Simulation and Rendering for Generalizable Embodied AI,Stone Tao and Fanbo Xiang and Arth Shukla and Yuzhe Qin and Xander Hinrichsen and Xiaodi Yuan and Chen Bao and Xinsong Lin and Yulin Liu and Tse-kai Chan and Yuan Gao and Xuanlin Li and Tongzhou Mu and Nan Xiao and Arnav Gurha and Viswesh Nagaswamy Rajesh and Yong Woo Choi and Yen-Ru Chen and Zhiao Huang and Roberto Calandra and Rui Chen and Shan Luo and Hao Su,M,https://arxiv.org/abs/2410.00425,Simulation and evaluation infrastructure; configurable task coverage depends on chosen suite.,primary metadata verified; scope coded from title/abstract evidence,2026-09-20,baseline_163
P069,robosuite,2020,robosuite: A Modular Simulation Framework and Benchmark for Robot Learning,Yuke Zhu and Josiah Wong and Ajay Mandlekar and Roberto Martín-Martín and Abhishek Joshi and Kevin Lin and Abhiram Maddukuri and Soroush Nasiriany and Yifeng Zhu,M,https://arxiv.org/abs/2009.12293,Modular manipulation infrastructure; distinguish framework capabilities from a fixed test set.,primary metadata verified; scope coded from title/abstract evidence,2026-09-20,baseline_163
P070,RoboCasa,2024,RoboCasa: Large-Scale Simulation of Everyday Tasks for Generalist Robots,Soroush Nasiriany and Abhiram Maddukuri and Lance Zhang and Adeet Parikh and Aaron Lo and Abhishek Joshi and Ajay Mandlekar and Yuke Zhu,M,https://arxiv.org/abs/2406.02523,Everyday kitchen manipulation with environment diversity.,primary metadata verified; scope coded from title/abstract evidence,2026-09-20,baseline_163
P071,RoboCasa365,2026,RoboCasa365: A Large-Scale Simulation Framework for Training and Benchmarking Generalist Robots,Soroush Nasiriany and Sepehr Nasiriany and Abhiram Maddukuri and Yuke Zhu,M,https://arxiv.org/abs/2603.04356,Expanded kitchen task and scene coverage; retain family relation to RoboCasa.,primary metadata verified; complete abstract reviewed for this report,2026-09-20,baseline_163
P072,VLABench,2024,VLABench: A Large-Scale Benchmark for Language-Conditioned Robotics Manipulation with Long-Horizon Reasoning Tasks,Shiduo Zhang and Zhe Xu and Peiju Liu and Xiaopeng Yu and Yuan Li and Qinghui Gao and Zhaoye Fei and Zhangyue Yin and Zuxuan Wu and Yu-Gang Jiang and Xipeng Qiu,M,https://arxiv.org/abs/2412.18194,Diverse task categories and implicit-intent/long-horizon evaluation.,primary metadata verified; complete abstract reviewed for this report,2026-09-20,baseline_163
P073,RoboTwin,2024,RoboTwin: Dual-Arm Robot Benchmark with Generative Digital Twins (early version),Yao Mu and Tianxing Chen and Shijia Peng and Zanxin Chen and Zeyu Gao and Yude Zou and Lunkai Lin and Zhiqiang Xie and Ping Luo,M,https://arxiv.org/abs/2409.02920,Dual-arm benchmark and digital-twin data generation.,primary metadata verified; scope coded from title/abstract evidence,2026-09-20,baseline_163
P074,RoboTwin 2.0,2025,RoboTwin 2.0: A Scalable Data Generator and Benchmark with Strong Domain Randomization for Robust Bimanual Robotic Manipulation,Tianxing Chen and Zanxin Chen and Baijun Chen and Zijian Cai and Yibin Liu and Zixuan Li and Qiwei Liang and Xianliang Lin and Yiheng Ge and Zhenyu Gu and Weiliang Deng and Yubin Guo and Tian Nian and Xuanbing Xie and Qiangyu Chen and Kailun Su and Tianling Xu and Guodong Liu and Mengkang Hu and Huan-ang Gao and Kaixuan Wang and Zhixuan Liang and Yusen Qin and Xiaokang Yang and Ping Luo and Yao Mu,M,https://arxiv.org/abs/2506.18088,Expanded bimanual benchmarking and randomized data generation.,primary metadata verified; scope coded from title/abstract evidence,2026-09-20,baseline_163
P075,VIMA,2022,VIMA: General Robot Manipulation with Multimodal Prompts,Yunfan Jiang and Agrim Gupta and Zichen Zhang and Guanzhi Wang and Yongqiang Dou and Yanjun Chen and Li Fei-Fei and Anima Anandkumar and Yuke Zhu and Linxi Fan,M,https://arxiv.org/abs/2210.03094,Multimodal prompting with compositional generalization levels.,primary metadata verified; complete abstract reviewed for this report,2026-09-20,baseline_163
P076,Ravens / Transporter Networks,2020,Transporter Networks: Rearranging the Visual World for Robotic Manipulation,Andy Zeng and Pete Florence and Jonathan Tompson and Stefan Welker and Jonathan Chien and Maria Attarian and Travis Armstrong and Ivan Krasin and Dan Duong and Ayzaan Wahid and Vikas Sindhwani and Johnny Lee,M,https://arxiv.org/abs/2010.14406,Structured tabletop spatial manipulation tasks.,primary metadata verified; scope coded from title/abstract evidence,2026-09-20,baseline_163
P077,CLIPort,2021,CLIPort: What and Where Pathways for Robotic Manipulation,Mohit Shridhar and Lucas Manuelli and Dieter Fox,M,https://arxiv.org/abs/2109.12098,Language-conditioned manipulation baseline on Ravens-style tasks.,primary metadata verified; scope coded from title/abstract evidence,2026-09-20,baseline_163
P078,PerAct,2022,Perceiver-Actor: A Multi-Task Transformer for Robotic Manipulation,Mohit Shridhar and Lucas Manuelli and Dieter Fox,M,https://arxiv.org/abs/2209.05451,3D action representation and manipulation baseline.,primary metadata verified; scope coded from title/abstract evidence,2026-09-20,baseline_163
P079,FMB,2024,FMB: a Functional Manipulation Benchmark for Generalizable Robotic Learning,Jianlan Luo and Charles Xu and Fangchen Liu and Liam Tan and Zipeng Lin and Jeffrey Wu and Pieter Abbeel and Sergey Levine,M,https://arxiv.org/abs/2401.08553,Functional manipulation benchmark emphasizing generalizable physical skill.,primary metadata verified; scope coded from title/abstract evidence,2026-09-20,baseline_163
P080,DexArt,2023,DexArt: Benchmarking Generalizable Dexterous Manipulation with Articulated Objects,Chen Bao and Helin Xu and Yuzhe Qin and Xiaolong Wang,M,https://arxiv.org/abs/2305.05706,Dexterous manipulation with articulated objects and object-category transfer.,primary metadata verified; scope coded from title/abstract evidence,2026-09-20,baseline_163
P081,ARNOLD,2023,ARNOLD: A Benchmark for Language-Grounded Task Learning With Continuous States in Realistic 3D Scenes,Ran Gong and Jiangyong Huang and Yizhou Zhao and Haoran Geng and Xiaofeng Gao and Qingyang Wu and Wensi Ai and Ziheng Zhou and Demetri Terzopoulos and Song-Chun Zhu and Baoxiong Jia and Siyuan Huang,M,https://arxiv.org/abs/2304.04321,Language-grounded task learning with continuous object states.,primary metadata verified; scope coded from title/abstract evidence,2026-09-20,baseline_163
P082,RoboVerse,2025,"RoboVerse: Towards a Unified Platform, Dataset and Benchmark for Scalable and Generalizable Robot Learning",Haoran Geng and Feishi Wang and Songlin Wei and Yuyang Li and Bangjun Wang and Boshi An and Charlie Tianyue Cheng and Haozhe Lou and Peihao Li and Yen-Jen Wang and Yutong Liang and Dylan Goetting and Chaoyi Xu and Haozhe Chen and Yuxi Qian and Yiran Geng and Jiageng Mao and Weikang Wan and Mingtong Zhang and Jiangran Lyu and Siheng Zhao and Jiazhao Zhang and Jialiang Zhang and Chengyang Zhao and Haoran Lu and Yufei Ding and Ran Gong and Yuran Wang and Yuxuan Kuang and Ruihai Wu and Baoxiong Jia and Carlo Sferrazza and Hao Dong and Siyuan Huang and Yue Wang and Jitendra Malik and Pieter Abbeel,M,https://arxiv.org/abs/2504.18904,"Unified simulator interface, synthetic data, and generalization benchmarks.",primary metadata verified; complete abstract reviewed for this report,2026-09-20,baseline_163
P083,RoboDojo,2026,RoboDojo: A Unified Sim-and-Real Benchmark for Comprehensive Evaluation of Generalist Robot Manipulation Policies,Tianxing Chen and Yue Chen and Zixuan Li and Junyuan Tang and Kailun Su and Haoran Lu and Weijie Wan and Baijun Chen and Songling Liu and Haowen Yan and Honghao Su and Zhiyang Dou and Kaixuan Wang and Dandan Zhang and Yunze Liu and Yan Qin and Qiwei Liang and Qiwei Wu and Zijian Lin and Wenwei Lin and Yuran Wang and Minghua He and Tianshu Wu and Ruihai Wu and Jingquan Zhou and Kai-Chong Lei and Haibao Yu and Yuanfeng Ji and Weiyang Jin and Guanyu Lin and Xiaofan Li and Qi Xiong and Renjing Xu and Zhongyu Li and Wenhao Chai and Enze Xie and Ziwei Wang and Yao Mu and Hao Dong and Wojciech Matusik and Mingyu Ding and Wenbo Ding and Ping Luo and Masayoshi Tomizuka,M,https://arxiv.org/abs/2607.04434,Unified sim-and-real manipulation evaluation; five simulation capability dimensions and remote real evaluation.,primary metadata verified; complete abstract reviewed for this report,2026-09-20,baseline_163
P084,KinDER,2026,KinDER: A Physical Reasoning Benchmark for Robot Learning and Planning,Yixuan Huang and Bowen Li and Vaibhav Saxena and Yichao Liang and Utkarsh Aashu Mishra and Liang Ji and Lihan Zha and Jimmy Wu and Nishanth Kumar and Sebastian Scherer and Danfei Xu and Tom Silver,M,https://arxiv.org/abs/2604.25788,Isolates kinematic and dynamic reasoning from perception and language demands.,primary metadata verified; complete abstract reviewed for this report,2026-09-20,baseline_163
P085,SoftGym,2020,SoftGym: Benchmarking Deep Reinforcement Learning for Deformable Object Manipulation,Xingyu Lin and Yufei Wang and Jake Olkin and David Held,D,https://arxiv.org/abs/2011.07215,Suite covering multiple deformable materials; simulator realism must be checked per task.,primary metadata verified; scope coded from title/abstract evidence,2026-09-20,baseline_163
P086,DeformableRavens,2020,"Learning to Rearrange Deformable Cables, Fabrics, and Bags with Goal-Conditioned Transporter Networks",Daniel Seita and Pete Florence and Jonathan Tompson and Erwin Coumans and Vikas Sindhwani and Ken Goldberg and Andy Zeng,D,https://arxiv.org/abs/2012.03385,Extends spatial manipulation evaluation to deformable objects.,primary metadata verified; scope coded from title/abstract evidence,2026-09-20,baseline_163
P087,GarmentLab,2024,GarmentLab: A Unified Simulation and Benchmark for Garment Manipulation,Haoran Lu and Ruihai Wu and Yitong Li and Sijie Li and Ziyu Zhu and Chuanruo Ning and Yan Shen and Longzan Luo and Yuanpei Chen and Hao Dong,D,https://arxiv.org/abs/2411.01200,Garment and deformable manipulation with simulation and real-world benchmarking; check task-specific simulation fidelity.,primary metadata verified; complete abstract reviewed for this report,2026-09-20,baseline_163
P088,FlingBot,2021,FlingBot: The Unreasonable Effectiveness of Dynamic Manipulation for Cloth Unfolding,Huy Ha and Shuran Song,D,https://arxiv.org/abs/2105.03655,Dynamic cloth unfolding; evaluates a subskill rather than complete laundry.,primary metadata verified; scope coded from title/abstract evidence,2026-09-20,baseline_163
P089,SpeedFolding,2022,SpeedFolding: Learning Efficient Bimanual Folding of Garments,Yahav Avigal and Lars Berscheid and Tamim Asfour and Torsten Kröger and Ken Goldberg,D,https://arxiv.org/abs/2208.10552,Real bimanual garment folding; distinguishes efficient folding from unfolding and full laundry.,canonical primary-source metadata verified; abstract available in source_metadata.json,2026-09-20,baseline_163
P090,Cloth Funnels,2022,Cloth Funnels: Canonicalized-Alignment for Multi-Purpose Garment Manipulation,Alper Canberk and Cheng Chi and Huy Ha and Benjamin Burchfiel and Eric Cousineau and Siyuan Feng and Shuran Song,D,https://arxiv.org/abs/2210.09347,Canonical garment alignment for multi-purpose manipulation; supports decomposing laundry into subskills.,canonical primary-source metadata verified; abstract available in source_metadata.json,2026-09-20,baseline_163
P091,UniFolding,2023,"UniFolding: Towards Sample-efficient, Scalable, and Generalizable Robotic Garment Folding",Han Xue and Yutong Li and Wenqiang Xu and Huanyu Li and Dongzhe Zheng and Cewu Lu,D,https://arxiv.org/abs/2311.01267,Scalable and generalizable garment folding; measure material and topology shifts separately.,canonical primary-source metadata verified; abstract available in source_metadata.json,2026-09-20,baseline_163
P092,ICRA cloth competition,2025,A Dataset and Benchmark for Robotic Cloth Unfolding Grasp Selection: The ICRA 2024 Cloth Competition,Victor-Louis De Gusseme and Thomas Lips and Remko Proesmans and Julius Hietala and Giwan Lee and Jiyoung Choi and Jeongil Choi and Geon Kim and Phayuth Yonrith and Domen Tabernik and Andrej Gams and Peter Nimac and Matej Urbas and Jon Muhovič and Danijel Skočaj and Matija Mavsar and Hyojeong Yu and Minseo Kwon and Young J. Kim and Yang Cong and Ronghan Chen and Yu Ren and Supeng Diao and Jiawei Weng and Jiayue Liu and Haoran Sun and Linhan Yang and Zeqing Zhang and Ning Guo and Lei Yang and Fang Wan and Chaoyang Song and Jia Pan and Yixiang Jin and Yong A and Jun Shi and Dingzhe Li and Yong Yang and Kakeru Yamasaki and Takumi Kajiwara and Yuki Nakadera and Krati Saxena and Tomohiro Shibata and Chongkun Xia and Kai Mo and Yanzhao Yu and Qihao Lin and Binqiang Ma and Uihun Sagong and JungHyun Choi and JeongHyun Park and Dongwoo Lee and Yeongmin Kim and Myun Joong Hwang and Yusuke Kuribayashi and Naoki Hiratsuka and Daisuke Tanaka and Solvi Arnold and Kimitoshi Yamazaki and Carlos Mateo-Agullo and Andreas Verleysen and Francis Wyffels,D,https://arxiv.org/abs/2508.16749,Independent real cloth unfolding grasp-selection competition; distinguish grasp success from garment coverage.,primary metadata verified; complete abstract reviewed for this report,2026-09-20,baseline_163
P093,MoDeSuite,2025,MoDeSuite: Robot Learning Task Suite for Benchmarking Mobile Manipulation with Deformable Objects,Yuying Zhang and Kevin Sebastian Luck and Francesco Verdoja and Ville Kyrki and Joni Pajarinen,D,https://arxiv.org/abs/2507.21796,Mobile manipulation of deformable objects with simulation and real transfer.,primary metadata verified; complete abstract reviewed for this report,2026-09-20,baseline_163
P094,R2R / VLN,2017,Vision-and-Language Navigation: Interpreting visually-grounded navigation instructions in real environments,Peter Anderson and Qi Wu and Damien Teney and Jake Bruce and Mark Johnson and Niko Sünderhauf and Ian Reid and Stephen Gould and Anton van den Hengel,N,https://arxiv.org/abs/1711.07280,Instruction following in scanned environments; navigation endpoint differs from manipulation.,primary metadata verified; scope coded from title/abstract evidence,2026-09-20,baseline_163
P095,RxR,2020,Room-Across-Room: Multilingual Vision-and-Language Navigation with Dense Spatiotemporal Grounding,Alexander Ku and Peter Anderson and Roma Patel and Eugene Ie and Jason Baldridge,N,https://arxiv.org/abs/2010.07954,Multilingual densely grounded navigation.,primary metadata verified; scope coded from title/abstract evidence,2026-09-20,baseline_163
P096,ALFRED,2019,ALFRED: A Benchmark for Interpreting Grounded Instructions for Everyday Tasks,Mohit Shridhar and Jesse Thomason and Daniel Gordon and Yonatan Bisk and Winson Han and Roozbeh Mottaghi and Luke Zettlemoyer and Dieter Fox,N,https://arxiv.org/abs/1912.01734,Instruction-conditioned navigation and object interaction in household simulation.,primary metadata verified; scope coded from title/abstract evidence,2026-09-20,baseline_163
P097,TEACh,2021,TEACh: Task-driven Embodied Agents that Chat,Aishwarya Padmakumar and Jesse Thomason and Ayush Shrivastava and Patrick Lange and Anjali Narayan-Chen and Spandana Gella and Robinson Piramuthu and Gokhan Tur and Dilek Hakkani-Tur,N,https://arxiv.org/abs/2110.00534,Dialogue-conditioned household task execution.,primary metadata verified; scope coded from title/abstract evidence,2026-09-20,baseline_163
P098,Habitat 2.0,2021,Habitat 2.0: Training Home Assistants to Rearrange their Habitat,Andrew Szot and Alex Clegg and Eric Undersander and Erik Wijmans and Yili Zhao and John Turner and Noah Maestre and Mustafa Mukadam and Devendra Chaplot and Oleksandr Maksymets and Aaron Gokaslan and Vladimir Vondrus and Sameer Dharur and Franziska Meier and Wojciech Galuba and Angel Chang and Zsolt Kira and Vladlen Koltun and Jitendra Malik and Manolis Savva and Dhruv Batra,N,https://arxiv.org/abs/2106.14405,Interactive rearrangement and mobile manipulation infrastructure.,primary metadata verified; scope coded from title/abstract evidence,2026-09-20,baseline_163
P099,HomeRobot,2023,HomeRobot: Open-Vocabulary Mobile Manipulation,Sriram Yenamandra and Arun Ramachandran and Karmesh Yadav and Austin Wang and Mukul Khanna and Theophile Gervet and Tsung-Yen Yang and Vidhi Jain and Alexander William Clegg and John Turner and Zsolt Kira and Manolis Savva and Angel Chang and Devendra Singh Chaplot and Dhruv Batra and Roozbeh Mottaghi and Yonatan Bisk and Chris Paxton,N,https://arxiv.org/abs/2306.11565,Open-vocabulary find-and-pick/place workflow with sim and real evaluation.,primary metadata verified; scope coded from title/abstract evidence,2026-09-20,baseline_163
P100,BEHAVIOR-1K,2024,"BEHAVIOR-1K: A Human-Centered, Embodied AI Benchmark with 1,000 Everyday Activities and Realistic Simulation",Chengshu Li and Ruohan Zhang and Josiah Wong and Cem Gokmen and Sanjana Srivastava and Roberto Martín-Martín and Chen Wang and Gabrael Levine and Wensi Ai and Benjamin Martinez and Hang Yin and Michael Lingelbach and Minjune Hwang and Ayano Hiranaka and Sujay Garlanka and Arman Aydin and Sharon Lee and Jiankai Sun and Mona Anvari and Manasi Sharma and Dhruva Bansal and Samuel Hunter and Kyu-Young Kim and Alan Lou and Caleb R Matthews and Ivan Villa-Renteria and Jerry Huayang Tang and Claire Tang and Fei Xia and Yunzhu Li and Silvio Savarese and Hyowon Gweon and C. Karen Liu and Jiajun Wu and Li Fei-Fei,N,https://arxiv.org/abs/2403.09227,Human-centered everyday activity coverage and realistic simulation; linked extended manuscript follows earlier conference version.,primary metadata verified; complete abstract reviewed for this report,2026-09-20,baseline_163
P101,Embodied Agent Interface,2024,Embodied Agent Interface: Benchmarking LLMs for Embodied Decision Making,Manling Li and Shiyu Zhao and Qineng Wang and Kangrui Wang and Yu Zhou and Sanjana Srivastava and Cem Gokmen and Tony Lee and Li Erran Li and Ruohan Zhang and Weiyu Liu and Percy Liang and Li Fei-Fei and Jiayuan Mao and Jiajun Wu,N,https://arxiv.org/abs/2410.07166,Unifies embodied decision-making evaluation across task representations and environments.,primary metadata verified; complete abstract reviewed for this report,2026-09-20,baseline_163
P102,NavVerse,2026,NavVerse: Benchmarking Indoor-to-Outdoor Embodied Navigation in Continuous Robot Simulation,Junzhe Wu and Yue Hu and Zeyu Han and Po-Hsun Chang and Yinan Dong and Behrad Rabiei and Maani Ghaffari,N,https://arxiv.org/abs/2607.19695,Indoor-to-outdoor navigation in continuous robot simulation.,primary metadata verified; complete abstract reviewed for this report,2026-09-20,baseline_163
P103,Follow-Bench,2025,Follow-Bench: A Unified Motion Planning Benchmark for Socially-Aware Robot Person Following,Hanjing Ye and Weixi Situ and Jianwei Peng and Yu Zhan and Bingyi Xia and Kuanqi Cai and Hong Zhang,N,https://arxiv.org/abs/2509.10796,Socially aware person-following motion-planning evaluation.,primary metadata verified; complete abstract reviewed for this report,2026-09-20,baseline_163
P104,SIMPLER,2024,Evaluating Real-World Robot Manipulation Policies in Simulation,Xuanlin Li and Kyle Hsu and Jiayuan Gu and Karl Pertsch and Oier Mees and Homer Rich Walke and Chuyuan Fu and Ishikaa Lunawat and Isabel Sieh and Sean Kirmani and Sergey Levine and Jiajun Wu and Chelsea Finn and Hao Su and Quan Vuong and Ted Xiao,R,https://arxiv.org/abs/2405.05941,Tests simulation as a proxy for real-policy evaluation; correlation is conditional.,primary metadata verified; scope coded from title/abstract evidence,2026-09-20,baseline_163
P105,LIBERO-Plus,2025,LIBERO-Plus: In-depth Robustness Analysis of Vision-Language-Action Models,Senyu Fei and Siyin Wang and Junhao Shi and Zihao Dai and Jikun Cai and Pengfang Qian and Li Ji and Xinzhe He and Shiduo Zhang and Zhaoye Fei and Jinlan Fu and Jingjing Gong and Xipeng Qiu,R,https://arxiv.org/abs/2510.13626,Controlled perturbations of seven dimensions in LIBERO; measures robustness beyond nominal success.,primary metadata verified; complete abstract reviewed for this report,2026-09-20,baseline_163
P106,MetaWorld+,2025,"Meta-World+: An Improved, Standardized, RL Benchmark",Reginald McLean and Evangelos Chatzaroulas and Luc McCutcheon and Frank Röder and Tianhe Yu and Zhanpeng He and K. R. Zentner and Ryan Julian and J K Terry and Isaac Woungang and Nariman Farsad and Pablo Samuel Castro,R,https://arxiv.org/abs/2505.11289,Standardized revision of Meta-World; version and protocol changes can affect comparability.,canonical primary-source metadata verified; abstract available in source_metadata.json,2026-09-20,baseline_163
P107,COLOSSEUM,2024,THE COLOSSEUM: A Benchmark for Evaluating Generalization for Robotic Manipulation,Wilbert Pumacay and Ishika Singh and Jiafei Duan and Ranjay Krishna and Jesse Thomason and Dieter Fox,R,https://arxiv.org/abs/2402.08191,Systematic manipulation perturbations; supports controlled robustness testing.,primary metadata verified; scope coded from title/abstract evidence,2026-09-20,baseline_163
P108,RoboArena,2025,RoboArena: Distributed Real-World Evaluation of Generalist Robot Policies,Pranav Atreya and Karl Pertsch and Tony Lee and Moo Jin Kim and Arhan Jain and Artur Kuramshin and Clemens Eppner and Cyrus Neary and Edward Hu and Fabio Ramos and Jonathan Tremblay and Kanav Arora and Kirsty Ellis and Luca Macesanu and Marcel Torne Villasevil and Matthew Leonard and Meedeum Cho and Ozgur Aslan and Shivin Dass and Jie Wang and William Reger and Xingfang Yuan and Xuning Yang and Abhishek Gupta and Dinesh Jayaraman and Glen Berseth and Kostas Daniilidis and Roberto Martin-Martin and Youngwoon Lee and Percy Liang and Chelsea Finn and Sergey Levine,R,https://arxiv.org/abs/2506.18123,Distributed double-blind pairwise real-robot evaluations; broader sites but preference ranks differ from fixed-task success.,primary metadata verified; complete abstract reviewed for this report,2026-09-20,baseline_163
P109,REFLECT / RoboFail,2023,REFLECT: Summarizing Robot Experiences for Failure Explanation and Correction,Zeyi Liu and Arpit Bahety and Shuran Song,R,https://arxiv.org/abs/2306.15724,Failure explanation and correction; includes RoboFail dataset.,canonical primary-source metadata verified; abstract available in source_metadata.json,2026-09-20,baseline_163
P110,AHA,2024,AHA: A Vision-Language-Model for Detecting and Reasoning Over Failures in Robotic Manipulation,Jiafei Duan and Wilbert Pumacay and Nishanth Kumar and Yi Ru Wang and Shulin Tian and Wentao Yuan and Ranjay Krishna and Dieter Fox and Ajay Mandlekar and Yijie Guo,R,https://arxiv.org/abs/2410.00371,Failure diagnosis data/model; diagnosis and successful autonomous recovery are separate endpoints.,primary metadata verified; scope coded from title/abstract evidence,2026-09-20,baseline_163
P111,RoboReward,2026,RoboReward: General-Purpose Vision-Language Reward Models for Robotics,Tony Lee and Andrew Wagenmaker and Karl Pertsch and Percy Liang and Sergey Levine and Chelsea Finn,R,https://arxiv.org/abs/2601.00675,"Reward dataset and benchmark derived from OXE/RoboArena, including constructed near-miss negatives; assess judge calibration and lineage.",primary metadata verified; complete abstract reviewed for this report,2026-09-20,baseline_163
P112,EgoOops,2024,EgoOops: A Dataset for Mistake Action Detection from Egocentric Videos referring to Procedural Texts,Yuto Haneji and Taichi Nishimura and Hirotaka Kameko and Keisuke Shirai and Tomoya Yoshida and Keiya Kajimura and Koki Yamamoto and Taiyu Cui and Tomohiro Nishimoto and Shinsuke Mori,R,https://arxiv.org/abs/2410.05343,Procedural-text-conditioned mistake action detection in egocentric video across diverse domains.,primary metadata verified; complete abstract reviewed for this report,2026-09-20,baseline_163
P113,REPAIR-Bench,2026,REPAIR-Bench: A Benchmark for Robot Error Perception And Interaction Recovery,Giuliano Pioldi and Yashika Batra and Arman Ibrayeva and Yuanchen Bai and Purnjay Maruur and Promise Ekpo and Angelique Taylor,R,https://arxiv.org/abs/2606.29937,Human perception of repeated robot failures and preferred recovery; not autonomous physical recovery success.,primary metadata verified; complete abstract reviewed for this report,2026-09-20,baseline_163
P114,RobotArena infinity,2025,RobotArena $\infty$: Scalable Robot Benchmarking via Real-to-Sim Translation,Yash Jangir and Yidi Zhang and Pang-Chi Lo and Kashu Yamazaki and Chenyu Zhang and Kuan-Hsun Tu and Tsung-Wei Ke and Lei Ke and Yonatan Bisk and Katerina Fragkiadaki,R,https://arxiv.org/abs/2510.23571,Scalable benchmarking through real-to-sim translation.,primary metadata verified; scope coded from title/abstract evidence,2026-09-20,baseline_163
P115,RoboMME-Interference,2026,RoboMME-Interference: Benchmarking Robot Memory Under Interference,Soumil Rathi,R,https://arxiv.org/abs/2606.22338,Robot memory under interference; read exact memory protocol before reuse.,primary metadata verified; complete abstract reviewed for this report,2026-09-20,baseline_163
P116,OopsieVerse,2026,OopsieVerse: A Safety Benchmark with Damage-Aware Simulation for Robot Manipulation,Arnav Balaji and Arpit Bahety and Sriniket Ambatipudi and Daniel Lam and Junhong Xu and Roberto Martín-Martín,R,https://arxiv.org/abs/2606.31993,Damage-aware simulation benchmark; task success and damage require separate reporting.,primary metadata verified; complete abstract reviewed for this report,2026-09-20,baseline_163
P117,UMI,2024,Universal Manipulation Interface: In-The-Wild Robot Teaching Without In-The-Wild Robots,Cheng Chi and Zhenjia Xu and Chuer Pan and Eric Cousineau and Benjamin Burchfiel and Siyuan Feng and Russ Tedrake and Shuran Song,T,https://arxiv.org/abs/2402.10329,Handheld gripper demonstrations with an explicit robot-compatible interface.,primary metadata verified; scope coded from title/abstract evidence,2026-09-20,baseline_163
P118,EgoMimic,2024,EgoMimic: Scaling Imitation Learning via Egocentric Video,Simar Kareer and Dhruv Patel and Ryan Punamiya and Pranay Mathur and Shuo Cheng and Chen Wang and Judy Hoffman and Danfei Xu,T,https://arxiv.org/abs/2410.24221,Joint human/robot egocentric learning; transfer still needs embodiment alignment.,primary metadata verified; scope coded from title/abstract evidence,2026-09-20,baseline_163
P119,EgoDex,2025,EgoDex: Learning Dexterous Manipulation from Large-Scale Egocentric Video,Ryan Hoque and Peide Huang and David J. Yoon and Mouli Sivapurapu and Jian Zhang,T,https://arxiv.org/abs/2505.11709,Human egocentric hand/finger tracking data and hand-trajectory prediction benchmarks; no robot-control success is established by this dataset paper.,primary metadata verified; complete abstract reviewed for this report,2026-09-20,baseline_163
P120,EgoScale,2026,EgoScale: Scaling Dexterous Manipulation with Diverse Egocentric Human Data,Ruijie Zheng and Dantong Niu and Yuqi Xie and Jing Wang and Mengda Xu and Yunfan Jiang and Fernando Castañeda and Fengyuan Hu and You Liang Tan and Letian Fu and Trevor Darrell and Furong Huang and Yuke Zhu and Danfei Xu and Linxi Fan,T,https://arxiv.org/abs/2602.16710,Large-scale egocentric human pretraining and aligned human-robot mid-training for dexterous manipulation.,primary metadata verified; complete abstract reviewed for this report,2026-09-20,baseline_163
P121,EgoZero,2025,EgoZero: Robot Learning from Smart Glasses,Vincent Liu and Ademi Adeniji and Haotian Zhan and Siddhant Haldar and Raunaq Bhirangi and Pieter Abbeel and Lerrel Pinto,T,https://arxiv.org/abs/2505.20290,Smart-glasses human demonstration transfer to robot manipulation.,canonical primary-source metadata verified; abstract available in source_metadata.json,2026-09-20,baseline_163
P122,EgoBridge,2025,EgoBridge: Domain Adaptation for Generalizable Imitation from Egocentric Human Data,Ryan Punamiya and Dhruv Patel and Patcharapong Aphiwetsa and Pranav Kuppili and Lawrence Y. Zhu and Simar Kareer and Judy Hoffman and Danfei Xu,T,https://arxiv.org/abs/2509.19626,Domain adaptation for imitation using egocentric human data.,canonical primary-source metadata verified; abstract available in source_metadata.json,2026-09-20,baseline_163
P123,WatchAct,2026,WatchAct: A Benchmark for Behavior-Grounded Robot Manipulation,Baiqi Li and Ce Zhang and Yu Fang and Yue Yang and Shangzhe Li and Mingyu Ding and Gedas Bertasius,T,https://arxiv.org/abs/2606.26443,"Aligned human-action video and executable tasks with separated reasoning, oracle-plan execution, and full-pipeline evaluation.",primary metadata verified; complete abstract reviewed for this report,2026-09-20,baseline_163
P124,RoboReel,2026,"Monkey See, Can Monkey Do? A Benchmark for Evaluating Robot Skill Learning by Observation",Weiwei Gu and Anmol Gupta and Anant Sah and Ryan Varghese and Lalitha Shreya Vanam and Prabhath Adireddi and Peter Karkus and Nakul Gopalan,T,https://arxiv.org/abs/2609.08209,Human demonstration videos paired with simulated trajectories and environments for learning from observation.,primary metadata verified; complete abstract reviewed for this report,2026-09-20,baseline_163
P125,Open X-Embodiment,2023,Open X-Embodiment: Robotic Learning Datasets and RT-X Models,"Open X-Embodiment Collaboration and Abby O'Neill and Abdul Rehman and Abhinav Gupta and Abhiram Maddukuri and Abhishek Gupta and Abhishek Padalkar and Abraham Lee and Acorn Pooley and Agrim Gupta and Ajay Mandlekar and Ajinkya Jain and Albert Tung and Alex Bewley and Alex Herzog and Alex Irpan and Alexander Khazatsky and Anant Rai and Anchit Gupta and Andrew Wang and Andrey Kolobov and Anikait Singh and Animesh Garg and Aniruddha Kembhavi and Annie Xie and Anthony Brohan and Antonin Raffin and Archit Sharma and Arefeh Yavary and Arhan Jain and Ashwin Balakrishna and Ayzaan Wahid and Ben Burgess-Limerick and Beomjoon Kim and Bernhard Schölkopf and Blake Wulfe and Brian Ichter and Cewu Lu and Charles Xu and Charlotte Le and Chelsea Finn and Chen Wang and Chenfeng Xu and Cheng Chi and Chenguang Huang and Christine Chan and Christopher Agia and Chuer Pan and Chuyuan Fu and Coline Devin and Danfei Xu and Daniel Morton and Danny Driess and Daphne Chen and Deepak Pathak and Dhruv Shah and Dieter Büchler and Dinesh Jayaraman and Dmitry Kalashnikov and Dorsa Sadigh and Edward Johns and Ethan Foster and Fangchen Liu and Federico Ceola and Fei Xia and Feiyu Zhao and Felipe Vieira Frujeri and Freek Stulp and Gaoyue Zhou and Gaurav S. Sukhatme and Gautam Salhotra and Ge Yan and Gilbert Feng and Giulio Schiavi and Glen Berseth and Gregory Kahn and Guangwen Yang and Guanzhi Wang and Hao Su and Hao-Shu Fang and Haochen Shi and Henghui Bao and Heni Ben Amor and Henrik I Christensen and Hiroki Furuta and Homanga Bharadhwaj and Homer Walke and Hongjie Fang and Huy Ha and Igor Mordatch and Ilija Radosavovic and Isabel Leal and Jacky Liang and Jad Abou-Chakra and Jaehyung Kim and Jaimyn Drake and Jan Peters and Jan Schneider and Jasmine Hsu and Jay Vakil and Jeannette Bohg and Jeffrey Bingham and Jeffrey Wu and Jensen Gao and Jiaheng Hu and Jiajun Wu and Jialin Wu and Jiankai Sun and Jianlan Luo and Jiayuan Gu and Jie Tan and Jihoon Oh and Jimmy Wu and Jingpei Lu and Jingyun Yang and Jitendra Malik and João Silvério and Joey Hejna and Jonathan Booher and Jonathan Tompson and Jonathan Yang and Jordi Salvador and Joseph J. Lim and Junhyek Han and Kaiyuan Wang and Kanishka Rao and Karl Pertsch and Karol Hausman and Keegan Go and Keerthana Gopalakrishnan and Ken Goldberg and Kendra Byrne and Kenneth Oslund and Kento Kawaharazuka and Kevin Black and Kevin Lin and Kevin Zhang and Kiana Ehsani and Kiran Lekkala and Kirsty Ellis and Krishan Rana and Krishnan Srinivasan and Kuan Fang and Kunal Pratap Singh and Kuo-Hao Zeng and Kyle Hatch and Kyle Hsu and Laurent Itti and Lawrence Yunliang Chen and Lerrel Pinto and Li Fei-Fei and Liam Tan and Linxi ""Jim"" Fan and Lionel Ott and Lisa Lee and Luca Weihs and Magnum Chen and Marion Lepert and Marius Memmel and Masayoshi Tomizuka and Masha Itkina and Mateo Guaman Castro and Max Spero and Maximilian Du and Michael Ahn and Michael C. Yip and Mingtong Zhang and Mingyu Ding and Minho Heo and Mohan Kumar Srirama and Mohit Sharma and Moo Jin Kim and Muhammad Zubair Irshad and Naoaki Kanazawa and Nicklas Hansen and Nicolas Heess and Nikhil J Joshi and Niko Suenderhauf and Ning Liu and Norman Di Palo and Nur Muhammad Mahi Shafiullah and Oier Mees and Oliver Kroemer and Osbert Bastani and Pannag R Sanketi and Patrick ""Tree"" Miller and Patrick Yin and Paul Wohlhart and Peng Xu and Peter David Fagan and Peter Mitrano and Pierre Sermanet and Pieter Abbeel and Priya Sundaresan and Qiuyu Chen and Quan Vuong and Rafael Rafailov and Ran Tian and Ria Doshi and Roberto Martín-Martín and Rohan Baijal and Rosario Scalise and Rose Hendrix and Roy Lin and Runjia Qian and Ruohan Zhang and Russell Mendonca and Rutav Shah and Ryan Hoque and Ryan Julian and Samuel Bustamante and Sean Kirmani and Sergey Levine and Shan Lin and Sherry Moore and Shikhar Bahl and Shivin Dass and Shubham Sonawani and Shubham Tulsiani and Shuran Song and Sichun Xu and Siddhant Haldar and Siddharth Karamcheti and Simeon Adebola and Simon Guist and Soroush Nasiriany and Stefan Schaal and Stefan Welker and Stephen Tian and Subramanian Ramamoorthy and Sudeep Dasari and Suneel Belkhale and Sungjae Park and Suraj Nair and Suvir Mirchandani and Takayuki Osa and Tanmay Gupta and Tatsuya Harada and Tatsuya Matsushima and Ted Xiao and Thomas Kollar and Tianhe Yu and Tianli Ding and Todor Davchev and Tony Z. Zhao and Travis Armstrong and Trevor Darrell and Trinity Chung and Vidhi Jain and Vikash Kumar and Vincent Vanhoucke and Vitor Guizilini and Wei Zhan and Wenxuan Zhou and Wolfram Burgard and Xi Chen and Xiangyu Chen and Xiaolong Wang and Xinghao Zhu and Xinyang Geng and Xiyuan Liu and Xu Liangwei and Xuanlin Li and Yansong Pang and Yao Lu and Yecheng Jason Ma and Yejin Kim and Yevgen Chebotar and Yifan Zhou and Yifeng Zhu and Yilin Wu and Ying Xu and Yixuan Wang and Yonatan Bisk and Yongqiang Dou and Yoonyoung Cho and Youngwoon Lee and Yuchen Cui and Yue Cao and Yueh-Hua Wu and Yujin Tang and Yuke Zhu and Yunchu Zhang and Yunfan Jiang and Yunshuang Li and Yunzhu Li and Yusuke Iwasawa and Yutaka Matsuo and Zehan Ma and Zhuo Xu and Zichen Jeff Cui and Zichen Zhang and Zipeng Fu and Zipeng Lin",G,https://arxiv.org/abs/2310.08864,Cross-embodiment robot demonstration collection; pooled data is not a fixed common evaluation.,primary metadata verified; scope coded from title/abstract evidence,2026-09-20,baseline_163
P126,DROID,2024,DROID: A Large-Scale In-The-Wild Robot Manipulation Dataset,Alexander Khazatsky and Karl Pertsch and Suraj Nair and Ashwin Balakrishna and Sudeep Dasari and Siddharth Karamcheti and Soroush Nasiriany and Mohan Kumar Srirama and Lawrence Yunliang Chen and Kirsty Ellis and Peter David Fagan and Joey Hejna and Masha Itkina and Marion Lepert and Yecheng Jason Ma and Patrick Tree Miller and Jimmy Wu and Suneel Belkhale and Shivin Dass and Huy Ha and Arhan Jain and Abraham Lee and Youngwoon Lee and Marius Memmel and Sungjae Park and Ilija Radosavovic and Kaiyuan Wang and Albert Zhan and Kevin Black and Cheng Chi and Kyle Beltran Hatch and Shan Lin and Jingpei Lu and Jean Mercat and Abdul Rehman and Pannag R Sanketi and Archit Sharma and Cody Simpson and Quan Vuong and Homer Rich Walke and Blake Wulfe and Ted Xiao and Jonathan Heewon Yang and Arefeh Yavary and Tony Z. Zhao and Christopher Agia and Rohan Baijal and Mateo Guaman Castro and Daphne Chen and Qiuyu Chen and Trinity Chung and Jaimyn Drake and Ethan Paul Foster and Jensen Gao and Vitor Guizilini and David Antonio Herrera and Minho Heo and Kyle Hsu and Jiaheng Hu and Muhammad Zubair Irshad and Donovon Jackson and Charlotte Le and Yunshuang Li and Kevin Lin and Roy Lin and Zehan Ma and Abhiram Maddukuri and Suvir Mirchandani and Daniel Morton and Tony Nguyen and Abigail O'Neill and Rosario Scalise and Derick Seale and Victor Son and Stephen Tian and Emi Tran and Andrew E. Wang and Yilin Wu and Annie Xie and Jingyun Yang and Patrick Yin and Yunchu Zhang and Osbert Bastani and Glen Berseth and Jeannette Bohg and Ken Goldberg and Abhinav Gupta and Abhishek Gupta and Dinesh Jayaraman and Joseph J Lim and Jitendra Malik and Roberto Martín-Martín and Subramanian Ramamoorthy and Dorsa Sadigh and Shuran Song and Jiajun Wu and Michael C. Yip and Yuke Zhu and Thomas Kollar and Sergey Levine and Chelsea Finn,G,https://arxiv.org/abs/2403.12945,Distributed real-world manipulation data.,primary metadata verified; scope coded from title/abstract evidence,2026-09-20,baseline_163
P127,BridgeData V2,2023,BridgeData V2: A Dataset for Robot Learning at Scale,Homer Walke and Kevin Black and Abraham Lee and Moo Jin Kim and Max Du and Chongyi Zheng and Tony Zhao and Philippe Hansen-Estruch and Quan Vuong and Andre He and Vivek Myers and Kuan Fang and Chelsea Finn and Sergey Levine,G,https://arxiv.org/abs/2308.12952,Multi-scene manipulation dataset; useful training pool and held-out data design reference.,primary metadata verified; scope coded from title/abstract evidence,2026-09-20,baseline_163
P128,RoboNet,2019,RoboNet: Large-Scale Multi-Robot Learning,Sudeep Dasari and Frederik Ebert and Stephen Tian and Suraj Nair and Bernadette Bucher and Karl Schmeckpeper and Siddharth Singh and Sergey Levine and Chelsea Finn,G,https://arxiv.org/abs/1910.11215,Multi-robot data for visual dynamics and transfer.,primary metadata verified; scope coded from title/abstract evidence,2026-09-20,baseline_163
P129,RH20T,2023,RH20T: A Comprehensive Robotic Dataset for Learning Diverse Skills in One-Shot,Hao-Shu Fang and Hongjie Fang and Zhenyu Tang and Jirong Liu and Chenxi Wang and Junbo Wang and Haoyi Zhu and Cewu Lu,G,https://arxiv.org/abs/2307.00595,Multimodal robot skill demonstrations.,primary metadata verified; scope coded from title/abstract evidence,2026-09-20,baseline_163
P130,ALOHA / ACT,2023,Learning Fine-Grained Bimanual Manipulation with Low-Cost Hardware,Tony Z. Zhao and Vikash Kumar and Sergey Levine and Chelsea Finn,G,https://arxiv.org/abs/2304.13705,Fine manipulation hardware and action-chunking imitation baseline.,primary metadata verified; scope coded from title/abstract evidence,2026-09-20,baseline_163
P131,Mobile ALOHA,2024,Mobile ALOHA: Learning Bimanual Mobile Manipulation with Low-Cost Whole-Body Teleoperation,Zipeng Fu and Tony Z. Zhao and Chelsea Finn,G,https://arxiv.org/abs/2401.02117,Mobile bimanual long-task demonstration and learning.,primary metadata verified; scope coded from title/abstract evidence,2026-09-20,baseline_163
P132,RT-1,2022,RT-1: Robotics Transformer for Real-World Control at Scale,Anthony Brohan and Noah Brown and Justice Carbajal and Yevgen Chebotar and Joseph Dabis and Chelsea Finn and Keerthana Gopalakrishnan and Karol Hausman and Alex Herzog and Jasmine Hsu and Julian Ibarz and Brian Ichter and Alex Irpan and Tomas Jackson and Sally Jesmonth and Nikhil J Joshi and Ryan Julian and Dmitry Kalashnikov and Yuheng Kuang and Isabel Leal and Kuang-Huei Lee and Sergey Levine and Yao Lu and Utsav Malla and Deeksha Manjunath and Igor Mordatch and Ofir Nachum and Carolina Parada and Jodilyn Peralta and Emily Perez and Karl Pertsch and Jornell Quiambao and Kanishka Rao and Michael Ryoo and Grecia Salazar and Pannag Sanketi and Kevin Sayed and Jaspiar Singh and Sumedh Sontakke and Austin Stone and Clayton Tan and Huong Tran and Vincent Vanhoucke and Steve Vega and Quan Vuong and Fei Xia and Ted Xiao and Peng Xu and Sichun Xu and Tianhe Yu and Brianna Zitkovich,G,https://arxiv.org/abs/2212.06817,Large-scale language-conditioned robot control baseline.,primary metadata verified; scope coded from title/abstract evidence,2026-09-20,baseline_163
P133,RT-2,2023,RT-2: Vision-Language-Action Models Transfer Web Knowledge to Robotic Control,Anthony Brohan and Noah Brown and Justice Carbajal and Yevgen Chebotar and Xi Chen and Krzysztof Choromanski and Tianli Ding and Danny Driess and Avinava Dubey and Chelsea Finn and Pete Florence and Chuyuan Fu and Montse Gonzalez Arenas and Keerthana Gopalakrishnan and Kehang Han and Karol Hausman and Alexander Herzog and Jasmine Hsu and Brian Ichter and Alex Irpan and Nikhil Joshi and Ryan Julian and Dmitry Kalashnikov and Yuheng Kuang and Isabel Leal and Lisa Lee and Tsang-Wei Edward Lee and Sergey Levine and Yao Lu and Henryk Michalewski and Igor Mordatch and Karl Pertsch and Kanishka Rao and Krista Reymann and Michael Ryoo and Grecia Salazar and Pannag Sanketi and Pierre Sermanet and Jaspiar Singh and Anikait Singh and Radu Soricut and Huong Tran and Vincent Vanhoucke and Quan Vuong and Ayzaan Wahid and Stefan Welker and Paul Wohlhart and Jialin Wu and Fei Xia and Ted Xiao and Peng Xu and Sichun Xu and Tianhe Yu and Brianna Zitkovich,G,https://arxiv.org/abs/2307.15818,Web-to-robot knowledge transfer; method evidence does not imply universal embodiment.,primary metadata verified; scope coded from title/abstract evidence,2026-09-20,baseline_163
P134,OpenVLA,2024,OpenVLA: An Open-Source Vision-Language-Action Model,Moo Jin Kim and Karl Pertsch and Siddharth Karamcheti and Ted Xiao and Ashwin Balakrishna and Suraj Nair and Rafael Rafailov and Ethan Foster and Grace Lam and Pannag Sanketi and Quan Vuong and Thomas Kollar and Benjamin Burchfiel and Russ Tedrake and Dorsa Sadigh and Sergey Levine and Percy Liang and Chelsea Finn,G,https://arxiv.org/abs/2406.09246,Open VLA baseline relevant to standardized training/evaluation tracks.,primary metadata verified; scope coded from title/abstract evidence,2026-09-20,baseline_163
P135,Octo,2024,Octo: An Open-Source Generalist Robot Policy, Octo Model Team and Dibya Ghosh and Homer Walke and Karl Pertsch and Kevin Black and Oier Mees and Sudeep Dasari and Joey Hejna and Tobias Kreiman and Charles Xu and Jianlan Luo and You Liang Tan and Lawrence Yunliang Chen and Pannag Sanketi and Quan Vuong and Ted Xiao and Dorsa Sadigh and Chelsea Finn and Sergey Levine,G,https://arxiv.org/abs/2405.12213,Generalist policy with adaptation across robot setups.,primary metadata verified; scope coded from title/abstract evidence,2026-09-20,baseline_163
P136,pi0,2024,$π_0$: A Vision-Language-Action Flow Model for General Robot Control,Kevin Black and Noah Brown and Danny Driess and Adnan Esmail and Michael Equi and Chelsea Finn and Niccolo Fusai and Lachy Groom and Karol Hausman and Brian Ichter and Szymon Jakubczak and Tim Jones and Liyiming Ke and Sergey Levine and Adrian Li-Bell and Mohith Mothukuri and Suraj Nair and Karl Pertsch and Lucy Xiaoyang Shi and James Tanner and Quan Vuong and Anna Walling and Haohuan Wang and Ury Zhilinsky,G,https://arxiv.org/abs/2410.24164,Generalist policy including complex manipulation; evaluate with declared training provenance.,primary metadata verified; scope coded from title/abstract evidence,2026-09-20,baseline_163
P137,pi0.5,2025,$π_{0.5}$: a Vision-Language-Action Model with Open-World Generalization,Physical Intelligence and Kevin Black and Noah Brown and James Darpinian and Karan Dhabalia and Danny Driess and Adnan Esmail and Michael Equi and Chelsea Finn and Niccolo Fusai and Manuel Y. Galliker and Dibya Ghosh and Lachy Groom and Karol Hausman and Brian Ichter and Szymon Jakubczak and Tim Jones and Liyiming Ke and Devin LeBlanc and Sergey Levine and Adrian Li-Bell and Mohith Mothukuri and Suraj Nair and Karl Pertsch and Allen Z. Ren and Lucy Xiaoyang Shi and Laura Smith and Jost Tobias Springenberg and Kyle Stachowicz and James Tanner and Quan Vuong and Homer Walke and Anna Walling and Haohuan Wang and Lili Yu and Ury Zhilinsky,G,https://arxiv.org/abs/2504.16054,Open-world generalization policy evidence; not itself a neutral benchmark.,primary metadata verified; scope coded from title/abstract evidence,2026-09-20,baseline_163
P138,Diffusion Policy,2023,Diffusion Policy: Visuomotor Policy Learning via Action Diffusion,Cheng Chi and Zhenjia Xu and Siyuan Feng and Eric Cousineau and Yilun Du and Benjamin Burchfiel and Russ Tedrake and Shuran Song,G,https://arxiv.org/abs/2303.04137,Important visuomotor baseline for continuous and multimodal actions.,primary metadata verified; scope coded from title/abstract evidence,2026-09-20,baseline_163
P139,R3M,2022,R3M: A Universal Visual Representation for Robot Manipulation,Suraj Nair and Aravind Rajeswaran and Vikash Kumar and Chelsea Finn and Abhinav Gupta,G,https://arxiv.org/abs/2203.12601,Human-video representations transferred to downstream robot tasks.,primary metadata verified; scope coded from title/abstract evidence,2026-09-20,baseline_163
P140,VIP,2022,VIP: Towards Universal Visual Reward and Representation via Value-Implicit Pre-Training,Yecheng Jason Ma and Shagun Sodhani and Dinesh Jayaraman and Osbert Bastani and Vikash Kumar and Amy Zhang,G,https://arxiv.org/abs/2210.00030,Video-based representation/reward learning; useful baseline for visual progress.,primary metadata verified; scope coded from title/abstract evidence,2026-09-20,baseline_163
P141,HoloAssist,2023,HoloAssist: an Egocentric Human Interaction Dataset for Interactive AI Assistants in the Real World,Xin Wang and Taein Kwon and Mahdi Rad and Bowen Pan and Ishani Chakraborty and Sean Andrist and Dan Bohus and Ashley Feniello and Bugra Tekin and Felipe Vieira Frujeri and Neel Joshi and Marc Pollefeys,C,https://arxiv.org/abs/2309.17024,Collaborative task assistance with first-person multimodal signals.,primary metadata verified; complete abstract reviewed for this report,2026-09-20,baseline_163
P142,Habitat 3.0,2023,"Habitat 3.0: A Co-Habitat for Humans, Avatars and Robots",Xavier Puig and Eric Undersander and Andrew Szot and Mikael Dallaire Cote and Tsung-Yen Yang and Ruslan Partsey and Ruta Desai and Alexander William Clegg and Michal Hlavac and So Yeon Min and Vladimír Vondruš and Theophile Gervet and Vincent-Pierre Berges and John M. Turner and Oleksandr Maksymets and Zsolt Kira and Mrinal Kalakrishnan and Jitendra Malik and Devendra Singh Chaplot and Unnat Jain and Dhruv Batra and Akshara Rai and Roozbeh Mottaghi,C,https://arxiv.org/abs/2310.13724,Human-robot collaboration and shared environments.,primary metadata verified; scope coded from title/abstract evidence,2026-09-20,baseline_163
P143,PARTNR,2024,PARTNR: A Benchmark for Planning and Reasoning in Embodied Multi-agent Tasks,Matthew Chang and Gunjan Chhablani and Alexander Clegg and Mikael Dallaire Cote and Ruta Desai and Michal Hlavac and Vladimir Karashchuk and Jacob Krantz and Roozbeh Mottaghi and Priyam Parashar and Siddharth Patki and Ishita Prasad and Xavier Puig and Akshara Rai and Ram Ramrakhya and Daniel Tran and Joanne Truong and John M. Turner and Eric Undersander and Tsung-Yen Yang,C,https://arxiv.org/abs/2411.00081,Collaborative household planning and execution.,primary metadata verified; scope coded from title/abstract evidence,2026-09-20,baseline_163
P144,CAP / EgoGym,2026,Contact-Anchored Policies: Contact Conditioning Creates Strong Robot Utility Models,Zichen Jeff Cui and Omar Rayyan and Haritheja Etukuru and Bowen Tan and Zavier Andrianarivo and Zicheng Teng and Yihang Zhou and Krish Mehta and Nicholas Wojno and Kevin Yuanbo Wu and Manan H Anjaria and Ziyuan Wu and Manrong Mao and Guangxun Zhang and Binit Shah and Yejin Kim and Soumith Chintala and Lerrel Pinto and Nur Muhammad Mahi Shafiullah,T,https://arxiv.org/abs/2602.09017,Contact-conditioned robot utility policies; EgoGym is a simulation benchmark for three fundamental manipulation skills.,primary metadata verified; complete abstract reviewed for this report,2026-09-20,baseline_163
P145,NIABench,2026,Assistance Without Interruption: A Benchmark and LLM-based Framework for Non-Intrusive Human-Robot Assistance,Yuedi Zhang and Shuanghao Bai and Wanqi Zhou and Haoran Zhang and Qi Zhang and Zhirong Luan and Badong Chen,C,https://arxiv.org/abs/2605.01368,Non-intrusive assistance jointly evaluates when to help and what to do.,primary metadata verified; complete abstract reviewed for this report,2026-09-20,baseline_163
P146,DexH2R,2025,DexH2R: A Benchmark for Dynamic Dexterous Grasping in Human-to-Robot Handover,Youzhuo Wang and Jiayi Ye and Chuyang Xiao and Yiming Zhong and Heng Tao and Hang Yu and Yumeng Liu and Jingyi Yu and Yuexin Ma,C,https://arxiv.org/abs/2506.23152,Dynamic dexterous human-to-robot handover dataset and evaluation.,primary metadata verified; complete abstract reviewed for this report,2026-09-20,baseline_163
P147,HRIBench,2026,HRIBench: Benchmarking Interaction-Centric Human-Robot Collaboration,Chang Liu and Jiawei Zhang and Tao Zhang and Ye Wang and Hongyu Zhou and Qin Jin,C,https://arxiv.org/abs/2607.13056,"Executable interaction scenarios with instructor, collaborator, and intruder roles; sim-to-real adaptation study.",primary metadata verified; complete abstract reviewed for this report,2026-09-20,baseline_163
P148,Assistax,2025,Assistax: A Multi-Agent Hardware-Accelerated Reinforcement Learning Benchmark for Assistive Robotics,Leonard Hinckeldey and Elliot Fosong and Rimvydas Rubavicius and Elle Miller and Trevor McInroe and Fan Zhang and Patricia Wollstadt and Stefano V. Albrecht and Subramanian Ramamoorthy,C,https://arxiv.org/abs/2507.21638,Assistive robotics with multi-agent accelerated reinforcement-learning evaluation.,primary metadata verified; complete abstract reviewed for this report,2026-09-20,baseline_163
P149,V-JEPA 2,2025,"V-JEPA 2: Self-Supervised Video Models Enable Understanding, Prediction and Planning",Mido Assran and Adrien Bardes and David Fan and Quentin Garrido and Russell Howes and  Mojtaba and  Komeili and Matthew Muckley and Ammar Rizvi and Claire Roberts and Koustuv Sinha and Artem Zholus and Sergio Arnaud and Abha Gejji and Ada Martin and Francois Robert Hogan and Daniel Dugas and Piotr Bojanowski and Vasil Khalidov and Patrick Labatut and Francisco Massa and Marc Szafraniec and Kapil Krishnakumar and Yong Li and Xiaodong Ma and Sarath Chandar and Franziska Meier and Yann LeCun and Michael Rabbat and Nicolas Ballas,W,https://arxiv.org/abs/2506.09985,Predictive representations with planning evaluation; video prediction quality and control utility differ.,primary metadata verified; scope coded from title/abstract evidence,2026-09-20,baseline_163
P150,DreamDojo,2026,DreamDojo: A Generalist Robot World Model from Large-Scale Human Videos,"Shenyuan Gao and William Liang and Kaiyuan Zheng and Ayaan Malik and Seonghyeon Ye and Sihyun Yu and Wei-Cheng Tseng and Yuzhu Dong and Kaichun Mo and Chen-Hsuan Lin and Qianli Ma and Seungjun Nah and Loic Magne and Jiannan Xiang and Yuqi Xie and Ruijie Zheng and Dantong Niu and You Liang Tan and K. R. Zentner and George Kurian and Suneel Indupuru and Pooya Jannaty and Jinwei Gu and Jun Zhang and Jitendra Malik and Pieter Abbeel and Ming-Yu Liu and Yuke Zhu and Joel Jang and Linxi ""Jim"" Fan",W,https://arxiv.org/abs/2602.06949,Robot world model using human video; assess action-conditioned fidelity and task utility separately.,primary metadata verified; scope coded from title/abstract evidence,2026-09-20,baseline_163
P151,H2R-Bench,2026,H2R-Bench: Benchmarking Human-to-Robot Manipulation Video Generation in World Models,Dingyi Rong and Yue Shi and Chaofan Ma and Jiezhang Cao and Zongrui Wang and Zeyu Zhang and Yao Mu and Guangtao Zhai and Ning Liu,W,https://arxiv.org/abs/2608.13049,Human-to-robot video generation benchmark; rendered goal completion does not establish physical execution.,primary metadata verified; complete abstract reviewed for this report,2026-09-20,baseline_163
P152,RoboWM-Bench,2026,RoboWM-Bench: A Benchmark for Evaluating World Models in Robotic Manipulation,Feng Jiang and Yang Chen and Kyle Xu and Yuchen Liu and Haifeng Wang and Zhenhao Shen and Jasper Lu and Shengze Huang and Yuanfei Wang and Chen Xie and Ruihai Wu,W,https://arxiv.org/abs/2604.19092,Converts generated videos to embodied actions and evaluates physical executability in simulation.,primary metadata verified; complete abstract reviewed for this report,2026-09-20,baseline_163
P153,EgoExo-Gen,2025,EgoExo-Gen: Ego-centric Video Prediction by Watching Exo-centric Videos,Jilan Xu and Yifei Huang and Baoqi Pei and Junlin Hou and Qingqiu Li and Guo Chen and Yuejie Zhang and Rui Feng and Weidi Xie,W,https://arxiv.org/abs/2504.11732,Egocentric video prediction from exocentric observations.,primary metadata verified; scope coded from title/abstract evidence,2026-09-20,baseline_163
P154,Hand-conditioned ego predictive model,2025,Ego-centric Predictive Model Conditioned on Hand Trajectories,Binjie Zhang and Mike Zheng Shou,W,https://arxiv.org/abs/2508.19852,Egocentric predictive model conditioned on hand trajectories.,primary metadata verified; scope coded from title/abstract evidence,2026-09-20,baseline_163
P155,EgoExo-WM,2026,EgoExo-WM: Unlocking Exo Video for Ego World Models,Danny Tran and Roberto Martín-Martín and Kristen Grauman,W,https://arxiv.org/abs/2605.15477,Exocentric video for egocentric world modeling.,primary metadata verified; scope coded from title/abstract evidence,2026-09-20,baseline_163
P156,Egocentric survey,2025,Challenges and Trends in Egocentric Vision: A Survey,Xiang Li and Heqian Qiu and Lanxiao Wang and Hanwen Zhang and Chenghao Qi and Linfeng Han and Huiyu Xiong and Hongliang Li,S,https://arxiv.org/abs/2503.15275,Broad egocentric vision survey used for discovery and scope checks.,canonical primary-source metadata verified; abstract available in source_metadata.json,2026-09-20,baseline_163
P157,Human-video robot learning survey,2026,Robot Learning from Human Videos: A Survey,Junyi Ma and Erhang Zhang and Haoran Yang and Ditao Li and Chenyang Xu and Guangming Wang and Hesheng Wang,S,https://arxiv.org/abs/2604.27621,Survey of human-video robot learning; discovery/reference role rather than an executable benchmark.,canonical primary-source metadata verified; abstract available in source_metadata.json,2026-09-20,baseline_163
P158,VLA benchmark survey,2026,"Vision-Language-Action in Robotics: A Survey of Datasets, Benchmarks, and Data Engines",Ziyao Wang and Bingying Wang and Hanrong Zhang and Tingting Du and Tianyang Chen and Guoheng Sun and Yexiao He and Zheyu Shen and Wanghao Ye and Ang Li,S,https://arxiv.org/abs/2604.23001,"Survey of datasets, benchmarks, and data engines for VLA robotics.",canonical primary-source metadata verified; abstract available in source_metadata.json,2026-09-20,baseline_163
P159,tinyBenchmarks,2024,tinyBenchmarks: evaluating LLMs with fewer examples,Felipe Maia Polo and Lucas Weber and Leshem Choshen and Yuekai Sun and Gongjun Xu and Mikhail Yurochkin,S,https://arxiv.org/abs/2402.14992,Item-response/adaptive-evaluation inspiration; applying it to robotics is a proposal.,primary metadata verified; complete abstract reviewed for this report,2026-09-20,baseline_163
P160,Rliable,2021,Deep Reinforcement Learning at the Edge of the Statistical Precipice,Rishabh Agarwal and Max Schwarzer and Pablo Samuel Castro and Aaron Courville and Marc G. Bellemare,S,https://arxiv.org/abs/2108.13264,Statistical evaluation methodology; supports confidence intervals and robust aggregates.,primary metadata verified; complete abstract reviewed for this report,2026-09-20,baseline_163
P161,First-person prediction survey,2021,Predicting the Future from First Person (Egocentric) Vision: A Survey,Ivan Rodin and Antonino Furnari and Dimitrios Mavroedis and Giovanni Maria Farinella,S,https://arxiv.org/abs/2107.13411,Dedicated survey of forecasting from first-person vision.,primary metadata verified; scope coded from title/abstract evidence,2026-09-20,baseline_163
P162,Egocentric hands survey,2019,Analysis of the hands in egocentric vision: A survey,Andrea Bandini and José Zariffa,S,https://arxiv.org/abs/1912.10867,Survey of hand analysis in first-person vision.,primary metadata verified; scope coded from title/abstract evidence,2026-09-20,baseline_163
P163,Ego-exo collaboration survey,2025,Bridging Perspectives: A Survey on Cross-view Collaborative Intelligence with Egocentric-Exocentric Vision,Yuping He and Yifei Huang and Guo Chen and Lidong Lu and Baoqi Pei and Jilan Xu and Tong Lu and Yoichi Sato,S,https://arxiv.org/abs/2506.06253,Survey connecting first-person and third-person collaborative visual intelligence.,primary metadata verified; scope coded from title/abstract evidence,2026-09-20,baseline_163
P164,The Imitator Game,2026,The Imitator Game: Benchmarking Robot Imitative Ability Beyond Action Prediction,Xunzhe Zhou and Yiyang Cai and Fengyi Wang and Ran Ju and Hanxiang Ren and Ruizhe Liu and Yu Zhang and Qian Luo and Feng Chen and Pei Zhou and Yi Ma and Yanchao Yang,T,https://arxiv.org/abs/2608.22301,"Shared human-to-robot imitation levels, multiple application domains and garment tasks. Full-text limitations include one substitution pattern per task-level pair.",primary metadata and complete abstract checked; selected sections checked for Imitator Game and LIBERO-Recover,2026-09-21,supplement_2026_09_21
P165,LIBERO-Recover,2026,LIBERO-RECOVER: Beyond Task Success Towards Failure Recovery in Robotic Manipulation Models,Lin Liu and Zhicheng Bao and Lu Zhang and Ziying Song and Wu Yang and Yuzheng Zhuang and Shuai Tao and Wulong Liu and Caiyan Jia and Huchuan Lu,R,https://arxiv.org/abs/2609.05178,Failure-state recovery benchmark derived from LIBERO. Recovery scenarios are not independent new task families.,primary metadata and complete abstract checked; selected sections checked for Imitator Game and LIBERO-Recover,2026-09-21,supplement_2026_09_21
P166,SafeVLA-Bench,2026,SafeVLA-Bench: A Benchmark for the Success-Safety Gap in Vision-Language-Action Models,Jialiang Fan and Weizhe Xu and Oleg Sokolsky and Insup Lee and Fanxin Kong,R,https://arxiv.org/abs/2606.00773,Post-hoc task-aware trajectory constraint evaluation; reports goal success and unsafe-success metrics separately.,primary metadata and complete abstract checked; selected sections checked for Imitator Game and LIBERO-Recover,2026-09-21,supplement_2026_09_21
P167,DexGarmentLab,2025,DexGarmentLab: Dexterous Garment Manipulation Environment with Generalizable Policy,Yuran Wang and Ruihai Wu and Yue Chen and Jiarui Wang and Jiaqi Liang and Ziyu Zhu and Haoran Geng and Jitendra Malik and Pieter Abbeel and Hao Dong,D,https://arxiv.org/abs/2505.11032,"Dexterous bimanual garment environment, assets and generated demonstrations; garment task presence alone is not a new contribution.",primary metadata and complete abstract checked; selected sections checked for Imitator Game and LIBERO-Recover,2026-09-21,supplement_2026_09_21
P168,"HRIBench (perception, 2025)",2025,HRIBench: Benchmarking Vision-Language Models for Real-Time Human Perception in Human-Robot Interaction,Zhonghao Shi and Enyu Zhao and Nathaniel Dennler and Jingzhen Wang and Xinyang Xu and Kaleen Shrestha and Mengxue Fu and Daniel Seita and Maja Matarić,Q,https://arxiv.org/abs/2506.20566,Human-perception VQA and latency evaluation; distinct from the 2026 interaction-centric HRIBench and not equivalent to task execution.,primary metadata and complete abstract checked; selected sections checked for Imitator Game and LIBERO-Recover,2026-09-21,supplement_2026_09_21
P169,X2Real,2026,X2Real: an eXtensive simulation benchmark for real-world generalist policies,"Ruan, Lian and Yang, Jade and Gao, Sherphylan and Gao, Felix and Liang, Kyson and Liu, Galen and Wu, Ligo and Jin, Lane and Gu, Guu and Xie, Bevan and Yan, Cloud and Yuan, Zongzi and Luo, Kino and Chen, Emma and Chen, Shuwen and Ping, Yang and Guo, Miles and Sun, Rain and Zhang, Kayden and Du, Alex and Wu, Ruihai and Hao, Liang and Li, Zhaoshuo and Gan, Roy and Wang, Hao and Wang, Qian",M,https://arxiv.org/abs/2609.27449,44個長流程操作任務、10能力維度及sim-to-real評測；能力維度不是應用場域，手臂與訓練資訊約定須分層。,primary metadata verified and complete abstract reviewed; no complete full-text audit,2026-09-25,supplement_2026_09_25
P170,MotionForge,2026,MotionForge: A Data Generation Pipeline and Large-Scale Benchmark for Long-Horizon Manipulation of Dynamic Objects with Domain Shifts,"Liu, Mohan and Mei, Dengchen and Xian, Haotian and Han, Ruyang and Sun, Jiayi and Chen, Xuanyu and Zhang, Haitian and Li, Luxi and Mao, Kaimin and Wang, Lin",M,https://arxiv.org/abs/2609.25689,40個動態互動任務，含17個長流程任務；環境隨推論時間持續演化，提示我們須量測延遲而非暫停世界等答案。,primary metadata verified and complete abstract reviewed; no complete full-text audit,2026-09-25,supplement_2026_09_25
P171,Bench2Dex,2026,Bench2Dex: Benchmarking Visuo-Tactile Bimanual Dexterous Manipulation Across Dexterous Hands,"Yang, Zhenjie and Zhang, Yideng and Zhang, Dongjie and Jiang, Chenyu and Liu, Xianshuai and Li, Yufeng and Ge, Zuhao and Jiao, Xingyu and Zhang, Zheng and He, Kaiyu and Wang, He and Zhong, Yuwen and Deng, Yi and Jiang, Muyun and Huang, Xianliang and Su, Haisheng and Zhang, Donghang and Zhang, Jian and Yang, Xue and Li, Hongyang and Wu, Zuxuan and Jiang, Yu-Gang and Jia, Xiaosong and Yan, Junchi",M,https://arxiv.org/abs/2609.15726,26項雙手操作跨12種靈巧手，提供共用接觸影像介面；模擬觸覺不等同特定實體感測器。,primary metadata verified and complete abstract reviewed; no complete full-text audit,2026-09-25,supplement_2026_09_25
P172,LabUtopia,2025,LabUtopia: High-Fidelity Simulation and Hierarchical Benchmark for Scientific Embodied Agents,"Li, Rui and Hu, Zixuan and Qu, Wenxi and Zhang, Jinouwen and Yin, Zhenfei and Zhang, Sha and Huang, Xuantuo and Wang, Hanqing and Wang, Tai and Pang, Jiangmiao and Ouyang, Wanli and Bai, Lei and Zuo, Wangmeng and Duan, Ling-Yu and Zhou, Dongzhan and Tang, Shixiang",M,https://arxiv.org/abs/2505.22634,30項科學實驗室任務，含五層複雜度與200多項場景／儀器資產；化學或多物理主張要再核對具體實作。,primary metadata verified and complete abstract reviewed; no complete full-text audit,2026-09-25,supplement_2026_09_25
P173,LabDex,2026,LabDex: A Hierarchical Benchmark for Dexterous Manipulation in Laboratories,"Tang, Zhipeng and Chen, Sihang and Zhang, Sha and Yang, Peihao and Liu, Yan and Zhao, Wentao and Liu, Xinrui and Huang, Rui and Du, Wensheng and Huang, Yuting and Deng, Jiajun and Wang, Lidian and Zhang, Yuan and Zhang, Yanyong",M,https://arxiv.org/abs/2608.18618,把實驗室靈巧操作分為原子技能、組合技能、完整實驗；真實與模擬共用框架，摘要沒有可歸一的總題數。,primary metadata verified and complete abstract reviewed; no complete full-text audit,2026-09-25,supplement_2026_09_25
P174,Labimus,2026,Labimus: A Simulation and Benchmark for Humanoid Dexterous Manipulation in Chemical Laboratory,"Wu, Yuhan and Jin, Zhao and Li, Tao and Zhang, Yuheng and Wang, Zhichao and Wang, Shuo and Jiang, Jun and Li, Xiaobo and Zhang, Yanyong and Tang, Jian and Che, Zhengping and Xia, Yan",M,https://arxiv.org/abs/2606.31037,人形靈巧實驗室操作，六項原子操作及七步秤重流程；顆粒、儀器讀值與量測誤差不能只用終態成功替代。,primary metadata verified and complete abstract reviewed; no complete full-text audit,2026-09-25,supplement_2026_09_25
P175,Pipette,2026,"Pipette: An Embodied Simulation Platform, Benchmark, and Data-Efficient Augmentation Framework for Wet-Lab Robotics","Liu, Zhe and Jin, Huanbo and Du, Zhaohui and Wang, Zhe and Zhou, Dongzhan and Pan, Minting and Xu, He and Li, Peijia and Gu, Jiaming and Lu, Quan and Wang, Qi and Ji, Bin and Xiao, Ting",M,https://arxiv.org/abs/2606.12936,12項wet-lab任務、三種手臂及100多件可編輯資產；示範增強產物與新的任務種類分開計數。,primary metadata verified and complete abstract reviewed; no complete full-text audit,2026-09-25,supplement_2026_09_25
P176,AutoBio,2025,AutoBio: A Simulation and Benchmark for Robotic Automation in Digital Biology Laboratory,"Lan, Zhiqian and Jiang, Yuxuan and Wang, Ruiqi and Xie, Xuanbing and Zhang, Rongkui and Zhu, Yicheng and Li, Peihang and Yang, Tianshuo and Chen, Tianxing and Gao, Haoyu and Yang, Xiaokang and Li, Xuelong and Zhang, Hongyuan and Mu, Yao and Luo, Ping",M,https://arxiv.org/abs/2505.14030,生物實驗室的精密、視覺和程序操作；原比較表已有16項全庫與9項受測子集，本次補入統一書目。,primary metadata verified and complete abstract reviewed; no complete full-text audit,2026-09-25,supplement_2026_09_25
P177,H2RBench（human transfer）,2026,H2RBench: A Real-to-Sim Benchmark for Evaluating Human-to-Robot Transfer,"Xiao, Chuyang and Zhan, Haotian and Krishna, Sriram and Meng, Peilin and Irshad, Muhammad Zubair and Zakharov, Sergey and Held, David",T,https://arxiv.org/abs/2609.24778,四項Real2Sim人類到機器人轉移任務，控制人類示範量与robot監督；與世界模型文獻H2R-Bench為不同工作。,primary metadata verified and complete abstract reviewed; no complete full-text audit,2026-09-25,supplement_2026_09_25
P178,RoboRecover,2026,RoboRecover: Benchmarking Robot Policy Recovery under Execution Deviations,"Li, Yang and Zhao, Chen and Wang, Zhuoran and Wang, Jiankang and Shao, Chao and Lin, Yihan and Shen, Haitao and Zhang, Jing",R,https://arxiv.org/abs/2609.28952,"RoboTwin與LIBERO各1,000個恢復情境，各用800／200切分；動作前綴重播重建偏離狀態，不是2,000種新工作。",primary metadata verified and complete abstract reviewed; no complete full-text audit,2026-09-25,supplement_2026_09_25
P179,REBOOT,2026,REBOOT: From Failure to Recovery - A Dataset and Benchmark for Precision Assembly,"Ofori-Ampofo, Nana Yaw Owusu and Kahou, Samira Ebrahimi and Thekinen, Joseph",R,https://arxiv.org/abs/2609.22591,"18項精密装配及2,160份示範，把取件／運送／裝入分成五階段；成敗與專家恢復軌跡均保留，示範不當題型。",primary metadata verified and complete abstract reviewed; no complete full-text audit,2026-09-25,supplement_2026_09_25
P180,SafeManip,2026,SafeManip: A Property-Driven Benchmark for Temporal Safety Evaluation in Robotic Manipulation,"Huang, Chengyue and Huynh, Khang Vo and Elbaum, Sebastian and Kira, Zsolt and Feng, Lu",R,https://arxiv.org/abs/2605.12386,在50項RoboCasa365任務上用八類LTLf性質檢查完整過程；這是可重用評測層，不新增50個獨立任務。,primary metadata verified and complete abstract reviewed; no complete full-text audit,2026-09-25,supplement_2026_09_25
P181,RoboFolDeX,2026,RoboFolDeX: A Physical-World Benchmark for Long-Horizon Robotic Manipulation of Deformable Objects,"Liu, Chenhuan and Xu, Yi and Wu, Feng and Wang, Hanyang and Kuai, Wenxiao and Ding, Weihao and Wang, Shan and Liu, Yang and Gao, Shuyong and Zhang, Wenqiang",D,https://arxiv.org/abs/2609.10243,"以真實衣物摺疊為主，報告2,000多小時、20多項任務與10多種機體；資料全庫與外部提交的實際評測集合分開。",primary metadata verified and complete abstract reviewed; no complete full-text audit,2026-09-25,supplement_2026_09_25
P182,SoftVTBench,2026,SoftVTBench: A Deformation-Aware Visuo-Tactile Dataset and Benchmark for Deformable-Object Manipulation,"Jing, Bowen and Wang, Mingxin and Hao, Ruiyang and Ge, Chenchen and Shen, Hanwen and He, Junjie and Cui, Yang and Hou, Yiming and Zhou, Weitao and Wang, Jiawei and Li, Minglei and Zhang, Dandan and Zhao, Ding and Liu, Houde and Li, Xiaofan and Liu, Si and Luo, Ping and Yu, Haibao",D,https://arxiv.org/abs/2608.18701,"4,000專家示範、50多件柔性與剛性對照資產，分開公開觸覺和evaluator-only FEM狀態；以形變限制後的成功評測。",primary metadata verified and complete abstract reviewed; no complete full-text audit,2026-09-25,supplement_2026_09_25
P183,WireCraft,2026,WireCraft: A Simulation Benchmark for Industrial DLO Manipulation,"Zhu, Chongyu and ElMallah, Ramy and Kim, Hyegang and Tang, Zachary and Rao, Jiachen and Arutyunov, Artem and Ha, Seungyeon and Lee, Chi-Guhn",D,https://arxiv.org/abs/2606.18097,工業線材的接頭插入、卡扣佈線與槽內安置三家族；關節鏈與連續柔性模型分開，原文說明程式待接受後釋出。,primary metadata verified and complete abstract reviewed; no complete full-text audit,2026-09-25,supplement_2026_09_25
P184,DLO-Lab,2026,DLO-Lab: Benchmarking Deformable Linear Object Manipulations with Differentiable Physics,"Cao, Junyi and Wang, Yian and Xiong, Ziyan and Lin, Chunru and Chen, Zhehuan and Gan, Chuang",D,https://arxiv.org/abs/2606.04206,可微線材模擬涵蓋伸長、彈性、彎曲塑性與拓撲困難；可借鑑抓點／材料設計，摘要不足以確定總任務數。,primary metadata verified and complete abstract reviewed; no complete full-text audit,2026-09-25,supplement_2026_09_25
P185,RGBench,2025,Real Garment Benchmark (RGBench): A Comprehensive Benchmark for Robotic Garment Manipulation featuring a High-Fidelity Scalable Simulator,"Hu, Wenkang and Tang, Xincheng and E, Yanzhi and Li, Yitong and Shu, Zhengjie and Li, Wei and Wang, Huamin and Yang, Ruigang",D,https://arxiv.org/abs/2511.06434,"6,000多衣物mesh與真實衣物動態的模擬品質評測；資產規模與完成操作的任務數是不同軸。",primary metadata verified and complete abstract reviewed; no complete full-text audit,2026-09-25,supplement_2026_09_25
P186,BiFold,2025,BiFold: Bimanual Cloth Folding with Language Guidance,"Barbany, Oriol and Colomé, Adrià and Torras, Carme",D,https://arxiv.org/abs/2501.16458,用文字條件產生雙手摺衣動作，另提供語言與動作配對資料；指令、衣物與環境泛化要各自切分。,primary metadata verified and complete abstract reviewed; no complete full-text audit,2026-09-25,supplement_2026_09_25
P187,SSFold,2024,SSFold: Learning to Fold Arbitrary Crumpled Cloth Using Graph Dynamics from Human Demonstration,"Zhou, Changshi and Xu, Haichuan and Hu, Jiarui and Luan, Feng and Wang, Zhipeng and Dong, Yanchao and Zhou, Yanmin and He, Bin",D,https://arxiv.org/abs/2411.02608,從皺褶布料到四種目標摺形，結合可見圖結構與人類示範；將整理和摺疊一起驗證，而非只從平布開始。,primary metadata verified and complete abstract reviewed; no complete full-text audit,2026-09-25,supplement_2026_09_25
P188,DRAPER,2024,DRAPER: Towards a Robust Robot Deployment and Reliable Evaluation for Quasi-Static Pick-and-Place Cloth-Shaping Neural Controllers,"Kadi, Halid Abdulrahim and Chandy, Jose Alex and Figueredo, Luis and Terzić, Kasim and Caleb-Solly, Praminda",D,https://arxiv.org/abs/2409.15159,比較布料控制器時處理誤抓與多層抓取，控制實體設定及感知差異；提供判分與跨平台可比性的直接設計依據。,primary metadata verified and complete abstract reviewed; no complete full-text audit,2026-09-25,supplement_2026_09_25
P189,GPT-Fabric,2024,GPT-Fabric: Smoothing and Folding Fabric by Leveraging Pre-Trained Foundation Models,"Raval, Vedant and Zhao, Enyu and Zhang, Hejia and Nikolaidis, Stefanos and Seita, Daniel",D,https://arxiv.org/abs/2406.09640,以既有模型決定抓取與拉動來整平／摺布，另做少量實體rollout；rollout數不可當新任務種類。,primary metadata verified and complete abstract reviewed; no complete full-text audit,2026-09-25,supplement_2026_09_25
P190,UniGarmentManip,2024,UniGarmentManip: A Unified Framework for Category-Level Garment Manipulation via Dense Visual Correspondence,"Wu, Ruihai and Lu, Haoran and Wang, Yiyan and Wang, Yubo and Dong, Hao",D,https://arxiv.org/abs/2405.06903,用類別內密集對應支援展開、摺疊、懸掛，涵蓋三類衣物和三代表任務；對應與控制成功需分項評估。,primary metadata verified and complete abstract reviewed; no complete full-text audit,2026-09-25,supplement_2026_09_25
P191,ClothesNet,2023,ClothesNet: An Information-Rich 3D Garment Model Repository with Simulated Clothes Environment,"Zhou, Bingyang and Zhou, Haoyu and Liang, Tianhai and Yu, Qiaojun and Zhao, Siheng and Zeng, Yuwei and Lv, Jun and Luo, Siyuan and Wang, Qiancai and Yu, Xinyuan and Chen, Haonan and Lu, Cewu and Shao, Lin",D,https://arxiv.org/abs/2308.09987,"約4,400衣物模型、11類與邊界／關鍵點標註，另提供整理、摺疊、懸掛和穿戴環境；mesh數不能等同操作題數。",primary metadata verified and complete abstract reviewed; no complete full-text audit,2026-09-25,supplement_2026_09_25
P192,Phys-Liquid,2025,Phys-Liquid: A Physics-Informed Dataset for Estimating 3D Geometry and Volume of Transparent Deformable Liquids,"Ma, Ke and Fang, Yizhou and Weibel, Jean-Baptiste and Tan, Shuai and Wang, Xinggang and Xiao, Yang and Fang, Yi and Xia, Tian",D,https://arxiv.org/abs/2511.11077,"97,200模擬影像和3D液體mesh用於形狀／體積估計；主要評測是感知，不能據此宣稱完整倒液控制。",primary metadata verified and complete abstract reviewed; no complete full-text audit,2026-09-25,supplement_2026_09_25
P193,GRIP,2025,GRIP: A General Robotic Incremental Potential Contact Simulation Dataset for Unified Deformable-Rigid Coupled Grasping,"Ma, Siyu and Du, Wenxin and Yu, Chang and Jiang, Ying and Zong, Zeshun and Xie, Tianyi and Chen, Yunuo and Yang, Yin and Han, Xuchen and Jiang, Chenfanfu",D,https://arxiv.org/abs/2503.05020,"1,200物件與100,000抓取姿態的軟硬耦合IPC資料；抓姿、物件與完整工作任務分別計數。",primary metadata verified and complete abstract reviewed; no complete full-text audit,2026-09-25,supplement_2026_09_25
P194,Cloth gripper interface,2026,A Simple Gripper Interface for Simulator-Agnostic Cloth Manipulation,"Nayak, Abhilash and Coltraro, Franco and Alberich-Carramiñana, Maria and Torras, Carme",D,https://arxiv.org/abs/2609.29340,以位置約束近似布料抓取，可跨模擬器實作；省略夾爪摩擦接觸，適合作為有明確保真邊界的接口對照。,primary metadata verified and complete abstract reviewed; no complete full-text audit,2026-09-25,supplement_2026_09_25
P195,World models for unfolding,2026,Learning to unfold cloth: Scaling up world models to deformable object manipulation,"Rome, Jack and James, Stephen and Ramamoorthy, Subramanian",D,https://arxiv.org/abs/2602.16675,修改DreamerV2並使用表面法線做空中展布，含模擬與實體轉移；世界模型價值應透過真實操作結果檢驗。,primary metadata verified and complete abstract reviewed; no complete full-text audit,2026-09-25,supplement_2026_09_25
P196,Deform360,2026,Deform360: A Massive Multi-view Visuotactile Dataset for Deformable World Models,"Li, Hongyu and Fu, Wanjia and Cong, Xiaoyan and Li, Zekun and Huang, Binghao and Jiang, Hanxiao and He, Xintong and Liang, Yiqing and Fu, Rao and Lu, Tao and Sridhar, Srinath and Smith, Kevin A. and Konidaris, George and Li, Yunzhu",D,https://arxiv.org/abs/2607.05390,"198物件、1,980互動序列、41相機及雙手觸覺觀測，用於2D／3D動態模型比較；資料時數不直接當控制題數。",primary metadata verified and complete abstract reviewed; no complete full-text audit,2026-09-25,supplement_2026_09_25
P197,EgoSim / MultiEgoView,2025,EgoSim: An Egocentric Multi-view Simulator and Real Dataset for Body-worn Cameras during Motion and Activity,"Hollidt, Dominik and Streli, Paul and Jiang, Jiaxi and Haghighi, Yasaman and Qian, Changlin and Liu, Xintong and Holz, Christian",V,https://arxiv.org/abs/2502.18373,六個身體佩戴位置的相機，119小時合成與5小時真實資料；人體／相機合成影片不能標成真人原始錄製。,primary metadata verified and complete abstract reviewed; no complete full-text audit,2026-09-25,supplement_2026_09_25
P198,TACO,2024,TACO: Benchmarking Generalizable Bimanual Tool-ACtion-Object Understanding,"Liu, Yun and Yang, Haolin and Si, Xu and Liu, Ling and Li, Zipeng and Zhang, Yuxiang and Liu, Yebin and Yi, Li",V,https://arxiv.org/abs/2401.08399,"約2,500雙手工具—動作—物件序列，含ego/exo與3D標註；識別、動作預測及合作抓取生成不等於機器人完成率。",primary metadata verified and complete abstract reviewed; no complete full-text audit,2026-09-25,supplement_2026_09_25
P199,OpenEgo,2025,OpenEgo: A Large-Scale Multimodal Egocentric Dataset for Dexterous Manipulation,"Jawaid, Ahad and Xiang, Yu",V,https://arxiv.org/abs/2509.05513,"整合六個既有來源，報告1,107小時與290種人類操作活動；其來源相依、姿態及語言標準化需保留，不能重複累加原集。",primary metadata verified and complete abstract reviewed; no complete full-text audit,2026-09-25,supplement_2026_09_25
P200,SABER,2026,SABER: A Scalable Action-Based Embodied Dataset for Real-World VLA Adaptation,"Menga, Narsimha and Sakurikar, Parikshit and Rouhi, Amirreza and Reddy, Satya Sai and Govil, Anirudh and Chittajallu, Sri Harsha and Aggarwal, Rajat and Namboodiri, Anoop and Reddi, Sashi",V,https://arxiv.org/abs/2605.09613,商店頭戴與外部360影片形成三種動作表示，共44.8K訓練樣本；同一錄製的不同表示不是獨立人類經驗。,primary metadata verified and complete abstract reviewed; no complete full-text audit,2026-09-25,supplement_2026_09_25
P201,EgoSAT,2026,EgoSAT: A Comprehensive Benchmark of Egocentric Streaming Interaction Understanding,"Lei, Yijia and Li, Jinzhao and Zhang, Yichi and Hua, Jiacheng and Li, Yin and Liu, Miao",Q,https://arxiv.org/abs/2606.24422,"以串流方式整合過去、現在與未來QA，約4,800題／1,997影片；只允許已觀測前綴並區分可回答性。",primary metadata verified and complete abstract reviewed; no complete full-text audit,2026-09-25,supplement_2026_09_25
P202,EgoMonth,2026,EgoMonth: A Month-Level Egocentric Video Benchmark for Long-Term Spatiotemporal Memory,"Chen, Weitao and Jiaxin, Hu and Tianyidan, Xie and Li, Yang and Qian, Yuyi and Xu, Banghao and Tang, Ziheng and Wang, Shenyi and Yu, Mingyue and Li, Duo and Shi, Jiacheng and Wang, Gao and Xu, Zhan and Qiu, Zhicheng and Li, Xuanfu and Yang, Jian and Wang, Lanjun and Yi, Zili",Q,https://arxiv.org/abs/2608.13113,"20位參與者跨20–120天，300多小時與1,443題；14種認知題型不是14種可執行物理工作。",primary metadata verified and complete abstract reviewed; no complete full-text audit,2026-09-25,supplement_2026_09_25
P203,EGOSTREAM,2026,EGOSTREAM: A Diagnostic Benchmark for Streaming Episodic Memory in Egocentric Vision,"Forte, Rosario and Lando, Giuseppe and Furnari, Antonino",Q,https://arxiv.org/abs/2605.31557,"2,250問題展成8,528個不同召回時間評測；答案有效時間窗把模型遺忘與世界本身變化分開。",primary metadata verified and complete abstract reviewed; no complete full-text audit,2026-09-25,supplement_2026_09_25
P204,S-EMBER,2026,S-EMBER: A Large-Scale Benchmark for Streaming Egocentric Memory Retrieval,"Wang, Xiaodong and Zhao, Xuanyi and Rodriguez, Pedro and Sachan, Devendra Singh and Oguz, Barlas and Moon, Seungwhan and Li, Shang-Wen and Ghosh, Gargi and Dong, Xin and Yih, Wen-Tau",Q,https://arxiv.org/abs/2607.02689,"388小時、3,141個智慧眼鏡影片與9,448個具時間證據QA；因果串流檢索與離線任意看未來不同。",primary metadata verified and complete abstract reviewed; no complete full-text audit,2026-09-25,supplement_2026_09_25
P205,CapMem,2026,CapMem: A Benchmark for Caption-Based Episodic Memory in Egocentric Video,"Liang, Dingli and Xie, Yiqiao and Huang, Yukai and Wang, Zhaokai and Cai, Weitong and Feng, Guangwen and Song, Jifei and Zhang, Zhensong and Zhang, Hang",Q,https://arxiv.org/abs/2609.17688,"75影片、33.7小時與1,000題，檢查文字caption記憶；比較時須對齊影格預算和實際影片涵蓋量。",primary metadata verified and complete abstract reviewed; no complete full-text audit,2026-09-25,supplement_2026_09_25
P206,EmbodiedMemory-Bench,2026,EmbodiedMemory-Bench: Benchmarking Embodied Memory for Long-Horizon Embodied Tasks,"Liang, Lizhou and Zhong, Xinyu and Pan, Miao and Zhou, Xiaohe and Liu, Xuanyu and Li, Qinfeng and Li, Peng and Chen, Jintao and Zhang, Xuhong and Zhang, Wenqi",Q,https://arxiv.org/abs/2609.28236,"2,554互動episodes、四記憶家族，先互動建立記憶再用行動完成後續任務；摘要不足以推定連續機器人控制保真度。",primary metadata verified and complete abstract reviewed; no complete full-text audit,2026-09-25,supplement_2026_09_25
P207,EgoCoT-Bench,2026,EgoCoT-Bench: Benchmarking Grounded and Verifiable Operation-Centric Chain of Thought Reasoning for MLLMs,"Dai, Yang and Jiao, Dian and Lin, Tianwei and Zhang, Wenqiao",Q,https://arxiv.org/abs/2605.19559,"351影片及3,172個可核對QA，檢查答案與時空證據一致性；對應我們的可公開理由／證據，不要求模型私有思考。",primary metadata verified and complete abstract reviewed; no complete full-text audit,2026-09-25,supplement_2026_09_25
P208,DYAD,2026,DYAD: A Multimodal Dataset of Co-Located Human Assistance,"Ajikumar, Akhil and Qorbani, Mahya and Reza, Sakib and Andrist, Sean and Moghaddam, Mohsen",C,https://arxiv.org/abs/2609.09023,20個齒輪箱裝配合作session，連結請求、介入、動作階段與結果；人類協助資料不等於已控制機器人完成合作。,primary metadata verified and complete abstract reviewed; no complete full-text audit,2026-09-25,supplement_2026_09_25
P209,HUI360,2026,HUI360: A 360{\deg} Egocentric Dataset and Baselines for Human-Robot Interaction Anticipation,"Lorenzo-Louis, Raphael and Amadio, Fabio and Luvison, Bertrand and Ivaldi, Serena",C,https://arxiv.org/abs/2608.11051,移動機器人視角的360互動預測與百萬級標註；這是robot-egocentric，不能歸成人類頭戴資料。,primary metadata verified and complete abstract reviewed; no complete full-text audit,2026-09-25,supplement_2026_09_25
P210,RoCo Challenge,2026,RoCo Challenge at AAAI 2026: Benchmarking Robotic Collaborative Manipulation for Assembly Towards Industrial Automation,"Liu, Haichao and Zhou, Yuheng and Wu, Zhenyu and Ji, Ziheng and Shan, Ziyu and Wang, Qianzhun and Liu, Ruixuan and Yang, Zhiyuan and Gu, Yejun and Khan, Shalman and Yan, Shijun and Liu, Jun and Zhu, Haiyue and Liu, Changliu and Yang, Jianfei and Zhang, Jingbing and Wang, Ziwei",C,https://arxiv.org/abs/2603.15469,行星齒輪箱裝配的模擬／實體雙臂挑戰與分階段評分；組件數和參賽隊數不當作任務種類。,primary metadata verified and complete abstract reviewed; no complete full-text audit,2026-09-25,supplement_2026_09_25
P211,AssemblyGrid,2026,"AssemblyGrid v1: A Benchmark for Multi-Robot Production with Temporary Coalitions, Local Information, and Geometric Constraints","Bahrpeyma, Fouad and Heik, David and Reichelt, Dirk",C,https://arxiv.org/abs/2609.16075,生產流程、短期多robot合作、局部資訊和幾何可行性，三工作負載家族各三情境層；屬任務級抽象，不預設連續接觸物理。,primary metadata verified and complete abstract reviewed; no complete full-text audit,2026-09-25,supplement_2026_09_25
P212,ARB4WM,2026,ARB4WM: An Adversarial Robustness Benchmark for World Models in Continuous Control,"Zhang, Junjian and Tan, Hao and Li, Ruonan and Zhu, Dong and Li, Aiping and Gu, Zhaoquan",W,https://arxiv.org/abs/2606.16605,四個Dreamer類agent、20個既有控制任務，比較不同世界模型內部與時間位置的視覺擾動；不是新建20個任務。,primary metadata verified and complete abstract reviewed; no complete full-text audit,2026-09-25,supplement_2026_09_25
P213,Vision to Harvest,2026,From Vision to Harvest: Benchmarking Vision-Language Models for Multi-Arm Robotic Fruit Harvesting,"Inukollu, Vrishan and Zaman, Adyan and Kudaraya, Anvi and Lazcano, Carlos and Zhu, Yuankai and Vougioukas, Stavros and Yu, Xiaofan",N,https://arxiv.org/abs/2609.13606,真實果園影像上的多臂採收次序／waypoint與碰撞驗證；規劃可行不等同實際採果的物理完成。,primary metadata verified and complete abstract reviewed; no complete full-text audit,2026-09-25,supplement_2026_09_25
P214,COIN（interactive）,2026,Chain Of Interaction Benchmark (COIN): When Reasoning meets Embodied Interaction,"Wang, Xianhao and Ma, Xiaojian and Hu, Haozhe and Su, Rongpeng and Cheng, Yutian and Ziheng, Zhou and Liu, Hangxin and Liu, Lei and Li, Bin and Li, Qing",N,https://arxiv.org/abs/2604.16886,50個因果互動任務，另列primitive和composition集合；與教學影片COIN資料集是同名不同作。,primary metadata verified and complete abstract reviewed; no complete full-text audit,2026-09-25,supplement_2026_09_25
P215,World-model evaluation survey,2026,Do World Models Make Better Robots? A Survey of Evaluation Benchmarks for Predictive Embodied Intelligence,"Jena, Gaytri and Wanaskar, Kapil and Jain, Vinija and Chadha, Aman and Sharma, Vasu and Das, Amitava",S,https://arxiv.org/abs/2609.29669,整理策略、embodied agent、世界模型及prediction-to-action的評測關係；其160項自報盤點作引用追查入口，不直接合併本庫。,primary metadata verified and complete abstract reviewed; no complete full-text audit,2026-09-25,supplement_2026_09_25
P216,HAP,2026,HAP: A Hand-Driven Active Perception Framework for Egocentric Head Motion Prediction,"Feng, Yunji and Ma, Junyi and Sun, Guanzhong and Xu, Chenyang and Wang, Hesheng",P,https://arxiv.org/abs/2609.18548,根據手部、頭部歷史與遮擋關係預測未來6DoF頭部運動，另引入Bottle資料；預測人的視角與控制機器人主動看是不同端點。,primary metadata verified and complete abstract reviewed; no complete full-text audit,2026-09-25,supplement_2026_09_25
P217,TRS + RVG,2026,Reliable Egocentric Action Anticipation via Temporal Reliability Suppression and Compositional Graph Decoding,"Mohammadi, Mahsa and Rowlands, Sareh",P,https://arxiv.org/abs/2609.13293,在缺幀、遮罩與感測雜訊下做動作預測，以時序可靠度及verb–noun圖解碼；需保留訓練擾動與真正未見擾動邊界。,primary metadata verified and complete abstract reviewed; no complete full-text audit,2026-09-25,supplement_2026_09_25
P218,TrajPilot,2026,How You Move Tells What You'll Do: Trajectory-Conditioned Egocentric Prediction,"Jun, Sejoon and Nguyen-Truong, Hai and Seminara, Luigi and Torresani, Lorenzo",P,https://arxiv.org/abs/2605.20388,用候選未來相機路徑輔助動作與程序預測；已知未來路徑是oracle條件，必須與測試時自行預測路徑分層。,primary metadata verified and complete abstract reviewed; no complete full-text audit,2026-09-25,supplement_2026_09_25
P219,FROST-STA,2026,FROST-STA: Frozen Dense Features for the Ego4D Short-Term Object Interaction Anticipation,"Wang, Chaoyang and Xu, Lexuan",P,https://arxiv.org/abs/2606.00694,預測下一互動的物件框、noun、verb、接觸時間與信心，使用固定V-JEPA特徵；是Ego4D挑戰方法，不新增獨立來源資料庫。,primary metadata verified and complete abstract reviewed; no complete full-text audit,2026-09-25,supplement_2026_09_25
P220,VISTA（Ego4D STA）,2026,VISTA: Technical Report for the Ego4D Short-Term Object Interaction Anticipation at EgoVis 2026,"Chu, Qiaohui and Zhang, Haoyu and Feng, Yisen and Liu, Meng and Guan, Weili and Jiang, Dongmei and Nie, Liqiang",P,https://arxiv.org/abs/2605.20901,融合單張物件定位與短影片特徵，輸出下一物件、動作與接觸時間；與StillFast／Ego4D保留來源相依。,primary metadata verified and complete abstract reviewed; no complete full-text audit,2026-09-25,supplement_2026_09_25
P221,STAformer++,2026,Integrating Affordances and Attention models for Short-Term Object Interaction Anticipation,"Labadia, Lorenzo Mur and Martinez-Cantin, Ruben and Guerrero, Jose J. and Farinella, Giovanni M. and Furnari, Antonino",P,https://arxiv.org/abs/2602.14837,結合環境affordance記憶及手物hotspot做短期互動預測；與2024 AFF-ttention同方法家族，不能當獨立資料來源。,primary metadata verified and complete abstract reviewed; no complete full-text audit,2026-09-25,supplement_2026_09_25
P222,Uni-Hand,2025,Uni-Hand: Universal Hand Motion Forecasting in Egocentric Views,"Ma, Junyi and Bao, Wentao and Xu, Jingyi and Sun, Guanzhong and Zheng, Yu and Zhang, Erhang and Chen, Xieyuanli and Wang, Hesheng",P,https://arxiv.org/abs/2511.12878,同時處理2D／3D手部、頭部及接觸狀態預測，並驗證下游robot轉移；人體表示和robot動作約定仍須明列。,primary metadata verified and complete abstract reviewed; no complete full-text audit,2026-09-25,supplement_2026_09_25
P223,INSIGHT,2025,Intention-Guided Cognitive Reasoning for Egocentric Long-Term Action Anticipation,"Chu, Qiaohui and Zhang, Haoyu and Liu, Meng and Feng, Yisen and Shi, Haoxiang and Nie, Liqiang",P,https://arxiv.org/abs/2508.01742,手物互動與verb–noun結構支援意圖條件的長期動作預測；意圖推斷準確率和真正未来序列誤差分開。,primary metadata verified and complete abstract reviewed; no complete full-text audit,2026-09-25,supplement_2026_09_25
P224,EMPIRE,2026,EMPIRE: Explicit Manipulation Planning as a Learnable Intermediate Representation for Egocentric Hand-Motion Forecasting,"Wang, Wen and Hou, Ruibing and Chang, Hong and Shan, Shiguang and Chen, Xilin",P,https://arxiv.org/abs/2608.22449,"把操作計畫作為中介表徵，再預測雙手動作；650,910訓練視窗和111項原生活動不可混為同一粒度。",primary metadata verified and complete abstract reviewed; no complete full-text audit,2026-09-25,supplement_2026_09_25
P225,Exo2EgoPose,2026,Exo2EgoPose: Leveraging Exocentric Demonstrations for Vision-Language guided Egocentric 3D Hand Pose Forecasting,"Shi, Zhaofeng and Qiu, Heqian and Wang, Lanxiao and Li, Xiang and Li, Hongliang",P,https://arxiv.org/abs/2607.15890,用配對外部影片監督Ego手姿預測，並檢查CALVIN下游轉移；訓練時有exo與推論時有exo要分清。,primary metadata verified and complete abstract reviewed; no complete full-text audit,2026-09-25,supplement_2026_09_25
P226,EgoTraj,2026,EgoTraj: Real-World Egocentric Human Trajectory Dataset for Multimodal Prediction,"Yehia, Ahmad and Mohamed, Abduallah and Wang, Tianyi and Byeon, Jiseop and Qian, Kun and Jiao, Junfeng and Claudel, Christian",P,https://arxiv.org/abs/2605.19004,75段城市穿行序列含頭部6DoF、凝視與場景；評估人的移動軌跡，不等於robot自主導航benchmark。,primary metadata verified and complete abstract reviewed; no complete full-text audit,2026-09-25,supplement_2026_09_25
P227,EggHand,2026,EggHand: A Multimodal Foundation Model for Egocentric Hand Pose Forecasting,"Choi, Jaeyoung and Kim, Hyeondong and Kim, Yujin and Park, Daehee",P,https://arxiv.org/abs/2605.07642,以視覺語言及動作解碼器預測未來3D手姿，測ego-motion與文字控制；不能將準確的人手預測自動當robot成功。,primary metadata verified and complete abstract reviewed; no complete full-text audit,2026-09-25,supplement_2026_09_25
P228,SFHand / EgoHaFL,2025,SFHand: Learning Embodied Manipulation by Streaming Egocentric 3D Hand Forecasting,"Liu, Ruicong and Huang, Yifei and Ouyang, Liangyang and Kang, Caixin and Sato, Yoichi",P,https://arxiv.org/abs/2511.18127,串流文字條件下預測手別、框、3D姿态和軌跡，另測下游操作表示；串流前綴、延遲和memory budget需固定。,primary metadata verified and complete abstract reviewed; no complete full-text audit,2026-09-25,supplement_2026_09_25
P229,UniEgoMotion,2025,"UniEgoMotion: A Unified Model for Egocentric Motion Reconstruction, Forecasting, and Generation","Patel, Chaitanya and Nakamura, Hiroki and Kyuragi, Yuta and Kozuka, Kazuki and Niebles, Juan Carlos and Adeli, Ehsan",P,https://arxiv.org/abs/2508.01126,同一模型做人體重建、預測與生成；EgoExo4D衍生3D標註是pseudo ground truth，三種端點分開。,primary metadata verified and complete abstract reviewed; no complete full-text audit,2026-09-25,supplement_2026_09_25
P230,EgoH4,2025,The Invisible EgoHand: 3D Hand Forecasting through EgoBody Pose Estimation,"Hatano, Masashi and Zhu, Zhifan and Saito, Hideo and Damen, Dima",P,https://arxiv.org/abs/2504.08654,預測可見與視野外雙手的3D軌跡和姿態，利用全身限制；需分可見性、真值人體姿態與自行估計条件。,primary metadata verified and complete abstract reviewed; no complete full-text audit,2026-09-25,supplement_2026_09_25
P231,MADiff,2024,MADiff: Motion-Aware Mamba Diffusion Models for Hand Trajectory Prediction on Egocentric Videos,"Ma, Junyi and Chen, Xieyuanli and Bao, Wentao and Xu, Jingyi and Wang, Hesheng",P,https://arxiv.org/abs/2409.02638,用相機運動條件的Mamba diffusion預測手部路徑；包含延遲和不同資料集評測，手路徑不是完整操作計畫。,primary metadata verified and complete abstract reviewed; no complete full-text audit,2026-09-25,supplement_2026_09_25
P232,Diff-IP2D,2024,Diff-IP2D: Diffusion-Based Hand-Object Interaction Prediction on Egocentric Videos,"Ma, Junyi and Xu, Jingyi and Chen, Xieyuanli and Wang, Hesheng",P,https://arxiv.org/abs/2405.04370,聯合生成未來2D手路徑和物件affordance，考慮相機動態；2D預測不自動具有3D可執行性。,primary metadata verified and complete abstract reviewed; no complete full-text audit,2026-09-25,supplement_2026_09_25
P233,OCT / HOI forecasting,2022,Joint Hand Motion and Interaction Hotspots Prediction from Egocentric Videos,"Liu, Shaowei and Tripathi, Subarna and Majumdar, Somdeb and Wang, Xiaolong",P,https://arxiv.org/abs/2204.01696,聯合預測手軌跡和下一物件的接觸hotspot，使用分布表示多種未來；資料來自既有Ego影片。,primary metadata verified and complete abstract reviewed; no complete full-text audit,2026-09-25,supplement_2026_09_25
P234,I-CVAE,2022,Intention-Conditioned Long-Term Human Egocentric Action Forecasting,"Mascaro, Esteve Valls and Ahn, Hyemin and Lee, Dongheui",P,https://arxiv.org/abs/2207.12080,意圖條件的階層式預測生成20個未來動作序列；此序列長度不是20種新增任務或通用難度級別。,primary metadata verified and complete abstract reviewed; no complete full-text audit,2026-09-25,supplement_2026_09_25
P235,TransFusion,2023,Summarize the Past to Predict the Future: Natural Language Descriptions of Context Boost Multimodal Object Interaction Anticipation,"Pasca, Razvan-George and Gavryushin, Alexey and Hamza, Muhammad and Kuo, Yen-Ling and Mo, Kaichun and Van Gool, Luc and Hilliges, Otmar and Wang, Xi",P,https://arxiv.org/abs/2301.09209,以過去影格的語言摘要作動作情境，再預測下一物件互動；過去摘要與未来資訊必須在切分上分開。,primary metadata verified and complete abstract reviewed; no complete full-text audit,2026-09-25,supplement_2026_09_25
P236,ActFusion,2024,ActFusion: a Unified Diffusion Model for Action Segmentation and Anticipation,"Gong, Dayoung and Kwak, Suha and Cho, Minsu",P,https://arxiv.org/abs/2412.04353,聯合動作分段与長期預測，使用遮罩未來視窗；混合第一／第三人稱來源，不能把全庫都標成Ego。,primary metadata verified and complete abstract reviewed; no complete full-text audit,2026-09-25,supplement_2026_09_25
P237,Gated Temporal Diffusion,2024,Gated Temporal Diffusion for Stochastic Long-Term Dense Anticipation,"Zatsarynna, Olga and Bahrami, Emad and Farha, Yazan Abu and Francesca, Gianpiero and Gall, Juergen",P,https://arxiv.org/abs/2407.11954,同時模型化觀測與未来不確定性，做隨機長期密集動作預測；Breakfast／Assembly101／50Salads並非全為第一人稱。,primary metadata verified and complete abstract reviewed; no complete full-text audit,2026-09-25,supplement_2026_09_25
P238,Object-centric LTA,2023,Object-centric Video Representation for Long-term Action Anticipation,"Zhang, Ce and Fu, Changcheng and Wang, Shijie and Agarwal, Nakul and Lee, Kwonjoon and Choi, Chiho and Sun, Chen",P,https://arxiv.org/abs/2311.00180,以物件prompt及影片表徵預測不同時間尺度的動作；含Ego和非Ego資料，保留物件監督和預訓練差異。,primary metadata verified and complete abstract reviewed; no complete full-text audit,2026-09-25,supplement_2026_09_25
P239,MVP,2023,Multiscale Video Pretraining for Long-Term Activity Forecasting,"Tan, Reuben and De Lange, Matthias and Iuzzolino, Michael and Plummer, Bryan A. and Saenko, Kate and Ridgeway, Karl and Torresani, Lorenzo",P,https://arxiv.org/abs/2307.12854,自監督多時間尺度影片預訓練用於動作及摘要預測；未來latent訓練目標不等同測試時已知未来影格。,primary metadata verified and complete abstract reviewed; no complete full-text audit,2026-09-25,supplement_2026_09_25
P240,ANTICIPATR,2022,Rethinking Learning Approaches for Long-Term Action Anticipation,"Nawhal, Megha and Jyothi, Akash Abdu and Mori, Greg",P,https://arxiv.org/abs/2210.11566,結合片段及整段影片表徵，直接預測指定時間內的動作集合；與固定長度verb–noun序列分項比較。,primary metadata verified and complete abstract reviewed; no complete full-text audit,2026-09-25,supplement_2026_09_25
P241,AFF-ttention,2024,AFF-ttention! Affordances and Attention models for Short-Term Object Interaction Anticipation,"Mur-Labadia, Lorenzo and Martinez-Cantin, Ruben and Guerrero, Josechu and Farinella, Giovanni Maria and Furnari, Antonino",P,https://arxiv.org/abs/2406.01194,STAformer結合場景affordance與hotspot，預測下一物件／動作／接觸時間；與後續STAformer++保留方法家族關係。,primary metadata verified and complete abstract reviewed; no complete full-text audit,2026-09-25,supplement_2026_09_25
P242,NAOGAT,2023,Leveraging Next-Active Objects for Context-Aware Anticipation in Egocentric Videos,"Thakur, Sanket and Beyan, Cigdem and Morerio, Pietro and Murino, Vittorio and Del Bue, Alessio",P,https://arxiv.org/abs/2308.08303,用下一活躍物件和物件動態輔助短期互動預測；同時評測定位、動作與接觸時間。,primary metadata verified and complete abstract reviewed; no complete full-text audit,2026-09-25,supplement_2026_09_25
P243,FactCheck（LTA）,2026,FactCheck: Feasibility-aware Long-term Action Anticipation with Multi-agent Collaboration,"Cao, Rui and Cao, Jiannong and Yuan, Bo and Wen, Zhiyuan and Zhang, Mingjin",P,https://arxiv.org/abs/2606.14778,觀察—提案—驗證框架用歷史狀態檢查動作可行性；其多agent是推理角色，不能當成控制多台robot協作。,primary metadata verified and complete abstract reviewed; no complete full-text audit,2026-09-25,supplement_2026_09_25
P244,BiAnt,2025,Bidirectional Action Sequence Learning for Long-term Action Anticipation with Large Language Models,"Sato, Yuji and Ishii, Yasunori and Yamashita, Takayoshi",P,https://arxiv.org/abs/2508.00374,雙向動作序列學習改善長期預測，Ego4D以編輯距離評估；生成序列的合理性與觀測到的真實未来仍分開。,primary metadata verified and complete abstract reviewed; no complete full-text audit,2026-09-25,supplement_2026_09_25
P245,ICVL,2025,Vision and Intention Boost Large Language Model in Long-Term Action Anticipation,"Cao, Congqi and Hu, Lanshu and Yu, Yating and Zhang, Yanning",P,https://arxiv.org/abs/2505.01713,將推斷意圖融合視覺表示，再作語言模型長期預測；in-context例子來源與測試影片隔離。,primary metadata verified and complete abstract reviewed; no complete full-text audit,2026-09-25,supplement_2026_09_25
P246,Decision-aware uncertainty,2026,Decision-Aware Uncertainty Evaluation of Vision-Language Model-Based Early Action Anticipation for Human-Robot Interaction,"Du, Zhaoda and Bowman, Michael and Zheng, Qiaojie and Zhang, Xiaoli",P,https://arxiv.org/abs/2603.10061,依影片前綴做早期動作辨識／預測與信心校準；early recognition和真正尚未發生的anticipation要標明。,primary metadata verified and complete abstract reviewed; no complete full-text audit,2026-09-25,supplement_2026_09_25
P247,EgoSpanLift,2025,Gaze Beyond the Frame: Forecasting Egocentric 3D Visual Span,"Yun, Heeseung and Na, Joonil and Kim, Jaeyeon and Murdock, Calvin and Kim, Gunhee",P,https://arxiv.org/abs/2511.18470,把未来注視範圍從2D提升到3D，提供364.6K樣本；注視／感知範圍不是手部或機器人行動。,primary metadata verified and complete abstract reviewed; no complete full-text audit,2026-09-25,supplement_2026_09_25
P248,HOIMotion,2024,HOIMotion: Forecasting Human Motion During Human-Object Interactions Using Egocentric 3D Object Bounding Boxes,"Hu, Zhiming and Yin, Zheming and Haeufle, Daniel and Schmitt, Syn and Bulling, Andreas",P,https://arxiv.org/abs/2407.02633,以過去人體姿態和Ego物件3D框預測全身動作；state感測前提與純RGB方法分層。,primary metadata verified and complete abstract reviewed; no complete full-text audit,2026-09-25,supplement_2026_09_25
P249,EgoCast,2024,EgoCast: Forecasting Egocentric Human Pose in the Wild,"Escobar, Maria and Puentes, Juanita and Forigua, Cristhian and Pont-Tuset, Jordi and Maninis, Kevis-Kokitsi and Arbelaez, Pablo",P,https://arxiv.org/abs/2412.02903,第一人稱影像與本體資訊支持人體姿態預測，以自行估計姿態代替測試時過去真值；重建和預測的時間邊界分開。,primary metadata verified and complete abstract reviewed; no complete full-text audit,2026-09-25,supplement_2026_09_25
P250,EgoMAN,2025,Flowing from Reasoning to Motion: Learning 3D Hand Trajectory Prediction from Egocentric Human Interaction Videos,"Chen, Mingfei and Wang, Yifan and Li, Zhengqin and Bharadhwaj, Homanga and Chen, Yujin and Qin, Chuan and Kou, Ziyi and Tian, Yuan and Whitmire, Eric and Sodhi, Rajinder and Benko, Hrvoje and Shlizerman, Eli and Liu, Yue",P,https://arxiv.org/abs/2512.16907,219K軌跡與3M QA連結階段理解和3D手路徑預測；QA與軌跡共享來源，不能相加成独立錄製。,primary metadata verified and complete abstract reviewed; no complete full-text audit,2026-09-25,supplement_2026_09_25
