environment_id,source_id,native_id,source_version,source_url,definition_locator,definition_sha256,native_split,reuse_rule,asset_status
behavior::Beechwood_0_garden,behavior,Beechwood_0_garden,page-sha256:253a8eb205f178c0cc6521e91e29dc3e1d90c64b247d57c62e05a019c854cee8,https://behavior.stanford.edu/behavior_components/scenes.html,scene table / Beechwood_0_garden,253a8eb205f178c0cc6521e91e29dc3e1d90c64b247d57c62e05a019c854cee8,,,source_reference_identified_not_full_asset_closure
behavior::Beechwood_0_int,behavior,Beechwood_0_int,page-sha256:253a8eb205f178c0cc6521e91e29dc3e1d90c64b247d57c62e05a019c854cee8,https://behavior.stanford.edu/behavior_components/scenes.html,scene table / Beechwood_0_int,253a8eb205f178c0cc6521e91e29dc3e1d90c64b247d57c62e05a019c854cee8,,,source_reference_identified_not_full_asset_closure
behavior::Beechwood_1_int,behavior,Beechwood_1_int,page-sha256:253a8eb205f178c0cc6521e91e29dc3e1d90c64b247d57c62e05a019c854cee8,https://behavior.stanford.edu/behavior_components/scenes.html,scene table / Beechwood_1_int,253a8eb205f178c0cc6521e91e29dc3e1d90c64b247d57c62e05a019c854cee8,,,source_reference_identified_not_full_asset_closure
behavior::Benevolence_0_int,behavior,Benevolence_0_int,page-sha256:253a8eb205f178c0cc6521e91e29dc3e1d90c64b247d57c62e05a019c854cee8,https://behavior.stanford.edu/behavior_components/scenes.html,scene table / Benevolence_0_int,253a8eb205f178c0cc6521e91e29dc3e1d90c64b247d57c62e05a019c854cee8,,,source_reference_identified_not_full_asset_closure
behavior::Benevolence_1_int,behavior,Benevolence_1_int,page-sha256:253a8eb205f178c0cc6521e91e29dc3e1d90c64b247d57c62e05a019c854cee8,https://behavior.stanford.edu/behavior_components/scenes.html,scene table / Benevolence_1_int,253a8eb205f178c0cc6521e91e29dc3e1d90c64b247d57c62e05a019c854cee8,,,source_reference_identified_not_full_asset_closure
behavior::Benevolence_2_int,behavior,Benevolence_2_int,page-sha256:253a8eb205f178c0cc6521e91e29dc3e1d90c64b247d57c62e05a019c854cee8,https://behavior.stanford.edu/behavior_components/scenes.html,scene table / Benevolence_2_int,253a8eb205f178c0cc6521e91e29dc3e1d90c64b247d57c62e05a019c854cee8,,,source_reference_identified_not_full_asset_closure
behavior::Ihlen_0_int,behavior,Ihlen_0_int,page-sha256:253a8eb205f178c0cc6521e91e29dc3e1d90c64b247d57c62e05a019c854cee8,https://behavior.stanford.edu/behavior_components/scenes.html,scene table / Ihlen_0_int,253a8eb205f178c0cc6521e91e29dc3e1d90c64b247d57c62e05a019c854cee8,,,source_reference_identified_not_full_asset_closure
behavior::Ihlen_1_int,behavior,Ihlen_1_int,page-sha256:253a8eb205f178c0cc6521e91e29dc3e1d90c64b247d57c62e05a019c854cee8,https://behavior.stanford.edu/behavior_components/scenes.html,scene table / Ihlen_1_int,253a8eb205f178c0cc6521e91e29dc3e1d90c64b247d57c62e05a019c854cee8,,,source_reference_identified_not_full_asset_closure
behavior::Merom_0_garden,behavior,Merom_0_garden,page-sha256:253a8eb205f178c0cc6521e91e29dc3e1d90c64b247d57c62e05a019c854cee8,https://behavior.stanford.edu/behavior_components/scenes.html,scene table / Merom_0_garden,253a8eb205f178c0cc6521e91e29dc3e1d90c64b247d57c62e05a019c854cee8,,,source_reference_identified_not_full_asset_closure
behavior::Merom_0_int,behavior,Merom_0_int,page-sha256:253a8eb205f178c0cc6521e91e29dc3e1d90c64b247d57c62e05a019c854cee8,https://behavior.stanford.edu/behavior_components/scenes.html,scene table / Merom_0_int,253a8eb205f178c0cc6521e91e29dc3e1d90c64b247d57c62e05a019c854cee8,,,source_reference_identified_not_full_asset_closure
behavior::Merom_1_int,behavior,Merom_1_int,page-sha256:253a8eb205f178c0cc6521e91e29dc3e1d90c64b247d57c62e05a019c854cee8,https://behavior.stanford.edu/behavior_components/scenes.html,scene table / Merom_1_int,253a8eb205f178c0cc6521e91e29dc3e1d90c64b247d57c62e05a019c854cee8,,,source_reference_identified_not_full_asset_closure
behavior::Pomaria_0_garden,behavior,Pomaria_0_garden,page-sha256:253a8eb205f178c0cc6521e91e29dc3e1d90c64b247d57c62e05a019c854cee8,https://behavior.stanford.edu/behavior_components/scenes.html,scene table / Pomaria_0_garden,253a8eb205f178c0cc6521e91e29dc3e1d90c64b247d57c62e05a019c854cee8,,,source_reference_identified_not_full_asset_closure
behavior::Pomaria_0_int,behavior,Pomaria_0_int,page-sha256:253a8eb205f178c0cc6521e91e29dc3e1d90c64b247d57c62e05a019c854cee8,https://behavior.stanford.edu/behavior_components/scenes.html,scene table / Pomaria_0_int,253a8eb205f178c0cc6521e91e29dc3e1d90c64b247d57c62e05a019c854cee8,,,source_reference_identified_not_full_asset_closure
behavior::Pomaria_1_int,behavior,Pomaria_1_int,page-sha256:253a8eb205f178c0cc6521e91e29dc3e1d90c64b247d57c62e05a019c854cee8,https://behavior.stanford.edu/behavior_components/scenes.html,scene table / Pomaria_1_int,253a8eb205f178c0cc6521e91e29dc3e1d90c64b247d57c62e05a019c854cee8,,,source_reference_identified_not_full_asset_closure
behavior::Pomaria_2_int,behavior,Pomaria_2_int,page-sha256:253a8eb205f178c0cc6521e91e29dc3e1d90c64b247d57c62e05a019c854cee8,https://behavior.stanford.edu/behavior_components/scenes.html,scene table / Pomaria_2_int,253a8eb205f178c0cc6521e91e29dc3e1d90c64b247d57c62e05a019c854cee8,,,source_reference_identified_not_full_asset_closure
behavior::Rs_garden,behavior,Rs_garden,page-sha256:253a8eb205f178c0cc6521e91e29dc3e1d90c64b247d57c62e05a019c854cee8,https://behavior.stanford.edu/behavior_components/scenes.html,scene table / Rs_garden,253a8eb205f178c0cc6521e91e29dc3e1d90c64b247d57c62e05a019c854cee8,,,source_reference_identified_not_full_asset_closure
behavior::Rs_int,behavior,Rs_int,page-sha256:253a8eb205f178c0cc6521e91e29dc3e1d90c64b247d57c62e05a019c854cee8,https://behavior.stanford.edu/behavior_components/scenes.html,scene table / Rs_int,253a8eb205f178c0cc6521e91e29dc3e1d90c64b247d57c62e05a019c854cee8,,,source_reference_identified_not_full_asset_closure
behavior::Wainscott_0_garden,behavior,Wainscott_0_garden,page-sha256:253a8eb205f178c0cc6521e91e29dc3e1d90c64b247d57c62e05a019c854cee8,https://behavior.stanford.edu/behavior_components/scenes.html,scene table / Wainscott_0_garden,253a8eb205f178c0cc6521e91e29dc3e1d90c64b247d57c62e05a019c854cee8,,,source_reference_identified_not_full_asset_closure
behavior::Wainscott_0_int,behavior,Wainscott_0_int,page-sha256:253a8eb205f178c0cc6521e91e29dc3e1d90c64b247d57c62e05a019c854cee8,https://behavior.stanford.edu/behavior_components/scenes.html,scene table / Wainscott_0_int,253a8eb205f178c0cc6521e91e29dc3e1d90c64b247d57c62e05a019c854cee8,,,source_reference_identified_not_full_asset_closure
behavior::Wainscott_1_int,behavior,Wainscott_1_int,page-sha256:253a8eb205f178c0cc6521e91e29dc3e1d90c64b247d57c62e05a019c854cee8,https://behavior.stanford.edu/behavior_components/scenes.html,scene table / Wainscott_1_int,253a8eb205f178c0cc6521e91e29dc3e1d90c64b247d57c62e05a019c854cee8,,,source_reference_identified_not_full_asset_closure
behavior::grocery_store_asian,behavior,grocery_store_asian,page-sha256:253a8eb205f178c0cc6521e91e29dc3e1d90c64b247d57c62e05a019c854cee8,https://behavior.stanford.edu/behavior_components/scenes.html,scene table / grocery_store_asian,253a8eb205f178c0cc6521e91e29dc3e1d90c64b247d57c62e05a019c854cee8,,,source_reference_identified_not_full_asset_closure
behavior::grocery_store_cafe,behavior,grocery_store_cafe,page-sha256:253a8eb205f178c0cc6521e91e29dc3e1d90c64b247d57c62e05a019c854cee8,https://behavior.stanford.edu/behavior_components/scenes.html,scene table / grocery_store_cafe,253a8eb205f178c0cc6521e91e29dc3e1d90c64b247d57c62e05a019c854cee8,,,source_reference_identified_not_full_asset_closure
behavior::grocery_store_convenience,behavior,grocery_store_convenience,page-sha256:253a8eb205f178c0cc6521e91e29dc3e1d90c64b247d57c62e05a019c854cee8,https://behavior.stanford.edu/behavior_components/scenes.html,scene table / grocery_store_convenience,253a8eb205f178c0cc6521e91e29dc3e1d90c64b247d57c62e05a019c854cee8,,,source_reference_identified_not_full_asset_closure
behavior::grocery_store_half_stocked,behavior,grocery_store_half_stocked,page-sha256:253a8eb205f178c0cc6521e91e29dc3e1d90c64b247d57c62e05a019c854cee8,https://behavior.stanford.edu/behavior_components/scenes.html,scene table / grocery_store_half_stocked,253a8eb205f178c0cc6521e91e29dc3e1d90c64b247d57c62e05a019c854cee8,,,source_reference_identified_not_full_asset_closure
behavior::hall_arch_wood,behavior,hall_arch_wood,page-sha256:253a8eb205f178c0cc6521e91e29dc3e1d90c64b247d57c62e05a019c854cee8,https://behavior.stanford.edu/behavior_components/scenes.html,scene table / hall_arch_wood,253a8eb205f178c0cc6521e91e29dc3e1d90c64b247d57c62e05a019c854cee8,,,source_reference_identified_not_full_asset_closure
behavior::hall_conference_large,behavior,hall_conference_large,page-sha256:253a8eb205f178c0cc6521e91e29dc3e1d90c64b247d57c62e05a019c854cee8,https://behavior.stanford.edu/behavior_components/scenes.html,scene table / hall_conference_large,253a8eb205f178c0cc6521e91e29dc3e1d90c64b247d57c62e05a019c854cee8,,,source_reference_identified_not_full_asset_closure
behavior::hall_glass_ceiling,behavior,hall_glass_ceiling,page-sha256:253a8eb205f178c0cc6521e91e29dc3e1d90c64b247d57c62e05a019c854cee8,https://behavior.stanford.edu/behavior_components/scenes.html,scene table / hall_glass_ceiling,253a8eb205f178c0cc6521e91e29dc3e1d90c64b247d57c62e05a019c854cee8,,,source_reference_identified_not_full_asset_closure
behavior::hall_train_station,behavior,hall_train_station,page-sha256:253a8eb205f178c0cc6521e91e29dc3e1d90c64b247d57c62e05a019c854cee8,https://behavior.stanford.edu/behavior_components/scenes.html,scene table / hall_train_station,253a8eb205f178c0cc6521e91e29dc3e1d90c64b247d57c62e05a019c854cee8,,,source_reference_identified_not_full_asset_closure
behavior::hotel_gym_spa,behavior,hotel_gym_spa,page-sha256:253a8eb205f178c0cc6521e91e29dc3e1d90c64b247d57c62e05a019c854cee8,https://behavior.stanford.edu/behavior_components/scenes.html,scene table / hotel_gym_spa,253a8eb205f178c0cc6521e91e29dc3e1d90c64b247d57c62e05a019c854cee8,,,source_reference_identified_not_full_asset_closure
behavior::hotel_suite_large,behavior,hotel_suite_large,page-sha256:253a8eb205f178c0cc6521e91e29dc3e1d90c64b247d57c62e05a019c854cee8,https://behavior.stanford.edu/behavior_components/scenes.html,scene table / hotel_suite_large,253a8eb205f178c0cc6521e91e29dc3e1d90c64b247d57c62e05a019c854cee8,,,source_reference_identified_not_full_asset_closure
behavior::hotel_suite_small,behavior,hotel_suite_small,page-sha256:253a8eb205f178c0cc6521e91e29dc3e1d90c64b247d57c62e05a019c854cee8,https://behavior.stanford.edu/behavior_components/scenes.html,scene table / hotel_suite_small,253a8eb205f178c0cc6521e91e29dc3e1d90c64b247d57c62e05a019c854cee8,,,source_reference_identified_not_full_asset_closure
behavior::house_double_floor_lower,behavior,house_double_floor_lower,page-sha256:253a8eb205f178c0cc6521e91e29dc3e1d90c64b247d57c62e05a019c854cee8,https://behavior.stanford.edu/behavior_components/scenes.html,scene table / house_double_floor_lower,253a8eb205f178c0cc6521e91e29dc3e1d90c64b247d57c62e05a019c854cee8,,,source_reference_identified_not_full_asset_closure
behavior::house_double_floor_upper,behavior,house_double_floor_upper,page-sha256:253a8eb205f178c0cc6521e91e29dc3e1d90c64b247d57c62e05a019c854cee8,https://behavior.stanford.edu/behavior_components/scenes.html,scene table / house_double_floor_upper,253a8eb205f178c0cc6521e91e29dc3e1d90c64b247d57c62e05a019c854cee8,,,source_reference_identified_not_full_asset_closure
behavior::house_single_floor,behavior,house_single_floor,page-sha256:253a8eb205f178c0cc6521e91e29dc3e1d90c64b247d57c62e05a019c854cee8,https://behavior.stanford.edu/behavior_components/scenes.html,scene table / house_single_floor,253a8eb205f178c0cc6521e91e29dc3e1d90c64b247d57c62e05a019c854cee8,,,source_reference_identified_not_full_asset_closure
behavior::office_bike,behavior,office_bike,page-sha256:253a8eb205f178c0cc6521e91e29dc3e1d90c64b247d57c62e05a019c854cee8,https://behavior.stanford.edu/behavior_components/scenes.html,scene table / office_bike,253a8eb205f178c0cc6521e91e29dc3e1d90c64b247d57c62e05a019c854cee8,,,source_reference_identified_not_full_asset_closure
behavior::office_cubicles_left,behavior,office_cubicles_left,page-sha256:253a8eb205f178c0cc6521e91e29dc3e1d90c64b247d57c62e05a019c854cee8,https://behavior.stanford.edu/behavior_components/scenes.html,scene table / office_cubicles_left,253a8eb205f178c0cc6521e91e29dc3e1d90c64b247d57c62e05a019c854cee8,,,source_reference_identified_not_full_asset_closure
behavior::office_cubicles_right,behavior,office_cubicles_right,page-sha256:253a8eb205f178c0cc6521e91e29dc3e1d90c64b247d57c62e05a019c854cee8,https://behavior.stanford.edu/behavior_components/scenes.html,scene table / office_cubicles_right,253a8eb205f178c0cc6521e91e29dc3e1d90c64b247d57c62e05a019c854cee8,,,source_reference_identified_not_full_asset_closure
behavior::office_large,behavior,office_large,page-sha256:253a8eb205f178c0cc6521e91e29dc3e1d90c64b247d57c62e05a019c854cee8,https://behavior.stanford.edu/behavior_components/scenes.html,scene table / office_large,253a8eb205f178c0cc6521e91e29dc3e1d90c64b247d57c62e05a019c854cee8,,,source_reference_identified_not_full_asset_closure
behavior::office_vendor_machine,behavior,office_vendor_machine,page-sha256:253a8eb205f178c0cc6521e91e29dc3e1d90c64b247d57c62e05a019c854cee8,https://behavior.stanford.edu/behavior_components/scenes.html,scene table / office_vendor_machine,253a8eb205f178c0cc6521e91e29dc3e1d90c64b247d57c62e05a019c854cee8,,,source_reference_identified_not_full_asset_closure
behavior::restaurant_asian,behavior,restaurant_asian,page-sha256:253a8eb205f178c0cc6521e91e29dc3e1d90c64b247d57c62e05a019c854cee8,https://behavior.stanford.edu/behavior_components/scenes.html,scene table / restaurant_asian,253a8eb205f178c0cc6521e91e29dc3e1d90c64b247d57c62e05a019c854cee8,,,source_reference_identified_not_full_asset_closure
behavior::restaurant_brunch,behavior,restaurant_brunch,page-sha256:253a8eb205f178c0cc6521e91e29dc3e1d90c64b247d57c62e05a019c854cee8,https://behavior.stanford.edu/behavior_components/scenes.html,scene table / restaurant_brunch,253a8eb205f178c0cc6521e91e29dc3e1d90c64b247d57c62e05a019c854cee8,,,source_reference_identified_not_full_asset_closure
behavior::restaurant_cafeteria,behavior,restaurant_cafeteria,page-sha256:253a8eb205f178c0cc6521e91e29dc3e1d90c64b247d57c62e05a019c854cee8,https://behavior.stanford.edu/behavior_components/scenes.html,scene table / restaurant_cafeteria,253a8eb205f178c0cc6521e91e29dc3e1d90c64b247d57c62e05a019c854cee8,,,source_reference_identified_not_full_asset_closure
behavior::restaurant_diner,behavior,restaurant_diner,page-sha256:253a8eb205f178c0cc6521e91e29dc3e1d90c64b247d57c62e05a019c854cee8,https://behavior.stanford.edu/behavior_components/scenes.html,scene table / restaurant_diner,253a8eb205f178c0cc6521e91e29dc3e1d90c64b247d57c62e05a019c854cee8,,,source_reference_identified_not_full_asset_closure
behavior::restaurant_hotel,behavior,restaurant_hotel,page-sha256:253a8eb205f178c0cc6521e91e29dc3e1d90c64b247d57c62e05a019c854cee8,https://behavior.stanford.edu/behavior_components/scenes.html,scene table / restaurant_hotel,253a8eb205f178c0cc6521e91e29dc3e1d90c64b247d57c62e05a019c854cee8,,,source_reference_identified_not_full_asset_closure
behavior::restaurant_urban,behavior,restaurant_urban,page-sha256:253a8eb205f178c0cc6521e91e29dc3e1d90c64b247d57c62e05a019c854cee8,https://behavior.stanford.edu/behavior_components/scenes.html,scene table / restaurant_urban,253a8eb205f178c0cc6521e91e29dc3e1d90c64b247d57c62e05a019c854cee8,,,source_reference_identified_not_full_asset_closure
behavior::school_biology,behavior,school_biology,page-sha256:253a8eb205f178c0cc6521e91e29dc3e1d90c64b247d57c62e05a019c854cee8,https://behavior.stanford.edu/behavior_components/scenes.html,scene table / school_biology,253a8eb205f178c0cc6521e91e29dc3e1d90c64b247d57c62e05a019c854cee8,,,source_reference_identified_not_full_asset_closure
behavior::school_chemistry,behavior,school_chemistry,page-sha256:253a8eb205f178c0cc6521e91e29dc3e1d90c64b247d57c62e05a019c854cee8,https://behavior.stanford.edu/behavior_components/scenes.html,scene table / school_chemistry,253a8eb205f178c0cc6521e91e29dc3e1d90c64b247d57c62e05a019c854cee8,,,source_reference_identified_not_full_asset_closure
behavior::school_computer_lab_and_infirmary,behavior,school_computer_lab_and_infirmary,page-sha256:253a8eb205f178c0cc6521e91e29dc3e1d90c64b247d57c62e05a019c854cee8,https://behavior.stanford.edu/behavior_components/scenes.html,scene table / school_computer_lab_and_infirmary,253a8eb205f178c0cc6521e91e29dc3e1d90c64b247d57c62e05a019c854cee8,,,source_reference_identified_not_full_asset_closure
behavior::school_geography,behavior,school_geography,page-sha256:253a8eb205f178c0cc6521e91e29dc3e1d90c64b247d57c62e05a019c854cee8,https://behavior.stanford.edu/behavior_components/scenes.html,scene table / school_geography,253a8eb205f178c0cc6521e91e29dc3e1d90c64b247d57c62e05a019c854cee8,,,source_reference_identified_not_full_asset_closure
behavior::school_gym,behavior,school_gym,page-sha256:253a8eb205f178c0cc6521e91e29dc3e1d90c64b247d57c62e05a019c854cee8,https://behavior.stanford.edu/behavior_components/scenes.html,scene table / school_gym,253a8eb205f178c0cc6521e91e29dc3e1d90c64b247d57c62e05a019c854cee8,,,source_reference_identified_not_full_asset_closure
robocasa::layout001,robocasa,layout001,4f8a2980def75a55dff96b990745b83540425f09,https://raw.githubusercontent.com/robocasa/robocasa/4f8a2980def75a55dff96b990745b83540425f09/robocasa/models/assets/scenes/kitchen_layouts/test/layout001.yaml,robocasa/models/assets/scenes/kitchen_layouts/test/layout001.yaml,b9722e3d0ab9d801e078f85fd90c420dfbc107c589465aca1c4d2cef0ebebd83,test,RoboCasa / RoboCasa365 same layout ID is counted once; style IDs are excluded,source_reference_identified_not_full_asset_closure
robocasa::layout002,robocasa,layout002,4f8a2980def75a55dff96b990745b83540425f09,https://raw.githubusercontent.com/robocasa/robocasa/4f8a2980def75a55dff96b990745b83540425f09/robocasa/models/assets/scenes/kitchen_layouts/test/layout002.yaml,robocasa/models/assets/scenes/kitchen_layouts/test/layout002.yaml,5f4acfc9cb0699f8cce2eca7d9f8769ad97d23940985b8e6f149224cec60b850,test,RoboCasa / RoboCasa365 same layout ID is counted once; style IDs are excluded,source_reference_identified_not_full_asset_closure
robocasa::layout003,robocasa,layout003,4f8a2980def75a55dff96b990745b83540425f09,https://raw.githubusercontent.com/robocasa/robocasa/4f8a2980def75a55dff96b990745b83540425f09/robocasa/models/assets/scenes/kitchen_layouts/test/layout003.yaml,robocasa/models/assets/scenes/kitchen_layouts/test/layout003.yaml,d11ff856be19fe9cf8f895550c1751a5c72a509b4f256f266ff83f11535077b9,test,RoboCasa / RoboCasa365 same layout ID is counted once; style IDs are excluded,source_reference_identified_not_full_asset_closure
robocasa::layout004,robocasa,layout004,4f8a2980def75a55dff96b990745b83540425f09,https://raw.githubusercontent.com/robocasa/robocasa/4f8a2980def75a55dff96b990745b83540425f09/robocasa/models/assets/scenes/kitchen_layouts/test/layout004.yaml,robocasa/models/assets/scenes/kitchen_layouts/test/layout004.yaml,60d252e3aad3e4a4dfa0284c06c5a8acfdc6e1d45776edbb31fd06ae76901d51,test,RoboCasa / RoboCasa365 same layout ID is counted once; style IDs are excluded,source_reference_identified_not_full_asset_closure
robocasa::layout005,robocasa,layout005,4f8a2980def75a55dff96b990745b83540425f09,https://raw.githubusercontent.com/robocasa/robocasa/4f8a2980def75a55dff96b990745b83540425f09/robocasa/models/assets/scenes/kitchen_layouts/test/layout005.yaml,robocasa/models/assets/scenes/kitchen_layouts/test/layout005.yaml,ed7ab480b2f0ac72031207849ab6e68c7f2e4f301a8f43010781315fee73caaf,test,RoboCasa / RoboCasa365 same layout ID is counted once; style IDs are excluded,source_reference_identified_not_full_asset_closure
robocasa::layout006,robocasa,layout006,4f8a2980def75a55dff96b990745b83540425f09,https://raw.githubusercontent.com/robocasa/robocasa/4f8a2980def75a55dff96b990745b83540425f09/robocasa/models/assets/scenes/kitchen_layouts/test/layout006.yaml,robocasa/models/assets/scenes/kitchen_layouts/test/layout006.yaml,df40095eed7188671aa565cbeb21c839851662520529c82f1c81d8befe244184,test,RoboCasa / RoboCasa365 same layout ID is counted once; style IDs are excluded,source_reference_identified_not_full_asset_closure
robocasa::layout007,robocasa,layout007,4f8a2980def75a55dff96b990745b83540425f09,https://raw.githubusercontent.com/robocasa/robocasa/4f8a2980def75a55dff96b990745b83540425f09/robocasa/models/assets/scenes/kitchen_layouts/test/layout007.yaml,robocasa/models/assets/scenes/kitchen_layouts/test/layout007.yaml,b3c0798f01c28dac97c658562eb5de3bf2470f29b7fe7bcd8c88c15a6fd28e05,test,RoboCasa / RoboCasa365 same layout ID is counted once; style IDs are excluded,source_reference_identified_not_full_asset_closure
robocasa::layout008,robocasa,layout008,4f8a2980def75a55dff96b990745b83540425f09,https://raw.githubusercontent.com/robocasa/robocasa/4f8a2980def75a55dff96b990745b83540425f09/robocasa/models/assets/scenes/kitchen_layouts/test/layout008.yaml,robocasa/models/assets/scenes/kitchen_layouts/test/layout008.yaml,5ebe87dc58836590745daefcb57125629c5f597b4d539df69ad841c7e8e4c60f,test,RoboCasa / RoboCasa365 same layout ID is counted once; style IDs are excluded,source_reference_identified_not_full_asset_closure
robocasa::layout009,robocasa,layout009,4f8a2980def75a55dff96b990745b83540425f09,https://raw.githubusercontent.com/robocasa/robocasa/4f8a2980def75a55dff96b990745b83540425f09/robocasa/models/assets/scenes/kitchen_layouts/test/layout009.yaml,robocasa/models/assets/scenes/kitchen_layouts/test/layout009.yaml,5c577828c0eb966aff84407837c63e9569de7f94b4ceed5b952a21163f54adee,test,RoboCasa / RoboCasa365 same layout ID is counted once; style IDs are excluded,source_reference_identified_not_full_asset_closure
robocasa::layout010,robocasa,layout010,4f8a2980def75a55dff96b990745b83540425f09,https://raw.githubusercontent.com/robocasa/robocasa/4f8a2980def75a55dff96b990745b83540425f09/robocasa/models/assets/scenes/kitchen_layouts/test/layout010.yaml,robocasa/models/assets/scenes/kitchen_layouts/test/layout010.yaml,3dd8c62aa81f42e9cdb94e5385a8cc66ed1b8d930dbe61446b8545109065ffdf,test,RoboCasa / RoboCasa365 same layout ID is counted once; style IDs are excluded,source_reference_identified_not_full_asset_closure
robocasa::layout011,robocasa,layout011,4f8a2980def75a55dff96b990745b83540425f09,https://raw.githubusercontent.com/robocasa/robocasa/4f8a2980def75a55dff96b990745b83540425f09/robocasa/models/assets/scenes/kitchen_layouts/train/layout011.yaml,robocasa/models/assets/scenes/kitchen_layouts/train/layout011.yaml,0fa69779ac131c92a4d17691949fb5d1864170e0901ad48b41f7f611694c5ba0,train,RoboCasa / RoboCasa365 same layout ID is counted once; style IDs are excluded,source_reference_identified_not_full_asset_closure
robocasa::layout012,robocasa,layout012,4f8a2980def75a55dff96b990745b83540425f09,https://raw.githubusercontent.com/robocasa/robocasa/4f8a2980def75a55dff96b990745b83540425f09/robocasa/models/assets/scenes/kitchen_layouts/train/layout012.yaml,robocasa/models/assets/scenes/kitchen_layouts/train/layout012.yaml,002afe07aef713d48d1bd1a8c0b2c8abf906666baae2ef39e4a4be100fcc7a01,train,RoboCasa / RoboCasa365 same layout ID is counted once; style IDs are excluded,source_reference_identified_not_full_asset_closure
robocasa::layout013,robocasa,layout013,4f8a2980def75a55dff96b990745b83540425f09,https://raw.githubusercontent.com/robocasa/robocasa/4f8a2980def75a55dff96b990745b83540425f09/robocasa/models/assets/scenes/kitchen_layouts/train/layout013.yaml,robocasa/models/assets/scenes/kitchen_layouts/train/layout013.yaml,5ec2ca0a382ca322e3667b6d23fe5ae46f9a4a2f9dea9c7164af867022462575,train,RoboCasa / RoboCasa365 same layout ID is counted once; style IDs are excluded,source_reference_identified_not_full_asset_closure
robocasa::layout014,robocasa,layout014,4f8a2980def75a55dff96b990745b83540425f09,https://raw.githubusercontent.com/robocasa/robocasa/4f8a2980def75a55dff96b990745b83540425f09/robocasa/models/assets/scenes/kitchen_layouts/train/layout014.yaml,robocasa/models/assets/scenes/kitchen_layouts/train/layout014.yaml,5a196739cdf157f3d1802f98e8c4aa5bee3cbc6bd5ad5fcacb08008c7310f9e0,train,RoboCasa / RoboCasa365 same layout ID is counted once; style IDs are excluded,source_reference_identified_not_full_asset_closure
robocasa::layout015,robocasa,layout015,4f8a2980def75a55dff96b990745b83540425f09,https://raw.githubusercontent.com/robocasa/robocasa/4f8a2980def75a55dff96b990745b83540425f09/robocasa/models/assets/scenes/kitchen_layouts/train/layout015.yaml,robocasa/models/assets/scenes/kitchen_layouts/train/layout015.yaml,65466cd4225e5becad98330eee98de0e79aede6e27bc0b37a9c3f51c82988d67,train,RoboCasa / RoboCasa365 same layout ID is counted once; style IDs are excluded,source_reference_identified_not_full_asset_closure
robocasa::layout016,robocasa,layout016,4f8a2980def75a55dff96b990745b83540425f09,https://raw.githubusercontent.com/robocasa/robocasa/4f8a2980def75a55dff96b990745b83540425f09/robocasa/models/assets/scenes/kitchen_layouts/train/layout016.yaml,robocasa/models/assets/scenes/kitchen_layouts/train/layout016.yaml,c8677a18101dacd314203532a2125439f72253882e15c2a5618147dfe909b148,train,RoboCasa / RoboCasa365 same layout ID is counted once; style IDs are excluded,source_reference_identified_not_full_asset_closure
robocasa::layout017,robocasa,layout017,4f8a2980def75a55dff96b990745b83540425f09,https://raw.githubusercontent.com/robocasa/robocasa/4f8a2980def75a55dff96b990745b83540425f09/robocasa/models/assets/scenes/kitchen_layouts/train/layout017.yaml,robocasa/models/assets/scenes/kitchen_layouts/train/layout017.yaml,497639ae1bf4a4aa91b3a4ccc45644f36749748e0196de2f67d89beeda68550b,train,RoboCasa / RoboCasa365 same layout ID is counted once; style IDs are excluded,source_reference_identified_not_full_asset_closure
robocasa::layout018,robocasa,layout018,4f8a2980def75a55dff96b990745b83540425f09,https://raw.githubusercontent.com/robocasa/robocasa/4f8a2980def75a55dff96b990745b83540425f09/robocasa/models/assets/scenes/kitchen_layouts/train/layout018.yaml,robocasa/models/assets/scenes/kitchen_layouts/train/layout018.yaml,9dc4554c79766f8613c642b9ba3da553a0d19948f25829008cc32fc097eb5db4,train,RoboCasa / RoboCasa365 same layout ID is counted once; style IDs are excluded,source_reference_identified_not_full_asset_closure
robocasa::layout019,robocasa,layout019,4f8a2980def75a55dff96b990745b83540425f09,https://raw.githubusercontent.com/robocasa/robocasa/4f8a2980def75a55dff96b990745b83540425f09/robocasa/models/assets/scenes/kitchen_layouts/train/layout019.yaml,robocasa/models/assets/scenes/kitchen_layouts/train/layout019.yaml,164c5528a20143b9874b66624760db084c8cda2d8549f19e4b127bb16e5d2c9b,train,RoboCasa / RoboCasa365 same layout ID is counted once; style IDs are excluded,source_reference_identified_not_full_asset_closure
robocasa::layout020,robocasa,layout020,4f8a2980def75a55dff96b990745b83540425f09,https://raw.githubusercontent.com/robocasa/robocasa/4f8a2980def75a55dff96b990745b83540425f09/robocasa/models/assets/scenes/kitchen_layouts/train/layout020.yaml,robocasa/models/assets/scenes/kitchen_layouts/train/layout020.yaml,86419b2ad3db01a5c62a0324f8ab02b602fe43c5111cac9edb3fa7b8a60a0109,train,RoboCasa / RoboCasa365 same layout ID is counted once; style IDs are excluded,source_reference_identified_not_full_asset_closure
robocasa::layout021,robocasa,layout021,4f8a2980def75a55dff96b990745b83540425f09,https://raw.githubusercontent.com/robocasa/robocasa/4f8a2980def75a55dff96b990745b83540425f09/robocasa/models/assets/scenes/kitchen_layouts/train/layout021.yaml,robocasa/models/assets/scenes/kitchen_layouts/train/layout021.yaml,3c4068e235072c55103a06f0db22c66dceb884895f8a79f4613b4319db8a387b,train,RoboCasa / RoboCasa365 same layout ID is counted once; style IDs are excluded,source_reference_identified_not_full_asset_closure
robocasa::layout022,robocasa,layout022,4f8a2980def75a55dff96b990745b83540425f09,https://raw.githubusercontent.com/robocasa/robocasa/4f8a2980def75a55dff96b990745b83540425f09/robocasa/models/assets/scenes/kitchen_layouts/train/layout022.yaml,robocasa/models/assets/scenes/kitchen_layouts/train/layout022.yaml,967112de40ff815182550a155e5a83dca5bfe4b41a18c04a82a45e692309418a,train,RoboCasa / RoboCasa365 same layout ID is counted once; style IDs are excluded,source_reference_identified_not_full_asset_closure
robocasa::layout023,robocasa,layout023,4f8a2980def75a55dff96b990745b83540425f09,https://raw.githubusercontent.com/robocasa/robocasa/4f8a2980def75a55dff96b990745b83540425f09/robocasa/models/assets/scenes/kitchen_layouts/train/layout023.yaml,robocasa/models/assets/scenes/kitchen_layouts/train/layout023.yaml,9bcb60f497bfe6bc170ce56a863918c09a4d5d03fd3503f1f6b482acb60dfe39,train,RoboCasa / RoboCasa365 same layout ID is counted once; style IDs are excluded,source_reference_identified_not_full_asset_closure
robocasa::layout024,robocasa,layout024,4f8a2980def75a55dff96b990745b83540425f09,https://raw.githubusercontent.com/robocasa/robocasa/4f8a2980def75a55dff96b990745b83540425f09/robocasa/models/assets/scenes/kitchen_layouts/train/layout024.yaml,robocasa/models/assets/scenes/kitchen_layouts/train/layout024.yaml,c12803267fd130539c1e1ab105c0a29ea1c8db398db659474f6295cbd728ab4e,train,RoboCasa / RoboCasa365 same layout ID is counted once; style IDs are excluded,source_reference_identified_not_full_asset_closure
robocasa::layout025,robocasa,layout025,4f8a2980def75a55dff96b990745b83540425f09,https://raw.githubusercontent.com/robocasa/robocasa/4f8a2980def75a55dff96b990745b83540425f09/robocasa/models/assets/scenes/kitchen_layouts/train/layout025.yaml,robocasa/models/assets/scenes/kitchen_layouts/train/layout025.yaml,89e2af90532589bcc93fb02727d9b13e600ffd43baa4c50d6bd77827057ca37b,train,RoboCasa / RoboCasa365 same layout ID is counted once; style IDs are excluded,source_reference_identified_not_full_asset_closure
robocasa::layout026,robocasa,layout026,4f8a2980def75a55dff96b990745b83540425f09,https://raw.githubusercontent.com/robocasa/robocasa/4f8a2980def75a55dff96b990745b83540425f09/robocasa/models/assets/scenes/kitchen_layouts/train/layout026.yaml,robocasa/models/assets/scenes/kitchen_layouts/train/layout026.yaml,e63a3f6ba3b668e9b5cba10a2f86a7ddbb2f813b7af81c3a3d6ec3aca5f67152,train,RoboCasa / RoboCasa365 same layout ID is counted once; style IDs are excluded,source_reference_identified_not_full_asset_closure
robocasa::layout027,robocasa,layout027,4f8a2980def75a55dff96b990745b83540425f09,https://raw.githubusercontent.com/robocasa/robocasa/4f8a2980def75a55dff96b990745b83540425f09/robocasa/models/assets/scenes/kitchen_layouts/train/layout027.yaml,robocasa/models/assets/scenes/kitchen_layouts/train/layout027.yaml,fa728e4ca51dfae76f88c3fea6abd01892dfebc425974e36b5836b567f5c8eb9,train,RoboCasa / RoboCasa365 same layout ID is counted once; style IDs are excluded,source_reference_identified_not_full_asset_closure
robocasa::layout028,robocasa,layout028,4f8a2980def75a55dff96b990745b83540425f09,https://raw.githubusercontent.com/robocasa/robocasa/4f8a2980def75a55dff96b990745b83540425f09/robocasa/models/assets/scenes/kitchen_layouts/train/layout028.yaml,robocasa/models/assets/scenes/kitchen_layouts/train/layout028.yaml,0454391c8d39a31122c46b6e68516365b9d0d69a380cafc69361023d7836f1ef,train,RoboCasa / RoboCasa365 same layout ID is counted once; style IDs are excluded,source_reference_identified_not_full_asset_closure
robocasa::layout029,robocasa,layout029,4f8a2980def75a55dff96b990745b83540425f09,https://raw.githubusercontent.com/robocasa/robocasa/4f8a2980def75a55dff96b990745b83540425f09/robocasa/models/assets/scenes/kitchen_layouts/train/layout029.yaml,robocasa/models/assets/scenes/kitchen_layouts/train/layout029.yaml,a5b5746bb41f0dfbf47c605cdcd1ea6729c22b8401369828272047cad2e2846f,train,RoboCasa / RoboCasa365 same layout ID is counted once; style IDs are excluded,source_reference_identified_not_full_asset_closure
robocasa::layout030,robocasa,layout030,4f8a2980def75a55dff96b990745b83540425f09,https://raw.githubusercontent.com/robocasa/robocasa/4f8a2980def75a55dff96b990745b83540425f09/robocasa/models/assets/scenes/kitchen_layouts/train/layout030.yaml,robocasa/models/assets/scenes/kitchen_layouts/train/layout030.yaml,598a820d218c3527c97504b20da5522098c6ddc4cd5e15a750c65c5747e656a3,train,RoboCasa / RoboCasa365 same layout ID is counted once; style IDs are excluded,source_reference_identified_not_full_asset_closure
robocasa::layout031,robocasa,layout031,4f8a2980def75a55dff96b990745b83540425f09,https://raw.githubusercontent.com/robocasa/robocasa/4f8a2980def75a55dff96b990745b83540425f09/robocasa/models/assets/scenes/kitchen_layouts/train/layout031.yaml,robocasa/models/assets/scenes/kitchen_layouts/train/layout031.yaml,e07ccb03bfc80619f17c5604085bbcc8c2489105a41c6670bb5434c89b94f186,train,RoboCasa / RoboCasa365 same layout ID is counted once; style IDs are excluded,source_reference_identified_not_full_asset_closure
robocasa::layout032,robocasa,layout032,4f8a2980def75a55dff96b990745b83540425f09,https://raw.githubusercontent.com/robocasa/robocasa/4f8a2980def75a55dff96b990745b83540425f09/robocasa/models/assets/scenes/kitchen_layouts/train/layout032.yaml,robocasa/models/assets/scenes/kitchen_layouts/train/layout032.yaml,117c0656ff42e003fc0a0d5689a80e1cc433736a674be01c1a5a4b385f850c70,train,RoboCasa / RoboCasa365 same layout ID is counted once; style IDs are excluded,source_reference_identified_not_full_asset_closure
robocasa::layout033,robocasa,layout033,4f8a2980def75a55dff96b990745b83540425f09,https://raw.githubusercontent.com/robocasa/robocasa/4f8a2980def75a55dff96b990745b83540425f09/robocasa/models/assets/scenes/kitchen_layouts/train/layout033.yaml,robocasa/models/assets/scenes/kitchen_layouts/train/layout033.yaml,57a9b5e3ea3f1dce9befd657bf8e73ea64f1c66cc3ad813f302aff8c0c4eca5c,train,RoboCasa / RoboCasa365 same layout ID is counted once; style IDs are excluded,source_reference_identified_not_full_asset_closure
robocasa::layout034,robocasa,layout034,4f8a2980def75a55dff96b990745b83540425f09,https://raw.githubusercontent.com/robocasa/robocasa/4f8a2980def75a55dff96b990745b83540425f09/robocasa/models/assets/scenes/kitchen_layouts/train/layout034.yaml,robocasa/models/assets/scenes/kitchen_layouts/train/layout034.yaml,7a6715d1af3dfe1b5790cf4d832d3c461ea862db66d34d704c5c91a565047ec1,train,RoboCasa / RoboCasa365 same layout ID is counted once; style IDs are excluded,source_reference_identified_not_full_asset_closure
robocasa::layout035,robocasa,layout035,4f8a2980def75a55dff96b990745b83540425f09,https://raw.githubusercontent.com/robocasa/robocasa/4f8a2980def75a55dff96b990745b83540425f09/robocasa/models/assets/scenes/kitchen_layouts/train/layout035.yaml,robocasa/models/assets/scenes/kitchen_layouts/train/layout035.yaml,490559c295a2d440bb4b33a41b01ad4b5b9d6b1122edf673faeb5c761c5c684f,train,RoboCasa / RoboCasa365 same layout ID is counted once; style IDs are excluded,source_reference_identified_not_full_asset_closure
robocasa::layout036,robocasa,layout036,4f8a2980def75a55dff96b990745b83540425f09,https://raw.githubusercontent.com/robocasa/robocasa/4f8a2980def75a55dff96b990745b83540425f09/robocasa/models/assets/scenes/kitchen_layouts/train/layout036.yaml,robocasa/models/assets/scenes/kitchen_layouts/train/layout036.yaml,2a238361bfdf8a4d3994441c7e19814f7ee33d428142b528257dac2225348cbc,train,RoboCasa / RoboCasa365 same layout ID is counted once; style IDs are excluded,source_reference_identified_not_full_asset_closure
robocasa::layout037,robocasa,layout037,4f8a2980def75a55dff96b990745b83540425f09,https://raw.githubusercontent.com/robocasa/robocasa/4f8a2980def75a55dff96b990745b83540425f09/robocasa/models/assets/scenes/kitchen_layouts/train/layout037.yaml,robocasa/models/assets/scenes/kitchen_layouts/train/layout037.yaml,53087611ae4b3fa80f627b3f3e1e0a7a1c99fec752c9355d214ccf551d947fcd,train,RoboCasa / RoboCasa365 same layout ID is counted once; style IDs are excluded,source_reference_identified_not_full_asset_closure
robocasa::layout038,robocasa,layout038,4f8a2980def75a55dff96b990745b83540425f09,https://raw.githubusercontent.com/robocasa/robocasa/4f8a2980def75a55dff96b990745b83540425f09/robocasa/models/assets/scenes/kitchen_layouts/train/layout038.yaml,robocasa/models/assets/scenes/kitchen_layouts/train/layout038.yaml,0d1b71c77d13c0041e1cd01a96a19cefeedb406cb277ccccd24c588be8a9fe8f,train,RoboCasa / RoboCasa365 same layout ID is counted once; style IDs are excluded,source_reference_identified_not_full_asset_closure
robocasa::layout039,robocasa,layout039,4f8a2980def75a55dff96b990745b83540425f09,https://raw.githubusercontent.com/robocasa/robocasa/4f8a2980def75a55dff96b990745b83540425f09/robocasa/models/assets/scenes/kitchen_layouts/train/layout039.yaml,robocasa/models/assets/scenes/kitchen_layouts/train/layout039.yaml,df67def03ba0e443945d29a75a8c4cacb82db0d75da3c138f603fecb93f81433,train,RoboCasa / RoboCasa365 same layout ID is counted once; style IDs are excluded,source_reference_identified_not_full_asset_closure
robocasa::layout040,robocasa,layout040,4f8a2980def75a55dff96b990745b83540425f09,https://raw.githubusercontent.com/robocasa/robocasa/4f8a2980def75a55dff96b990745b83540425f09/robocasa/models/assets/scenes/kitchen_layouts/train/layout040.yaml,robocasa/models/assets/scenes/kitchen_layouts/train/layout040.yaml,c297cd430d8673891e6ff773ecc551dc0f5b12c32ba2747862686c1db65fa14d,train,RoboCasa / RoboCasa365 same layout ID is counted once; style IDs are excluded,source_reference_identified_not_full_asset_closure
robocasa::layout041,robocasa,layout041,4f8a2980def75a55dff96b990745b83540425f09,https://raw.githubusercontent.com/robocasa/robocasa/4f8a2980def75a55dff96b990745b83540425f09/robocasa/models/assets/scenes/kitchen_layouts/train/layout041.yaml,robocasa/models/assets/scenes/kitchen_layouts/train/layout041.yaml,faee14c6dcb195240c3b77542e29a7f4632182f5cae6efb54901834c955c8ba3,train,RoboCasa / RoboCasa365 same layout ID is counted once; style IDs are excluded,source_reference_identified_not_full_asset_closure
robocasa::layout042,robocasa,layout042,4f8a2980def75a55dff96b990745b83540425f09,https://raw.githubusercontent.com/robocasa/robocasa/4f8a2980def75a55dff96b990745b83540425f09/robocasa/models/assets/scenes/kitchen_layouts/train/layout042.yaml,robocasa/models/assets/scenes/kitchen_layouts/train/layout042.yaml,831a573a3fed7655b2ba5607c44a70f4ffd1b954d50c6a8c05bedbe5f76bc283,train,RoboCasa / RoboCasa365 same layout ID is counted once; style IDs are excluded,source_reference_identified_not_full_asset_closure
robocasa::layout043,robocasa,layout043,4f8a2980def75a55dff96b990745b83540425f09,https://raw.githubusercontent.com/robocasa/robocasa/4f8a2980def75a55dff96b990745b83540425f09/robocasa/models/assets/scenes/kitchen_layouts/train/layout043.yaml,robocasa/models/assets/scenes/kitchen_layouts/train/layout043.yaml,815d553cb3f44db3a7173be555f59cc274d1b53e231a7eab8df4e5329566d84f,train,RoboCasa / RoboCasa365 same layout ID is counted once; style IDs are excluded,source_reference_identified_not_full_asset_closure
robocasa::layout044,robocasa,layout044,4f8a2980def75a55dff96b990745b83540425f09,https://raw.githubusercontent.com/robocasa/robocasa/4f8a2980def75a55dff96b990745b83540425f09/robocasa/models/assets/scenes/kitchen_layouts/train/layout044.yaml,robocasa/models/assets/scenes/kitchen_layouts/train/layout044.yaml,47fb376f4ada6199effed77d84bb5c56703dccf623a01486dc3c17828b81b07b,train,RoboCasa / RoboCasa365 same layout ID is counted once; style IDs are excluded,source_reference_identified_not_full_asset_closure
robocasa::layout045,robocasa,layout045,4f8a2980def75a55dff96b990745b83540425f09,https://raw.githubusercontent.com/robocasa/robocasa/4f8a2980def75a55dff96b990745b83540425f09/robocasa/models/assets/scenes/kitchen_layouts/train/layout045.yaml,robocasa/models/assets/scenes/kitchen_layouts/train/layout045.yaml,479b7f7394ef7559b84cbcb1f9b79da4f21eeb4d7e61a2d8ee5cdd4c0f2e1376,train,RoboCasa / RoboCasa365 same layout ID is counted once; style IDs are excluded,source_reference_identified_not_full_asset_closure
robocasa::layout046,robocasa,layout046,4f8a2980def75a55dff96b990745b83540425f09,https://raw.githubusercontent.com/robocasa/robocasa/4f8a2980def75a55dff96b990745b83540425f09/robocasa/models/assets/scenes/kitchen_layouts/train/layout046.yaml,robocasa/models/assets/scenes/kitchen_layouts/train/layout046.yaml,75c47ad573e9f21b93ece7195639fc7d701f283c1de9f38041c02fbeb7b1bdc8,train,RoboCasa / RoboCasa365 same layout ID is counted once; style IDs are excluded,source_reference_identified_not_full_asset_closure
robocasa::layout047,robocasa,layout047,4f8a2980def75a55dff96b990745b83540425f09,https://raw.githubusercontent.com/robocasa/robocasa/4f8a2980def75a55dff96b990745b83540425f09/robocasa/models/assets/scenes/kitchen_layouts/train/layout047.yaml,robocasa/models/assets/scenes/kitchen_layouts/train/layout047.yaml,52ccc96938ab302e76e27fad20ec30f1b1ac4014b2b3f5229de268648e6b084f,train,RoboCasa / RoboCasa365 same layout ID is counted once; style IDs are excluded,source_reference_identified_not_full_asset_closure
robocasa::layout048,robocasa,layout048,4f8a2980def75a55dff96b990745b83540425f09,https://raw.githubusercontent.com/robocasa/robocasa/4f8a2980def75a55dff96b990745b83540425f09/robocasa/models/assets/scenes/kitchen_layouts/train/layout048.yaml,robocasa/models/assets/scenes/kitchen_layouts/train/layout048.yaml,91ffbdbc0d61ede20f366a884427c56c5c4b118338a4394c47c5443610a4c41c,train,RoboCasa / RoboCasa365 same layout ID is counted once; style IDs are excluded,source_reference_identified_not_full_asset_closure
robocasa::layout049,robocasa,layout049,4f8a2980def75a55dff96b990745b83540425f09,https://raw.githubusercontent.com/robocasa/robocasa/4f8a2980def75a55dff96b990745b83540425f09/robocasa/models/assets/scenes/kitchen_layouts/train/layout049.yaml,robocasa/models/assets/scenes/kitchen_layouts/train/layout049.yaml,0ce9168fd70534d4cd0645820e583524d9fbec4059882427f9523eca3a990af5,train,RoboCasa / RoboCasa365 same layout ID is counted once; style IDs are excluded,source_reference_identified_not_full_asset_closure
robocasa::layout050,robocasa,layout050,4f8a2980def75a55dff96b990745b83540425f09,https://raw.githubusercontent.com/robocasa/robocasa/4f8a2980def75a55dff96b990745b83540425f09/robocasa/models/assets/scenes/kitchen_layouts/train/layout050.yaml,robocasa/models/assets/scenes/kitchen_layouts/train/layout050.yaml,09115fe46ba24dc7272fc5a89e22409761c1c6d2675f4891728fb1b2bd3dfda2,train,RoboCasa / RoboCasa365 same layout ID is counted once; style IDs are excluded,source_reference_identified_not_full_asset_closure
robocasa::layout051,robocasa,layout051,4f8a2980def75a55dff96b990745b83540425f09,https://raw.githubusercontent.com/robocasa/robocasa/4f8a2980def75a55dff96b990745b83540425f09/robocasa/models/assets/scenes/kitchen_layouts/train/layout051.yaml,robocasa/models/assets/scenes/kitchen_layouts/train/layout051.yaml,6d29df146ce6642be02929baf36f6dcf0b03f0da446d5dea86dec3dd4e69d4d8,train,RoboCasa / RoboCasa365 same layout ID is counted once; style IDs are excluded,source_reference_identified_not_full_asset_closure
robocasa::layout052,robocasa,layout052,4f8a2980def75a55dff96b990745b83540425f09,https://raw.githubusercontent.com/robocasa/robocasa/4f8a2980def75a55dff96b990745b83540425f09/robocasa/models/assets/scenes/kitchen_layouts/train/layout052.yaml,robocasa/models/assets/scenes/kitchen_layouts/train/layout052.yaml,5b2d7cad2518845aa1ea9b16f1d5fc1920fd4944c1f52d4910027f565900ab5c,train,RoboCasa / RoboCasa365 same layout ID is counted once; style IDs are excluded,source_reference_identified_not_full_asset_closure
robocasa::layout053,robocasa,layout053,4f8a2980def75a55dff96b990745b83540425f09,https://raw.githubusercontent.com/robocasa/robocasa/4f8a2980def75a55dff96b990745b83540425f09/robocasa/models/assets/scenes/kitchen_layouts/train/layout053.yaml,robocasa/models/assets/scenes/kitchen_layouts/train/layout053.yaml,b74ed3caf693ca2757903d2796167d4ef926c9d57bbbc7ae5501cb973d3dade1,train,RoboCasa / RoboCasa365 same layout ID is counted once; style IDs are excluded,source_reference_identified_not_full_asset_closure
robocasa::layout054,robocasa,layout054,4f8a2980def75a55dff96b990745b83540425f09,https://raw.githubusercontent.com/robocasa/robocasa/4f8a2980def75a55dff96b990745b83540425f09/robocasa/models/assets/scenes/kitchen_layouts/train/layout054.yaml,robocasa/models/assets/scenes/kitchen_layouts/train/layout054.yaml,688a22066f37f646114956aa8079edadf3c958d3b124d385beaa01457ab22e04,train,RoboCasa / RoboCasa365 same layout ID is counted once; style IDs are excluded,source_reference_identified_not_full_asset_closure
robocasa::layout055,robocasa,layout055,4f8a2980def75a55dff96b990745b83540425f09,https://raw.githubusercontent.com/robocasa/robocasa/4f8a2980def75a55dff96b990745b83540425f09/robocasa/models/assets/scenes/kitchen_layouts/train/layout055.yaml,robocasa/models/assets/scenes/kitchen_layouts/train/layout055.yaml,1fdcd657f87cf0be0c081e043e111e57f5983d6d00a667684cef8bacabcf6e0f,train,RoboCasa / RoboCasa365 same layout ID is counted once; style IDs are excluded,source_reference_identified_not_full_asset_closure
robocasa::layout056,robocasa,layout056,4f8a2980def75a55dff96b990745b83540425f09,https://raw.githubusercontent.com/robocasa/robocasa/4f8a2980def75a55dff96b990745b83540425f09/robocasa/models/assets/scenes/kitchen_layouts/train/layout056.yaml,robocasa/models/assets/scenes/kitchen_layouts/train/layout056.yaml,b90efe0104cc86d791b9095d79ce7db618223dd6dc7ddb8dd5e2bcedd298f640,train,RoboCasa / RoboCasa365 same layout ID is counted once; style IDs are excluded,source_reference_identified_not_full_asset_closure
robocasa::layout057,robocasa,layout057,4f8a2980def75a55dff96b990745b83540425f09,https://raw.githubusercontent.com/robocasa/robocasa/4f8a2980def75a55dff96b990745b83540425f09/robocasa/models/assets/scenes/kitchen_layouts/train/layout057.yaml,robocasa/models/assets/scenes/kitchen_layouts/train/layout057.yaml,03e8c7b87fa0ea031f40541d2628217f140edb70e10296fd6a7bdbf5a37f58fd,train,RoboCasa / RoboCasa365 same layout ID is counted once; style IDs are excluded,source_reference_identified_not_full_asset_closure
robocasa::layout058,robocasa,layout058,4f8a2980def75a55dff96b990745b83540425f09,https://raw.githubusercontent.com/robocasa/robocasa/4f8a2980def75a55dff96b990745b83540425f09/robocasa/models/assets/scenes/kitchen_layouts/train/layout058.yaml,robocasa/models/assets/scenes/kitchen_layouts/train/layout058.yaml,d1829231bee8301a565e9f3e6dc3b0a84a0417c12100d1e2eec6ac76516eb6b0,train,RoboCasa / RoboCasa365 same layout ID is counted once; style IDs are excluded,source_reference_identified_not_full_asset_closure
robocasa::layout059,robocasa,layout059,4f8a2980def75a55dff96b990745b83540425f09,https://raw.githubusercontent.com/robocasa/robocasa/4f8a2980def75a55dff96b990745b83540425f09/robocasa/models/assets/scenes/kitchen_layouts/train/layout059.yaml,robocasa/models/assets/scenes/kitchen_layouts/train/layout059.yaml,5369743c935e35f9856274b99fe8e8a7971036e8a55d14656140b46ee05a76a5,train,RoboCasa / RoboCasa365 same layout ID is counted once; style IDs are excluded,source_reference_identified_not_full_asset_closure
robocasa::layout060,robocasa,layout060,4f8a2980def75a55dff96b990745b83540425f09,https://raw.githubusercontent.com/robocasa/robocasa/4f8a2980def75a55dff96b990745b83540425f09/robocasa/models/assets/scenes/kitchen_layouts/train/layout060.yaml,robocasa/models/assets/scenes/kitchen_layouts/train/layout060.yaml,2247e4f67a1e04646b02c94b296384e9c034575b055f556c9a1b14a7b6e1fec0,train,RoboCasa / RoboCasa365 same layout ID is counted once; style IDs are excluded,source_reference_identified_not_full_asset_closure
ai2thor_alfred::FloorPlan7,ai2thor_alfred,FloorPlan7,f91f4c0c96c7a29f33d0557f86b0a21035379b3b,https://raw.githubusercontent.com/askforalfred/alfred/f91f4c0c96c7a29f33d0557f86b0a21035379b3b/gen/constants.py,gen/constants.py::TRAIN_SCENE_NUMBERS,5664c7c163a67fc392ab1f44aa106a8111fb693047a644cc46f76ce627055ff9,source_train,Same AI2-THOR FloorPlan reference is not recounted for TEACh or another adapter,source_reference_identified_not_full_asset_closure
ai2thor_alfred::FloorPlan8,ai2thor_alfred,FloorPlan8,f91f4c0c96c7a29f33d0557f86b0a21035379b3b,https://raw.githubusercontent.com/askforalfred/alfred/f91f4c0c96c7a29f33d0557f86b0a21035379b3b/gen/constants.py,gen/constants.py::TRAIN_SCENE_NUMBERS,5664c7c163a67fc392ab1f44aa106a8111fb693047a644cc46f76ce627055ff9,source_train,Same AI2-THOR FloorPlan reference is not recounted for TEACh or another adapter,source_reference_identified_not_full_asset_closure
ai2thor_alfred::FloorPlan9,ai2thor_alfred,FloorPlan9,f91f4c0c96c7a29f33d0557f86b0a21035379b3b,https://raw.githubusercontent.com/askforalfred/alfred/f91f4c0c96c7a29f33d0557f86b0a21035379b3b/gen/constants.py,gen/constants.py::TRAIN_SCENE_NUMBERS,5664c7c163a67fc392ab1f44aa106a8111fb693047a644cc46f76ce627055ff9,source_train,Same AI2-THOR FloorPlan reference is not recounted for TEACh or another adapter,source_reference_identified_not_full_asset_closure
ai2thor_alfred::FloorPlan10,ai2thor_alfred,FloorPlan10,f91f4c0c96c7a29f33d0557f86b0a21035379b3b,https://raw.githubusercontent.com/askforalfred/alfred/f91f4c0c96c7a29f33d0557f86b0a21035379b3b/gen/constants.py,gen/constants.py::TRAIN_SCENE_NUMBERS,5664c7c163a67fc392ab1f44aa106a8111fb693047a644cc46f76ce627055ff9,source_train,Same AI2-THOR FloorPlan reference is not recounted for TEACh or another adapter,source_reference_identified_not_full_asset_closure
ai2thor_alfred::FloorPlan11,ai2thor_alfred,FloorPlan11,f91f4c0c96c7a29f33d0557f86b0a21035379b3b,https://raw.githubusercontent.com/askforalfred/alfred/f91f4c0c96c7a29f33d0557f86b0a21035379b3b/gen/constants.py,gen/constants.py::TRAIN_SCENE_NUMBERS,5664c7c163a67fc392ab1f44aa106a8111fb693047a644cc46f76ce627055ff9,source_train,Same AI2-THOR FloorPlan reference is not recounted for TEACh or another adapter,source_reference_identified_not_full_asset_closure
ai2thor_alfred::FloorPlan12,ai2thor_alfred,FloorPlan12,f91f4c0c96c7a29f33d0557f86b0a21035379b3b,https://raw.githubusercontent.com/askforalfred/alfred/f91f4c0c96c7a29f33d0557f86b0a21035379b3b/gen/constants.py,gen/constants.py::TRAIN_SCENE_NUMBERS,5664c7c163a67fc392ab1f44aa106a8111fb693047a644cc46f76ce627055ff9,source_train,Same AI2-THOR FloorPlan reference is not recounted for TEACh or another adapter,source_reference_identified_not_full_asset_closure
ai2thor_alfred::FloorPlan13,ai2thor_alfred,FloorPlan13,f91f4c0c96c7a29f33d0557f86b0a21035379b3b,https://raw.githubusercontent.com/askforalfred/alfred/f91f4c0c96c7a29f33d0557f86b0a21035379b3b/gen/constants.py,gen/constants.py::TRAIN_SCENE_NUMBERS,5664c7c163a67fc392ab1f44aa106a8111fb693047a644cc46f76ce627055ff9,source_train,Same AI2-THOR FloorPlan reference is not recounted for TEACh or another adapter,source_reference_identified_not_full_asset_closure
ai2thor_alfred::FloorPlan14,ai2thor_alfred,FloorPlan14,f91f4c0c96c7a29f33d0557f86b0a21035379b3b,https://raw.githubusercontent.com/askforalfred/alfred/f91f4c0c96c7a29f33d0557f86b0a21035379b3b/gen/constants.py,gen/constants.py::TRAIN_SCENE_NUMBERS,5664c7c163a67fc392ab1f44aa106a8111fb693047a644cc46f76ce627055ff9,source_train,Same AI2-THOR FloorPlan reference is not recounted for TEACh or another adapter,source_reference_identified_not_full_asset_closure
ai2thor_alfred::FloorPlan15,ai2thor_alfred,FloorPlan15,f91f4c0c96c7a29f33d0557f86b0a21035379b3b,https://raw.githubusercontent.com/askforalfred/alfred/f91f4c0c96c7a29f33d0557f86b0a21035379b3b/gen/constants.py,gen/constants.py::TRAIN_SCENE_NUMBERS,5664c7c163a67fc392ab1f44aa106a8111fb693047a644cc46f76ce627055ff9,source_train,Same AI2-THOR FloorPlan reference is not recounted for TEACh or another adapter,source_reference_identified_not_full_asset_closure
ai2thor_alfred::FloorPlan16,ai2thor_alfred,FloorPlan16,f91f4c0c96c7a29f33d0557f86b0a21035379b3b,https://raw.githubusercontent.com/askforalfred/alfred/f91f4c0c96c7a29f33d0557f86b0a21035379b3b/gen/constants.py,gen/constants.py::TRAIN_SCENE_NUMBERS,5664c7c163a67fc392ab1f44aa106a8111fb693047a644cc46f76ce627055ff9,source_train,Same AI2-THOR FloorPlan reference is not recounted for TEACh or another adapter,source_reference_identified_not_full_asset_closure
ai2thor_alfred::FloorPlan17,ai2thor_alfred,FloorPlan17,f91f4c0c96c7a29f33d0557f86b0a21035379b3b,https://raw.githubusercontent.com/askforalfred/alfred/f91f4c0c96c7a29f33d0557f86b0a21035379b3b/gen/constants.py,gen/constants.py::TRAIN_SCENE_NUMBERS,5664c7c163a67fc392ab1f44aa106a8111fb693047a644cc46f76ce627055ff9,source_train,Same AI2-THOR FloorPlan reference is not recounted for TEACh or another adapter,source_reference_identified_not_full_asset_closure
ai2thor_alfred::FloorPlan18,ai2thor_alfred,FloorPlan18,f91f4c0c96c7a29f33d0557f86b0a21035379b3b,https://raw.githubusercontent.com/askforalfred/alfred/f91f4c0c96c7a29f33d0557f86b0a21035379b3b/gen/constants.py,gen/constants.py::TRAIN_SCENE_NUMBERS,5664c7c163a67fc392ab1f44aa106a8111fb693047a644cc46f76ce627055ff9,source_train,Same AI2-THOR FloorPlan reference is not recounted for TEACh or another adapter,source_reference_identified_not_full_asset_closure
ai2thor_alfred::FloorPlan19,ai2thor_alfred,FloorPlan19,f91f4c0c96c7a29f33d0557f86b0a21035379b3b,https://raw.githubusercontent.com/askforalfred/alfred/f91f4c0c96c7a29f33d0557f86b0a21035379b3b/gen/constants.py,gen/constants.py::TRAIN_SCENE_NUMBERS,5664c7c163a67fc392ab1f44aa106a8111fb693047a644cc46f76ce627055ff9,source_train,Same AI2-THOR FloorPlan reference is not recounted for TEACh or another adapter,source_reference_identified_not_full_asset_closure
ai2thor_alfred::FloorPlan20,ai2thor_alfred,FloorPlan20,f91f4c0c96c7a29f33d0557f86b0a21035379b3b,https://raw.githubusercontent.com/askforalfred/alfred/f91f4c0c96c7a29f33d0557f86b0a21035379b3b/gen/constants.py,gen/constants.py::TRAIN_SCENE_NUMBERS,5664c7c163a67fc392ab1f44aa106a8111fb693047a644cc46f76ce627055ff9,source_train,Same AI2-THOR FloorPlan reference is not recounted for TEACh or another adapter,source_reference_identified_not_full_asset_closure
ai2thor_alfred::FloorPlan21,ai2thor_alfred,FloorPlan21,f91f4c0c96c7a29f33d0557f86b0a21035379b3b,https://raw.githubusercontent.com/askforalfred/alfred/f91f4c0c96c7a29f33d0557f86b0a21035379b3b/gen/constants.py,gen/constants.py::TRAIN_SCENE_NUMBERS,5664c7c163a67fc392ab1f44aa106a8111fb693047a644cc46f76ce627055ff9,source_train,Same AI2-THOR FloorPlan reference is not recounted for TEACh or another adapter,source_reference_identified_not_full_asset_closure
ai2thor_alfred::FloorPlan22,ai2thor_alfred,FloorPlan22,f91f4c0c96c7a29f33d0557f86b0a21035379b3b,https://raw.githubusercontent.com/askforalfred/alfred/f91f4c0c96c7a29f33d0557f86b0a21035379b3b/gen/constants.py,gen/constants.py::TRAIN_SCENE_NUMBERS,5664c7c163a67fc392ab1f44aa106a8111fb693047a644cc46f76ce627055ff9,source_train,Same AI2-THOR FloorPlan reference is not recounted for TEACh or another adapter,source_reference_identified_not_full_asset_closure
ai2thor_alfred::FloorPlan23,ai2thor_alfred,FloorPlan23,f91f4c0c96c7a29f33d0557f86b0a21035379b3b,https://raw.githubusercontent.com/askforalfred/alfred/f91f4c0c96c7a29f33d0557f86b0a21035379b3b/gen/constants.py,gen/constants.py::TRAIN_SCENE_NUMBERS,5664c7c163a67fc392ab1f44aa106a8111fb693047a644cc46f76ce627055ff9,source_train,Same AI2-THOR FloorPlan reference is not recounted for TEACh or another adapter,source_reference_identified_not_full_asset_closure
ai2thor_alfred::FloorPlan24,ai2thor_alfred,FloorPlan24,f91f4c0c96c7a29f33d0557f86b0a21035379b3b,https://raw.githubusercontent.com/askforalfred/alfred/f91f4c0c96c7a29f33d0557f86b0a21035379b3b/gen/constants.py,gen/constants.py::TRAIN_SCENE_NUMBERS,5664c7c163a67fc392ab1f44aa106a8111fb693047a644cc46f76ce627055ff9,source_train,Same AI2-THOR FloorPlan reference is not recounted for TEACh or another adapter,source_reference_identified_not_full_asset_closure
ai2thor_alfred::FloorPlan25,ai2thor_alfred,FloorPlan25,f91f4c0c96c7a29f33d0557f86b0a21035379b3b,https://raw.githubusercontent.com/askforalfred/alfred/f91f4c0c96c7a29f33d0557f86b0a21035379b3b/gen/constants.py,gen/constants.py::TRAIN_SCENE_NUMBERS,5664c7c163a67fc392ab1f44aa106a8111fb693047a644cc46f76ce627055ff9,source_train,Same AI2-THOR FloorPlan reference is not recounted for TEACh or another adapter,source_reference_identified_not_full_asset_closure
ai2thor_alfred::FloorPlan26,ai2thor_alfred,FloorPlan26,f91f4c0c96c7a29f33d0557f86b0a21035379b3b,https://raw.githubusercontent.com/askforalfred/alfred/f91f4c0c96c7a29f33d0557f86b0a21035379b3b/gen/constants.py,gen/constants.py::TRAIN_SCENE_NUMBERS,5664c7c163a67fc392ab1f44aa106a8111fb693047a644cc46f76ce627055ff9,source_train,Same AI2-THOR FloorPlan reference is not recounted for TEACh or another adapter,source_reference_identified_not_full_asset_closure
ai2thor_alfred::FloorPlan27,ai2thor_alfred,FloorPlan27,f91f4c0c96c7a29f33d0557f86b0a21035379b3b,https://raw.githubusercontent.com/askforalfred/alfred/f91f4c0c96c7a29f33d0557f86b0a21035379b3b/gen/constants.py,gen/constants.py::TRAIN_SCENE_NUMBERS,5664c7c163a67fc392ab1f44aa106a8111fb693047a644cc46f76ce627055ff9,source_train,Same AI2-THOR FloorPlan reference is not recounted for TEACh or another adapter,source_reference_identified_not_full_asset_closure
ai2thor_alfred::FloorPlan28,ai2thor_alfred,FloorPlan28,f91f4c0c96c7a29f33d0557f86b0a21035379b3b,https://raw.githubusercontent.com/askforalfred/alfred/f91f4c0c96c7a29f33d0557f86b0a21035379b3b/gen/constants.py,gen/constants.py::TRAIN_SCENE_NUMBERS,5664c7c163a67fc392ab1f44aa106a8111fb693047a644cc46f76ce627055ff9,source_train,Same AI2-THOR FloorPlan reference is not recounted for TEACh or another adapter,source_reference_identified_not_full_asset_closure
ai2thor_alfred::FloorPlan29,ai2thor_alfred,FloorPlan29,f91f4c0c96c7a29f33d0557f86b0a21035379b3b,https://raw.githubusercontent.com/askforalfred/alfred/f91f4c0c96c7a29f33d0557f86b0a21035379b3b/gen/constants.py,gen/constants.py::TRAIN_SCENE_NUMBERS,5664c7c163a67fc392ab1f44aa106a8111fb693047a644cc46f76ce627055ff9,source_train,Same AI2-THOR FloorPlan reference is not recounted for TEACh or another adapter,source_reference_identified_not_full_asset_closure
ai2thor_alfred::FloorPlan30,ai2thor_alfred,FloorPlan30,f91f4c0c96c7a29f33d0557f86b0a21035379b3b,https://raw.githubusercontent.com/askforalfred/alfred/f91f4c0c96c7a29f33d0557f86b0a21035379b3b/gen/constants.py,gen/constants.py::TRAIN_SCENE_NUMBERS,5664c7c163a67fc392ab1f44aa106a8111fb693047a644cc46f76ce627055ff9,source_train,Same AI2-THOR FloorPlan reference is not recounted for TEACh or another adapter,source_reference_identified_not_full_asset_closure
ai2thor_alfred::FloorPlan207,ai2thor_alfred,FloorPlan207,f91f4c0c96c7a29f33d0557f86b0a21035379b3b,https://raw.githubusercontent.com/askforalfred/alfred/f91f4c0c96c7a29f33d0557f86b0a21035379b3b/gen/constants.py,gen/constants.py::TRAIN_SCENE_NUMBERS,5664c7c163a67fc392ab1f44aa106a8111fb693047a644cc46f76ce627055ff9,source_train,Same AI2-THOR FloorPlan reference is not recounted for TEACh or another adapter,source_reference_identified_not_full_asset_closure
ai2thor_alfred::FloorPlan208,ai2thor_alfred,FloorPlan208,f91f4c0c96c7a29f33d0557f86b0a21035379b3b,https://raw.githubusercontent.com/askforalfred/alfred/f91f4c0c96c7a29f33d0557f86b0a21035379b3b/gen/constants.py,gen/constants.py::TRAIN_SCENE_NUMBERS,5664c7c163a67fc392ab1f44aa106a8111fb693047a644cc46f76ce627055ff9,source_train,Same AI2-THOR FloorPlan reference is not recounted for TEACh or another adapter,source_reference_identified_not_full_asset_closure
ai2thor_alfred::FloorPlan209,ai2thor_alfred,FloorPlan209,f91f4c0c96c7a29f33d0557f86b0a21035379b3b,https://raw.githubusercontent.com/askforalfred/alfred/f91f4c0c96c7a29f33d0557f86b0a21035379b3b/gen/constants.py,gen/constants.py::TRAIN_SCENE_NUMBERS,5664c7c163a67fc392ab1f44aa106a8111fb693047a644cc46f76ce627055ff9,source_train,Same AI2-THOR FloorPlan reference is not recounted for TEACh or another adapter,source_reference_identified_not_full_asset_closure
ai2thor_alfred::FloorPlan210,ai2thor_alfred,FloorPlan210,f91f4c0c96c7a29f33d0557f86b0a21035379b3b,https://raw.githubusercontent.com/askforalfred/alfred/f91f4c0c96c7a29f33d0557f86b0a21035379b3b/gen/constants.py,gen/constants.py::TRAIN_SCENE_NUMBERS,5664c7c163a67fc392ab1f44aa106a8111fb693047a644cc46f76ce627055ff9,source_train,Same AI2-THOR FloorPlan reference is not recounted for TEACh or another adapter,source_reference_identified_not_full_asset_closure
ai2thor_alfred::FloorPlan211,ai2thor_alfred,FloorPlan211,f91f4c0c96c7a29f33d0557f86b0a21035379b3b,https://raw.githubusercontent.com/askforalfred/alfred/f91f4c0c96c7a29f33d0557f86b0a21035379b3b/gen/constants.py,gen/constants.py::TRAIN_SCENE_NUMBERS,5664c7c163a67fc392ab1f44aa106a8111fb693047a644cc46f76ce627055ff9,source_train,Same AI2-THOR FloorPlan reference is not recounted for TEACh or another adapter,source_reference_identified_not_full_asset_closure
ai2thor_alfred::FloorPlan212,ai2thor_alfred,FloorPlan212,f91f4c0c96c7a29f33d0557f86b0a21035379b3b,https://raw.githubusercontent.com/askforalfred/alfred/f91f4c0c96c7a29f33d0557f86b0a21035379b3b/gen/constants.py,gen/constants.py::TRAIN_SCENE_NUMBERS,5664c7c163a67fc392ab1f44aa106a8111fb693047a644cc46f76ce627055ff9,source_train,Same AI2-THOR FloorPlan reference is not recounted for TEACh or another adapter,source_reference_identified_not_full_asset_closure
ai2thor_alfred::FloorPlan213,ai2thor_alfred,FloorPlan213,f91f4c0c96c7a29f33d0557f86b0a21035379b3b,https://raw.githubusercontent.com/askforalfred/alfred/f91f4c0c96c7a29f33d0557f86b0a21035379b3b/gen/constants.py,gen/constants.py::TRAIN_SCENE_NUMBERS,5664c7c163a67fc392ab1f44aa106a8111fb693047a644cc46f76ce627055ff9,source_train,Same AI2-THOR FloorPlan reference is not recounted for TEACh or another adapter,source_reference_identified_not_full_asset_closure
ai2thor_alfred::FloorPlan214,ai2thor_alfred,FloorPlan214,f91f4c0c96c7a29f33d0557f86b0a21035379b3b,https://raw.githubusercontent.com/askforalfred/alfred/f91f4c0c96c7a29f33d0557f86b0a21035379b3b/gen/constants.py,gen/constants.py::TRAIN_SCENE_NUMBERS,5664c7c163a67fc392ab1f44aa106a8111fb693047a644cc46f76ce627055ff9,source_train,Same AI2-THOR FloorPlan reference is not recounted for TEACh or another adapter,source_reference_identified_not_full_asset_closure
ai2thor_alfred::FloorPlan215,ai2thor_alfred,FloorPlan215,f91f4c0c96c7a29f33d0557f86b0a21035379b3b,https://raw.githubusercontent.com/askforalfred/alfred/f91f4c0c96c7a29f33d0557f86b0a21035379b3b/gen/constants.py,gen/constants.py::TRAIN_SCENE_NUMBERS,5664c7c163a67fc392ab1f44aa106a8111fb693047a644cc46f76ce627055ff9,source_train,Same AI2-THOR FloorPlan reference is not recounted for TEACh or another adapter,source_reference_identified_not_full_asset_closure
ai2thor_alfred::FloorPlan216,ai2thor_alfred,FloorPlan216,f91f4c0c96c7a29f33d0557f86b0a21035379b3b,https://raw.githubusercontent.com/askforalfred/alfred/f91f4c0c96c7a29f33d0557f86b0a21035379b3b/gen/constants.py,gen/constants.py::TRAIN_SCENE_NUMBERS,5664c7c163a67fc392ab1f44aa106a8111fb693047a644cc46f76ce627055ff9,source_train,Same AI2-THOR FloorPlan reference is not recounted for TEACh or another adapter,source_reference_identified_not_full_asset_closure
ai2thor_alfred::FloorPlan217,ai2thor_alfred,FloorPlan217,f91f4c0c96c7a29f33d0557f86b0a21035379b3b,https://raw.githubusercontent.com/askforalfred/alfred/f91f4c0c96c7a29f33d0557f86b0a21035379b3b/gen/constants.py,gen/constants.py::TRAIN_SCENE_NUMBERS,5664c7c163a67fc392ab1f44aa106a8111fb693047a644cc46f76ce627055ff9,source_train,Same AI2-THOR FloorPlan reference is not recounted for TEACh or another adapter,source_reference_identified_not_full_asset_closure
ai2thor_alfred::FloorPlan218,ai2thor_alfred,FloorPlan218,f91f4c0c96c7a29f33d0557f86b0a21035379b3b,https://raw.githubusercontent.com/askforalfred/alfred/f91f4c0c96c7a29f33d0557f86b0a21035379b3b/gen/constants.py,gen/constants.py::TRAIN_SCENE_NUMBERS,5664c7c163a67fc392ab1f44aa106a8111fb693047a644cc46f76ce627055ff9,source_train,Same AI2-THOR FloorPlan reference is not recounted for TEACh or another adapter,source_reference_identified_not_full_asset_closure
ai2thor_alfred::FloorPlan219,ai2thor_alfred,FloorPlan219,f91f4c0c96c7a29f33d0557f86b0a21035379b3b,https://raw.githubusercontent.com/askforalfred/alfred/f91f4c0c96c7a29f33d0557f86b0a21035379b3b/gen/constants.py,gen/constants.py::TRAIN_SCENE_NUMBERS,5664c7c163a67fc392ab1f44aa106a8111fb693047a644cc46f76ce627055ff9,source_train,Same AI2-THOR FloorPlan reference is not recounted for TEACh or another adapter,source_reference_identified_not_full_asset_closure
ai2thor_alfred::FloorPlan220,ai2thor_alfred,FloorPlan220,f91f4c0c96c7a29f33d0557f86b0a21035379b3b,https://raw.githubusercontent.com/askforalfred/alfred/f91f4c0c96c7a29f33d0557f86b0a21035379b3b/gen/constants.py,gen/constants.py::TRAIN_SCENE_NUMBERS,5664c7c163a67fc392ab1f44aa106a8111fb693047a644cc46f76ce627055ff9,source_train,Same AI2-THOR FloorPlan reference is not recounted for TEACh or another adapter,source_reference_identified_not_full_asset_closure
ai2thor_alfred::FloorPlan221,ai2thor_alfred,FloorPlan221,f91f4c0c96c7a29f33d0557f86b0a21035379b3b,https://raw.githubusercontent.com/askforalfred/alfred/f91f4c0c96c7a29f33d0557f86b0a21035379b3b/gen/constants.py,gen/constants.py::TRAIN_SCENE_NUMBERS,5664c7c163a67fc392ab1f44aa106a8111fb693047a644cc46f76ce627055ff9,source_train,Same AI2-THOR FloorPlan reference is not recounted for TEACh or another adapter,source_reference_identified_not_full_asset_closure
ai2thor_alfred::FloorPlan222,ai2thor_alfred,FloorPlan222,f91f4c0c96c7a29f33d0557f86b0a21035379b3b,https://raw.githubusercontent.com/askforalfred/alfred/f91f4c0c96c7a29f33d0557f86b0a21035379b3b/gen/constants.py,gen/constants.py::TRAIN_SCENE_NUMBERS,5664c7c163a67fc392ab1f44aa106a8111fb693047a644cc46f76ce627055ff9,source_train,Same AI2-THOR FloorPlan reference is not recounted for TEACh or another adapter,source_reference_identified_not_full_asset_closure
ai2thor_alfred::FloorPlan223,ai2thor_alfred,FloorPlan223,f91f4c0c96c7a29f33d0557f86b0a21035379b3b,https://raw.githubusercontent.com/askforalfred/alfred/f91f4c0c96c7a29f33d0557f86b0a21035379b3b/gen/constants.py,gen/constants.py::TRAIN_SCENE_NUMBERS,5664c7c163a67fc392ab1f44aa106a8111fb693047a644cc46f76ce627055ff9,source_train,Same AI2-THOR FloorPlan reference is not recounted for TEACh or another adapter,source_reference_identified_not_full_asset_closure
ai2thor_alfred::FloorPlan224,ai2thor_alfred,FloorPlan224,f91f4c0c96c7a29f33d0557f86b0a21035379b3b,https://raw.githubusercontent.com/askforalfred/alfred/f91f4c0c96c7a29f33d0557f86b0a21035379b3b/gen/constants.py,gen/constants.py::TRAIN_SCENE_NUMBERS,5664c7c163a67fc392ab1f44aa106a8111fb693047a644cc46f76ce627055ff9,source_train,Same AI2-THOR FloorPlan reference is not recounted for TEACh or another adapter,source_reference_identified_not_full_asset_closure
ai2thor_alfred::FloorPlan225,ai2thor_alfred,FloorPlan225,f91f4c0c96c7a29f33d0557f86b0a21035379b3b,https://raw.githubusercontent.com/askforalfred/alfred/f91f4c0c96c7a29f33d0557f86b0a21035379b3b/gen/constants.py,gen/constants.py::TRAIN_SCENE_NUMBERS,5664c7c163a67fc392ab1f44aa106a8111fb693047a644cc46f76ce627055ff9,source_train,Same AI2-THOR FloorPlan reference is not recounted for TEACh or another adapter,source_reference_identified_not_full_asset_closure
ai2thor_alfred::FloorPlan226,ai2thor_alfred,FloorPlan226,f91f4c0c96c7a29f33d0557f86b0a21035379b3b,https://raw.githubusercontent.com/askforalfred/alfred/f91f4c0c96c7a29f33d0557f86b0a21035379b3b/gen/constants.py,gen/constants.py::TRAIN_SCENE_NUMBERS,5664c7c163a67fc392ab1f44aa106a8111fb693047a644cc46f76ce627055ff9,source_train,Same AI2-THOR FloorPlan reference is not recounted for TEACh or another adapter,source_reference_identified_not_full_asset_closure
ai2thor_alfred::FloorPlan227,ai2thor_alfred,FloorPlan227,f91f4c0c96c7a29f33d0557f86b0a21035379b3b,https://raw.githubusercontent.com/askforalfred/alfred/f91f4c0c96c7a29f33d0557f86b0a21035379b3b/gen/constants.py,gen/constants.py::TRAIN_SCENE_NUMBERS,5664c7c163a67fc392ab1f44aa106a8111fb693047a644cc46f76ce627055ff9,source_train,Same AI2-THOR FloorPlan reference is not recounted for TEACh or another adapter,source_reference_identified_not_full_asset_closure
ai2thor_alfred::FloorPlan228,ai2thor_alfred,FloorPlan228,f91f4c0c96c7a29f33d0557f86b0a21035379b3b,https://raw.githubusercontent.com/askforalfred/alfred/f91f4c0c96c7a29f33d0557f86b0a21035379b3b/gen/constants.py,gen/constants.py::TRAIN_SCENE_NUMBERS,5664c7c163a67fc392ab1f44aa106a8111fb693047a644cc46f76ce627055ff9,source_train,Same AI2-THOR FloorPlan reference is not recounted for TEACh or another adapter,source_reference_identified_not_full_asset_closure
ai2thor_alfred::FloorPlan229,ai2thor_alfred,FloorPlan229,f91f4c0c96c7a29f33d0557f86b0a21035379b3b,https://raw.githubusercontent.com/askforalfred/alfred/f91f4c0c96c7a29f33d0557f86b0a21035379b3b/gen/constants.py,gen/constants.py::TRAIN_SCENE_NUMBERS,5664c7c163a67fc392ab1f44aa106a8111fb693047a644cc46f76ce627055ff9,source_train,Same AI2-THOR FloorPlan reference is not recounted for TEACh or another adapter,source_reference_identified_not_full_asset_closure
ai2thor_alfred::FloorPlan230,ai2thor_alfred,FloorPlan230,f91f4c0c96c7a29f33d0557f86b0a21035379b3b,https://raw.githubusercontent.com/askforalfred/alfred/f91f4c0c96c7a29f33d0557f86b0a21035379b3b/gen/constants.py,gen/constants.py::TRAIN_SCENE_NUMBERS,5664c7c163a67fc392ab1f44aa106a8111fb693047a644cc46f76ce627055ff9,source_train,Same AI2-THOR FloorPlan reference is not recounted for TEACh or another adapter,source_reference_identified_not_full_asset_closure
ai2thor_alfred::FloorPlan307,ai2thor_alfred,FloorPlan307,f91f4c0c96c7a29f33d0557f86b0a21035379b3b,https://raw.githubusercontent.com/askforalfred/alfred/f91f4c0c96c7a29f33d0557f86b0a21035379b3b/gen/constants.py,gen/constants.py::TRAIN_SCENE_NUMBERS,5664c7c163a67fc392ab1f44aa106a8111fb693047a644cc46f76ce627055ff9,source_train,Same AI2-THOR FloorPlan reference is not recounted for TEACh or another adapter,source_reference_identified_not_full_asset_closure
ai2thor_alfred::FloorPlan308,ai2thor_alfred,FloorPlan308,f91f4c0c96c7a29f33d0557f86b0a21035379b3b,https://raw.githubusercontent.com/askforalfred/alfred/f91f4c0c96c7a29f33d0557f86b0a21035379b3b/gen/constants.py,gen/constants.py::TRAIN_SCENE_NUMBERS,5664c7c163a67fc392ab1f44aa106a8111fb693047a644cc46f76ce627055ff9,source_train,Same AI2-THOR FloorPlan reference is not recounted for TEACh or another adapter,source_reference_identified_not_full_asset_closure
ai2thor_alfred::FloorPlan309,ai2thor_alfred,FloorPlan309,f91f4c0c96c7a29f33d0557f86b0a21035379b3b,https://raw.githubusercontent.com/askforalfred/alfred/f91f4c0c96c7a29f33d0557f86b0a21035379b3b/gen/constants.py,gen/constants.py::TRAIN_SCENE_NUMBERS,5664c7c163a67fc392ab1f44aa106a8111fb693047a644cc46f76ce627055ff9,source_train,Same AI2-THOR FloorPlan reference is not recounted for TEACh or another adapter,source_reference_identified_not_full_asset_closure
ai2thor_alfred::FloorPlan310,ai2thor_alfred,FloorPlan310,f91f4c0c96c7a29f33d0557f86b0a21035379b3b,https://raw.githubusercontent.com/askforalfred/alfred/f91f4c0c96c7a29f33d0557f86b0a21035379b3b/gen/constants.py,gen/constants.py::TRAIN_SCENE_NUMBERS,5664c7c163a67fc392ab1f44aa106a8111fb693047a644cc46f76ce627055ff9,source_train,Same AI2-THOR FloorPlan reference is not recounted for TEACh or another adapter,source_reference_identified_not_full_asset_closure
ai2thor_alfred::FloorPlan311,ai2thor_alfred,FloorPlan311,f91f4c0c96c7a29f33d0557f86b0a21035379b3b,https://raw.githubusercontent.com/askforalfred/alfred/f91f4c0c96c7a29f33d0557f86b0a21035379b3b/gen/constants.py,gen/constants.py::TRAIN_SCENE_NUMBERS,5664c7c163a67fc392ab1f44aa106a8111fb693047a644cc46f76ce627055ff9,source_train,Same AI2-THOR FloorPlan reference is not recounted for TEACh or another adapter,source_reference_identified_not_full_asset_closure
ai2thor_alfred::FloorPlan312,ai2thor_alfred,FloorPlan312,f91f4c0c96c7a29f33d0557f86b0a21035379b3b,https://raw.githubusercontent.com/askforalfred/alfred/f91f4c0c96c7a29f33d0557f86b0a21035379b3b/gen/constants.py,gen/constants.py::TRAIN_SCENE_NUMBERS,5664c7c163a67fc392ab1f44aa106a8111fb693047a644cc46f76ce627055ff9,source_train,Same AI2-THOR FloorPlan reference is not recounted for TEACh or another adapter,source_reference_identified_not_full_asset_closure
ai2thor_alfred::FloorPlan313,ai2thor_alfred,FloorPlan313,f91f4c0c96c7a29f33d0557f86b0a21035379b3b,https://raw.githubusercontent.com/askforalfred/alfred/f91f4c0c96c7a29f33d0557f86b0a21035379b3b/gen/constants.py,gen/constants.py::TRAIN_SCENE_NUMBERS,5664c7c163a67fc392ab1f44aa106a8111fb693047a644cc46f76ce627055ff9,source_train,Same AI2-THOR FloorPlan reference is not recounted for TEACh or another adapter,source_reference_identified_not_full_asset_closure
ai2thor_alfred::FloorPlan314,ai2thor_alfred,FloorPlan314,f91f4c0c96c7a29f33d0557f86b0a21035379b3b,https://raw.githubusercontent.com/askforalfred/alfred/f91f4c0c96c7a29f33d0557f86b0a21035379b3b/gen/constants.py,gen/constants.py::TRAIN_SCENE_NUMBERS,5664c7c163a67fc392ab1f44aa106a8111fb693047a644cc46f76ce627055ff9,source_train,Same AI2-THOR FloorPlan reference is not recounted for TEACh or another adapter,source_reference_identified_not_full_asset_closure
ai2thor_alfred::FloorPlan315,ai2thor_alfred,FloorPlan315,f91f4c0c96c7a29f33d0557f86b0a21035379b3b,https://raw.githubusercontent.com/askforalfred/alfred/f91f4c0c96c7a29f33d0557f86b0a21035379b3b/gen/constants.py,gen/constants.py::TRAIN_SCENE_NUMBERS,5664c7c163a67fc392ab1f44aa106a8111fb693047a644cc46f76ce627055ff9,source_train,Same AI2-THOR FloorPlan reference is not recounted for TEACh or another adapter,source_reference_identified_not_full_asset_closure
ai2thor_alfred::FloorPlan316,ai2thor_alfred,FloorPlan316,f91f4c0c96c7a29f33d0557f86b0a21035379b3b,https://raw.githubusercontent.com/askforalfred/alfred/f91f4c0c96c7a29f33d0557f86b0a21035379b3b/gen/constants.py,gen/constants.py::TRAIN_SCENE_NUMBERS,5664c7c163a67fc392ab1f44aa106a8111fb693047a644cc46f76ce627055ff9,source_train,Same AI2-THOR FloorPlan reference is not recounted for TEACh or another adapter,source_reference_identified_not_full_asset_closure
ai2thor_alfred::FloorPlan317,ai2thor_alfred,FloorPlan317,f91f4c0c96c7a29f33d0557f86b0a21035379b3b,https://raw.githubusercontent.com/askforalfred/alfred/f91f4c0c96c7a29f33d0557f86b0a21035379b3b/gen/constants.py,gen/constants.py::TRAIN_SCENE_NUMBERS,5664c7c163a67fc392ab1f44aa106a8111fb693047a644cc46f76ce627055ff9,source_train,Same AI2-THOR FloorPlan reference is not recounted for TEACh or another adapter,source_reference_identified_not_full_asset_closure
ai2thor_alfred::FloorPlan318,ai2thor_alfred,FloorPlan318,f91f4c0c96c7a29f33d0557f86b0a21035379b3b,https://raw.githubusercontent.com/askforalfred/alfred/f91f4c0c96c7a29f33d0557f86b0a21035379b3b/gen/constants.py,gen/constants.py::TRAIN_SCENE_NUMBERS,5664c7c163a67fc392ab1f44aa106a8111fb693047a644cc46f76ce627055ff9,source_train,Same AI2-THOR FloorPlan reference is not recounted for TEACh or another adapter,source_reference_identified_not_full_asset_closure
ai2thor_alfred::FloorPlan319,ai2thor_alfred,FloorPlan319,f91f4c0c96c7a29f33d0557f86b0a21035379b3b,https://raw.githubusercontent.com/askforalfred/alfred/f91f4c0c96c7a29f33d0557f86b0a21035379b3b/gen/constants.py,gen/constants.py::TRAIN_SCENE_NUMBERS,5664c7c163a67fc392ab1f44aa106a8111fb693047a644cc46f76ce627055ff9,source_train,Same AI2-THOR FloorPlan reference is not recounted for TEACh or another adapter,source_reference_identified_not_full_asset_closure
ai2thor_alfred::FloorPlan320,ai2thor_alfred,FloorPlan320,f91f4c0c96c7a29f33d0557f86b0a21035379b3b,https://raw.githubusercontent.com/askforalfred/alfred/f91f4c0c96c7a29f33d0557f86b0a21035379b3b/gen/constants.py,gen/constants.py::TRAIN_SCENE_NUMBERS,5664c7c163a67fc392ab1f44aa106a8111fb693047a644cc46f76ce627055ff9,source_train,Same AI2-THOR FloorPlan reference is not recounted for TEACh or another adapter,source_reference_identified_not_full_asset_closure
ai2thor_alfred::FloorPlan321,ai2thor_alfred,FloorPlan321,f91f4c0c96c7a29f33d0557f86b0a21035379b3b,https://raw.githubusercontent.com/askforalfred/alfred/f91f4c0c96c7a29f33d0557f86b0a21035379b3b/gen/constants.py,gen/constants.py::TRAIN_SCENE_NUMBERS,5664c7c163a67fc392ab1f44aa106a8111fb693047a644cc46f76ce627055ff9,source_train,Same AI2-THOR FloorPlan reference is not recounted for TEACh or another adapter,source_reference_identified_not_full_asset_closure
ai2thor_alfred::FloorPlan322,ai2thor_alfred,FloorPlan322,f91f4c0c96c7a29f33d0557f86b0a21035379b3b,https://raw.githubusercontent.com/askforalfred/alfred/f91f4c0c96c7a29f33d0557f86b0a21035379b3b/gen/constants.py,gen/constants.py::TRAIN_SCENE_NUMBERS,5664c7c163a67fc392ab1f44aa106a8111fb693047a644cc46f76ce627055ff9,source_train,Same AI2-THOR FloorPlan reference is not recounted for TEACh or another adapter,source_reference_identified_not_full_asset_closure
ai2thor_alfred::FloorPlan323,ai2thor_alfred,FloorPlan323,f91f4c0c96c7a29f33d0557f86b0a21035379b3b,https://raw.githubusercontent.com/askforalfred/alfred/f91f4c0c96c7a29f33d0557f86b0a21035379b3b/gen/constants.py,gen/constants.py::TRAIN_SCENE_NUMBERS,5664c7c163a67fc392ab1f44aa106a8111fb693047a644cc46f76ce627055ff9,source_train,Same AI2-THOR FloorPlan reference is not recounted for TEACh or another adapter,source_reference_identified_not_full_asset_closure
ai2thor_alfred::FloorPlan324,ai2thor_alfred,FloorPlan324,f91f4c0c96c7a29f33d0557f86b0a21035379b3b,https://raw.githubusercontent.com/askforalfred/alfred/f91f4c0c96c7a29f33d0557f86b0a21035379b3b/gen/constants.py,gen/constants.py::TRAIN_SCENE_NUMBERS,5664c7c163a67fc392ab1f44aa106a8111fb693047a644cc46f76ce627055ff9,source_train,Same AI2-THOR FloorPlan reference is not recounted for TEACh or another adapter,source_reference_identified_not_full_asset_closure
ai2thor_alfred::FloorPlan325,ai2thor_alfred,FloorPlan325,f91f4c0c96c7a29f33d0557f86b0a21035379b3b,https://raw.githubusercontent.com/askforalfred/alfred/f91f4c0c96c7a29f33d0557f86b0a21035379b3b/gen/constants.py,gen/constants.py::TRAIN_SCENE_NUMBERS,5664c7c163a67fc392ab1f44aa106a8111fb693047a644cc46f76ce627055ff9,source_train,Same AI2-THOR FloorPlan reference is not recounted for TEACh or another adapter,source_reference_identified_not_full_asset_closure
ai2thor_alfred::FloorPlan326,ai2thor_alfred,FloorPlan326,f91f4c0c96c7a29f33d0557f86b0a21035379b3b,https://raw.githubusercontent.com/askforalfred/alfred/f91f4c0c96c7a29f33d0557f86b0a21035379b3b/gen/constants.py,gen/constants.py::TRAIN_SCENE_NUMBERS,5664c7c163a67fc392ab1f44aa106a8111fb693047a644cc46f76ce627055ff9,source_train,Same AI2-THOR FloorPlan reference is not recounted for TEACh or another adapter,source_reference_identified_not_full_asset_closure
ai2thor_alfred::FloorPlan327,ai2thor_alfred,FloorPlan327,f91f4c0c96c7a29f33d0557f86b0a21035379b3b,https://raw.githubusercontent.com/askforalfred/alfred/f91f4c0c96c7a29f33d0557f86b0a21035379b3b/gen/constants.py,gen/constants.py::TRAIN_SCENE_NUMBERS,5664c7c163a67fc392ab1f44aa106a8111fb693047a644cc46f76ce627055ff9,source_train,Same AI2-THOR FloorPlan reference is not recounted for TEACh or another adapter,source_reference_identified_not_full_asset_closure
ai2thor_alfred::FloorPlan328,ai2thor_alfred,FloorPlan328,f91f4c0c96c7a29f33d0557f86b0a21035379b3b,https://raw.githubusercontent.com/askforalfred/alfred/f91f4c0c96c7a29f33d0557f86b0a21035379b3b/gen/constants.py,gen/constants.py::TRAIN_SCENE_NUMBERS,5664c7c163a67fc392ab1f44aa106a8111fb693047a644cc46f76ce627055ff9,source_train,Same AI2-THOR FloorPlan reference is not recounted for TEACh or another adapter,source_reference_identified_not_full_asset_closure
ai2thor_alfred::FloorPlan329,ai2thor_alfred,FloorPlan329,f91f4c0c96c7a29f33d0557f86b0a21035379b3b,https://raw.githubusercontent.com/askforalfred/alfred/f91f4c0c96c7a29f33d0557f86b0a21035379b3b/gen/constants.py,gen/constants.py::TRAIN_SCENE_NUMBERS,5664c7c163a67fc392ab1f44aa106a8111fb693047a644cc46f76ce627055ff9,source_train,Same AI2-THOR FloorPlan reference is not recounted for TEACh or another adapter,source_reference_identified_not_full_asset_closure
ai2thor_alfred::FloorPlan330,ai2thor_alfred,FloorPlan330,f91f4c0c96c7a29f33d0557f86b0a21035379b3b,https://raw.githubusercontent.com/askforalfred/alfred/f91f4c0c96c7a29f33d0557f86b0a21035379b3b/gen/constants.py,gen/constants.py::TRAIN_SCENE_NUMBERS,5664c7c163a67fc392ab1f44aa106a8111fb693047a644cc46f76ce627055ff9,source_train,Same AI2-THOR FloorPlan reference is not recounted for TEACh or another adapter,source_reference_identified_not_full_asset_closure
ai2thor_alfred::FloorPlan407,ai2thor_alfred,FloorPlan407,f91f4c0c96c7a29f33d0557f86b0a21035379b3b,https://raw.githubusercontent.com/askforalfred/alfred/f91f4c0c96c7a29f33d0557f86b0a21035379b3b/gen/constants.py,gen/constants.py::TRAIN_SCENE_NUMBERS,5664c7c163a67fc392ab1f44aa106a8111fb693047a644cc46f76ce627055ff9,source_train,Same AI2-THOR FloorPlan reference is not recounted for TEACh or another adapter,source_reference_identified_not_full_asset_closure
ai2thor_alfred::FloorPlan408,ai2thor_alfred,FloorPlan408,f91f4c0c96c7a29f33d0557f86b0a21035379b3b,https://raw.githubusercontent.com/askforalfred/alfred/f91f4c0c96c7a29f33d0557f86b0a21035379b3b/gen/constants.py,gen/constants.py::TRAIN_SCENE_NUMBERS,5664c7c163a67fc392ab1f44aa106a8111fb693047a644cc46f76ce627055ff9,source_train,Same AI2-THOR FloorPlan reference is not recounted for TEACh or another adapter,source_reference_identified_not_full_asset_closure
ai2thor_alfred::FloorPlan409,ai2thor_alfred,FloorPlan409,f91f4c0c96c7a29f33d0557f86b0a21035379b3b,https://raw.githubusercontent.com/askforalfred/alfred/f91f4c0c96c7a29f33d0557f86b0a21035379b3b/gen/constants.py,gen/constants.py::TRAIN_SCENE_NUMBERS,5664c7c163a67fc392ab1f44aa106a8111fb693047a644cc46f76ce627055ff9,source_train,Same AI2-THOR FloorPlan reference is not recounted for TEACh or another adapter,source_reference_identified_not_full_asset_closure
ai2thor_alfred::FloorPlan410,ai2thor_alfred,FloorPlan410,f91f4c0c96c7a29f33d0557f86b0a21035379b3b,https://raw.githubusercontent.com/askforalfred/alfred/f91f4c0c96c7a29f33d0557f86b0a21035379b3b/gen/constants.py,gen/constants.py::TRAIN_SCENE_NUMBERS,5664c7c163a67fc392ab1f44aa106a8111fb693047a644cc46f76ce627055ff9,source_train,Same AI2-THOR FloorPlan reference is not recounted for TEACh or another adapter,source_reference_identified_not_full_asset_closure
ai2thor_alfred::FloorPlan411,ai2thor_alfred,FloorPlan411,f91f4c0c96c7a29f33d0557f86b0a21035379b3b,https://raw.githubusercontent.com/askforalfred/alfred/f91f4c0c96c7a29f33d0557f86b0a21035379b3b/gen/constants.py,gen/constants.py::TRAIN_SCENE_NUMBERS,5664c7c163a67fc392ab1f44aa106a8111fb693047a644cc46f76ce627055ff9,source_train,Same AI2-THOR FloorPlan reference is not recounted for TEACh or another adapter,source_reference_identified_not_full_asset_closure
ai2thor_alfred::FloorPlan412,ai2thor_alfred,FloorPlan412,f91f4c0c96c7a29f33d0557f86b0a21035379b3b,https://raw.githubusercontent.com/askforalfred/alfred/f91f4c0c96c7a29f33d0557f86b0a21035379b3b/gen/constants.py,gen/constants.py::TRAIN_SCENE_NUMBERS,5664c7c163a67fc392ab1f44aa106a8111fb693047a644cc46f76ce627055ff9,source_train,Same AI2-THOR FloorPlan reference is not recounted for TEACh or another adapter,source_reference_identified_not_full_asset_closure
ai2thor_alfred::FloorPlan413,ai2thor_alfred,FloorPlan413,f91f4c0c96c7a29f33d0557f86b0a21035379b3b,https://raw.githubusercontent.com/askforalfred/alfred/f91f4c0c96c7a29f33d0557f86b0a21035379b3b/gen/constants.py,gen/constants.py::TRAIN_SCENE_NUMBERS,5664c7c163a67fc392ab1f44aa106a8111fb693047a644cc46f76ce627055ff9,source_train,Same AI2-THOR FloorPlan reference is not recounted for TEACh or another adapter,source_reference_identified_not_full_asset_closure
ai2thor_alfred::FloorPlan414,ai2thor_alfred,FloorPlan414,f91f4c0c96c7a29f33d0557f86b0a21035379b3b,https://raw.githubusercontent.com/askforalfred/alfred/f91f4c0c96c7a29f33d0557f86b0a21035379b3b/gen/constants.py,gen/constants.py::TRAIN_SCENE_NUMBERS,5664c7c163a67fc392ab1f44aa106a8111fb693047a644cc46f76ce627055ff9,source_train,Same AI2-THOR FloorPlan reference is not recounted for TEACh or another adapter,source_reference_identified_not_full_asset_closure
ai2thor_alfred::FloorPlan415,ai2thor_alfred,FloorPlan415,f91f4c0c96c7a29f33d0557f86b0a21035379b3b,https://raw.githubusercontent.com/askforalfred/alfred/f91f4c0c96c7a29f33d0557f86b0a21035379b3b/gen/constants.py,gen/constants.py::TRAIN_SCENE_NUMBERS,5664c7c163a67fc392ab1f44aa106a8111fb693047a644cc46f76ce627055ff9,source_train,Same AI2-THOR FloorPlan reference is not recounted for TEACh or another adapter,source_reference_identified_not_full_asset_closure
ai2thor_alfred::FloorPlan416,ai2thor_alfred,FloorPlan416,f91f4c0c96c7a29f33d0557f86b0a21035379b3b,https://raw.githubusercontent.com/askforalfred/alfred/f91f4c0c96c7a29f33d0557f86b0a21035379b3b/gen/constants.py,gen/constants.py::TRAIN_SCENE_NUMBERS,5664c7c163a67fc392ab1f44aa106a8111fb693047a644cc46f76ce627055ff9,source_train,Same AI2-THOR FloorPlan reference is not recounted for TEACh or another adapter,source_reference_identified_not_full_asset_closure
ai2thor_alfred::FloorPlan417,ai2thor_alfred,FloorPlan417,f91f4c0c96c7a29f33d0557f86b0a21035379b3b,https://raw.githubusercontent.com/askforalfred/alfred/f91f4c0c96c7a29f33d0557f86b0a21035379b3b/gen/constants.py,gen/constants.py::TRAIN_SCENE_NUMBERS,5664c7c163a67fc392ab1f44aa106a8111fb693047a644cc46f76ce627055ff9,source_train,Same AI2-THOR FloorPlan reference is not recounted for TEACh or another adapter,source_reference_identified_not_full_asset_closure
ai2thor_alfred::FloorPlan418,ai2thor_alfred,FloorPlan418,f91f4c0c96c7a29f33d0557f86b0a21035379b3b,https://raw.githubusercontent.com/askforalfred/alfred/f91f4c0c96c7a29f33d0557f86b0a21035379b3b/gen/constants.py,gen/constants.py::TRAIN_SCENE_NUMBERS,5664c7c163a67fc392ab1f44aa106a8111fb693047a644cc46f76ce627055ff9,source_train,Same AI2-THOR FloorPlan reference is not recounted for TEACh or another adapter,source_reference_identified_not_full_asset_closure
ai2thor_alfred::FloorPlan419,ai2thor_alfred,FloorPlan419,f91f4c0c96c7a29f33d0557f86b0a21035379b3b,https://raw.githubusercontent.com/askforalfred/alfred/f91f4c0c96c7a29f33d0557f86b0a21035379b3b/gen/constants.py,gen/constants.py::TRAIN_SCENE_NUMBERS,5664c7c163a67fc392ab1f44aa106a8111fb693047a644cc46f76ce627055ff9,source_train,Same AI2-THOR FloorPlan reference is not recounted for TEACh or another adapter,source_reference_identified_not_full_asset_closure
ai2thor_alfred::FloorPlan420,ai2thor_alfred,FloorPlan420,f91f4c0c96c7a29f33d0557f86b0a21035379b3b,https://raw.githubusercontent.com/askforalfred/alfred/f91f4c0c96c7a29f33d0557f86b0a21035379b3b/gen/constants.py,gen/constants.py::TRAIN_SCENE_NUMBERS,5664c7c163a67fc392ab1f44aa106a8111fb693047a644cc46f76ce627055ff9,source_train,Same AI2-THOR FloorPlan reference is not recounted for TEACh or another adapter,source_reference_identified_not_full_asset_closure
ai2thor_alfred::FloorPlan421,ai2thor_alfred,FloorPlan421,f91f4c0c96c7a29f33d0557f86b0a21035379b3b,https://raw.githubusercontent.com/askforalfred/alfred/f91f4c0c96c7a29f33d0557f86b0a21035379b3b/gen/constants.py,gen/constants.py::TRAIN_SCENE_NUMBERS,5664c7c163a67fc392ab1f44aa106a8111fb693047a644cc46f76ce627055ff9,source_train,Same AI2-THOR FloorPlan reference is not recounted for TEACh or another adapter,source_reference_identified_not_full_asset_closure
ai2thor_alfred::FloorPlan422,ai2thor_alfred,FloorPlan422,f91f4c0c96c7a29f33d0557f86b0a21035379b3b,https://raw.githubusercontent.com/askforalfred/alfred/f91f4c0c96c7a29f33d0557f86b0a21035379b3b/gen/constants.py,gen/constants.py::TRAIN_SCENE_NUMBERS,5664c7c163a67fc392ab1f44aa106a8111fb693047a644cc46f76ce627055ff9,source_train,Same AI2-THOR FloorPlan reference is not recounted for TEACh or another adapter,source_reference_identified_not_full_asset_closure
ai2thor_alfred::FloorPlan423,ai2thor_alfred,FloorPlan423,f91f4c0c96c7a29f33d0557f86b0a21035379b3b,https://raw.githubusercontent.com/askforalfred/alfred/f91f4c0c96c7a29f33d0557f86b0a21035379b3b/gen/constants.py,gen/constants.py::TRAIN_SCENE_NUMBERS,5664c7c163a67fc392ab1f44aa106a8111fb693047a644cc46f76ce627055ff9,source_train,Same AI2-THOR FloorPlan reference is not recounted for TEACh or another adapter,source_reference_identified_not_full_asset_closure
ai2thor_alfred::FloorPlan424,ai2thor_alfred,FloorPlan424,f91f4c0c96c7a29f33d0557f86b0a21035379b3b,https://raw.githubusercontent.com/askforalfred/alfred/f91f4c0c96c7a29f33d0557f86b0a21035379b3b/gen/constants.py,gen/constants.py::TRAIN_SCENE_NUMBERS,5664c7c163a67fc392ab1f44aa106a8111fb693047a644cc46f76ce627055ff9,source_train,Same AI2-THOR FloorPlan reference is not recounted for TEACh or another adapter,source_reference_identified_not_full_asset_closure
ai2thor_alfred::FloorPlan425,ai2thor_alfred,FloorPlan425,f91f4c0c96c7a29f33d0557f86b0a21035379b3b,https://raw.githubusercontent.com/askforalfred/alfred/f91f4c0c96c7a29f33d0557f86b0a21035379b3b/gen/constants.py,gen/constants.py::TRAIN_SCENE_NUMBERS,5664c7c163a67fc392ab1f44aa106a8111fb693047a644cc46f76ce627055ff9,source_train,Same AI2-THOR FloorPlan reference is not recounted for TEACh or another adapter,source_reference_identified_not_full_asset_closure
ai2thor_alfred::FloorPlan426,ai2thor_alfred,FloorPlan426,f91f4c0c96c7a29f33d0557f86b0a21035379b3b,https://raw.githubusercontent.com/askforalfred/alfred/f91f4c0c96c7a29f33d0557f86b0a21035379b3b/gen/constants.py,gen/constants.py::TRAIN_SCENE_NUMBERS,5664c7c163a67fc392ab1f44aa106a8111fb693047a644cc46f76ce627055ff9,source_train,Same AI2-THOR FloorPlan reference is not recounted for TEACh or another adapter,source_reference_identified_not_full_asset_closure
ai2thor_alfred::FloorPlan427,ai2thor_alfred,FloorPlan427,f91f4c0c96c7a29f33d0557f86b0a21035379b3b,https://raw.githubusercontent.com/askforalfred/alfred/f91f4c0c96c7a29f33d0557f86b0a21035379b3b/gen/constants.py,gen/constants.py::TRAIN_SCENE_NUMBERS,5664c7c163a67fc392ab1f44aa106a8111fb693047a644cc46f76ce627055ff9,source_train,Same AI2-THOR FloorPlan reference is not recounted for TEACh or another adapter,source_reference_identified_not_full_asset_closure
ai2thor_alfred::FloorPlan428,ai2thor_alfred,FloorPlan428,f91f4c0c96c7a29f33d0557f86b0a21035379b3b,https://raw.githubusercontent.com/askforalfred/alfred/f91f4c0c96c7a29f33d0557f86b0a21035379b3b/gen/constants.py,gen/constants.py::TRAIN_SCENE_NUMBERS,5664c7c163a67fc392ab1f44aa106a8111fb693047a644cc46f76ce627055ff9,source_train,Same AI2-THOR FloorPlan reference is not recounted for TEACh or another adapter,source_reference_identified_not_full_asset_closure
ai2thor_alfred::FloorPlan429,ai2thor_alfred,FloorPlan429,f91f4c0c96c7a29f33d0557f86b0a21035379b3b,https://raw.githubusercontent.com/askforalfred/alfred/f91f4c0c96c7a29f33d0557f86b0a21035379b3b/gen/constants.py,gen/constants.py::TRAIN_SCENE_NUMBERS,5664c7c163a67fc392ab1f44aa106a8111fb693047a644cc46f76ce627055ff9,source_train,Same AI2-THOR FloorPlan reference is not recounted for TEACh or another adapter,source_reference_identified_not_full_asset_closure
ai2thor_alfred::FloorPlan430,ai2thor_alfred,FloorPlan430,f91f4c0c96c7a29f33d0557f86b0a21035379b3b,https://raw.githubusercontent.com/askforalfred/alfred/f91f4c0c96c7a29f33d0557f86b0a21035379b3b/gen/constants.py,gen/constants.py::TRAIN_SCENE_NUMBERS,5664c7c163a67fc392ab1f44aa106a8111fb693047a644cc46f76ce627055ff9,source_train,Same AI2-THOR FloorPlan reference is not recounted for TEACh or another adapter,source_reference_identified_not_full_asset_closure
ai2thor_alfred::FloorPlan1,ai2thor_alfred,FloorPlan1,f91f4c0c96c7a29f33d0557f86b0a21035379b3b,https://raw.githubusercontent.com/askforalfred/alfred/f91f4c0c96c7a29f33d0557f86b0a21035379b3b/gen/constants.py,gen/constants.py::TEST_SCENE_NUMBERS,5664c7c163a67fc392ab1f44aa106a8111fb693047a644cc46f76ce627055ff9,source_test,Same AI2-THOR FloorPlan reference is not recounted for TEACh or another adapter,source_reference_identified_not_full_asset_closure
ai2thor_alfred::FloorPlan2,ai2thor_alfred,FloorPlan2,f91f4c0c96c7a29f33d0557f86b0a21035379b3b,https://raw.githubusercontent.com/askforalfred/alfred/f91f4c0c96c7a29f33d0557f86b0a21035379b3b/gen/constants.py,gen/constants.py::TEST_SCENE_NUMBERS,5664c7c163a67fc392ab1f44aa106a8111fb693047a644cc46f76ce627055ff9,source_test,Same AI2-THOR FloorPlan reference is not recounted for TEACh or another adapter,source_reference_identified_not_full_asset_closure
ai2thor_alfred::FloorPlan3,ai2thor_alfred,FloorPlan3,f91f4c0c96c7a29f33d0557f86b0a21035379b3b,https://raw.githubusercontent.com/askforalfred/alfred/f91f4c0c96c7a29f33d0557f86b0a21035379b3b/gen/constants.py,gen/constants.py::TEST_SCENE_NUMBERS,5664c7c163a67fc392ab1f44aa106a8111fb693047a644cc46f76ce627055ff9,source_test,Same AI2-THOR FloorPlan reference is not recounted for TEACh or another adapter,source_reference_identified_not_full_asset_closure
ai2thor_alfred::FloorPlan4,ai2thor_alfred,FloorPlan4,f91f4c0c96c7a29f33d0557f86b0a21035379b3b,https://raw.githubusercontent.com/askforalfred/alfred/f91f4c0c96c7a29f33d0557f86b0a21035379b3b/gen/constants.py,gen/constants.py::TEST_SCENE_NUMBERS,5664c7c163a67fc392ab1f44aa106a8111fb693047a644cc46f76ce627055ff9,source_test,Same AI2-THOR FloorPlan reference is not recounted for TEACh or another adapter,source_reference_identified_not_full_asset_closure
ai2thor_alfred::FloorPlan5,ai2thor_alfred,FloorPlan5,f91f4c0c96c7a29f33d0557f86b0a21035379b3b,https://raw.githubusercontent.com/askforalfred/alfred/f91f4c0c96c7a29f33d0557f86b0a21035379b3b/gen/constants.py,gen/constants.py::TEST_SCENE_NUMBERS,5664c7c163a67fc392ab1f44aa106a8111fb693047a644cc46f76ce627055ff9,source_test,Same AI2-THOR FloorPlan reference is not recounted for TEACh or another adapter,source_reference_identified_not_full_asset_closure
ai2thor_alfred::FloorPlan6,ai2thor_alfred,FloorPlan6,f91f4c0c96c7a29f33d0557f86b0a21035379b3b,https://raw.githubusercontent.com/askforalfred/alfred/f91f4c0c96c7a29f33d0557f86b0a21035379b3b/gen/constants.py,gen/constants.py::TEST_SCENE_NUMBERS,5664c7c163a67fc392ab1f44aa106a8111fb693047a644cc46f76ce627055ff9,source_test,Same AI2-THOR FloorPlan reference is not recounted for TEACh or another adapter,source_reference_identified_not_full_asset_closure
ai2thor_alfred::FloorPlan201,ai2thor_alfred,FloorPlan201,f91f4c0c96c7a29f33d0557f86b0a21035379b3b,https://raw.githubusercontent.com/askforalfred/alfred/f91f4c0c96c7a29f33d0557f86b0a21035379b3b/gen/constants.py,gen/constants.py::TEST_SCENE_NUMBERS,5664c7c163a67fc392ab1f44aa106a8111fb693047a644cc46f76ce627055ff9,source_test,Same AI2-THOR FloorPlan reference is not recounted for TEACh or another adapter,source_reference_identified_not_full_asset_closure
ai2thor_alfred::FloorPlan202,ai2thor_alfred,FloorPlan202,f91f4c0c96c7a29f33d0557f86b0a21035379b3b,https://raw.githubusercontent.com/askforalfred/alfred/f91f4c0c96c7a29f33d0557f86b0a21035379b3b/gen/constants.py,gen/constants.py::TEST_SCENE_NUMBERS,5664c7c163a67fc392ab1f44aa106a8111fb693047a644cc46f76ce627055ff9,source_test,Same AI2-THOR FloorPlan reference is not recounted for TEACh or another adapter,source_reference_identified_not_full_asset_closure
ai2thor_alfred::FloorPlan203,ai2thor_alfred,FloorPlan203,f91f4c0c96c7a29f33d0557f86b0a21035379b3b,https://raw.githubusercontent.com/askforalfred/alfred/f91f4c0c96c7a29f33d0557f86b0a21035379b3b/gen/constants.py,gen/constants.py::TEST_SCENE_NUMBERS,5664c7c163a67fc392ab1f44aa106a8111fb693047a644cc46f76ce627055ff9,source_test,Same AI2-THOR FloorPlan reference is not recounted for TEACh or another adapter,source_reference_identified_not_full_asset_closure
ai2thor_alfred::FloorPlan204,ai2thor_alfred,FloorPlan204,f91f4c0c96c7a29f33d0557f86b0a21035379b3b,https://raw.githubusercontent.com/askforalfred/alfred/f91f4c0c96c7a29f33d0557f86b0a21035379b3b/gen/constants.py,gen/constants.py::TEST_SCENE_NUMBERS,5664c7c163a67fc392ab1f44aa106a8111fb693047a644cc46f76ce627055ff9,source_test,Same AI2-THOR FloorPlan reference is not recounted for TEACh or another adapter,source_reference_identified_not_full_asset_closure
ai2thor_alfred::FloorPlan205,ai2thor_alfred,FloorPlan205,f91f4c0c96c7a29f33d0557f86b0a21035379b3b,https://raw.githubusercontent.com/askforalfred/alfred/f91f4c0c96c7a29f33d0557f86b0a21035379b3b/gen/constants.py,gen/constants.py::TEST_SCENE_NUMBERS,5664c7c163a67fc392ab1f44aa106a8111fb693047a644cc46f76ce627055ff9,source_test,Same AI2-THOR FloorPlan reference is not recounted for TEACh or another adapter,source_reference_identified_not_full_asset_closure
ai2thor_alfred::FloorPlan206,ai2thor_alfred,FloorPlan206,f91f4c0c96c7a29f33d0557f86b0a21035379b3b,https://raw.githubusercontent.com/askforalfred/alfred/f91f4c0c96c7a29f33d0557f86b0a21035379b3b/gen/constants.py,gen/constants.py::TEST_SCENE_NUMBERS,5664c7c163a67fc392ab1f44aa106a8111fb693047a644cc46f76ce627055ff9,source_test,Same AI2-THOR FloorPlan reference is not recounted for TEACh or another adapter,source_reference_identified_not_full_asset_closure
ai2thor_alfred::FloorPlan301,ai2thor_alfred,FloorPlan301,f91f4c0c96c7a29f33d0557f86b0a21035379b3b,https://raw.githubusercontent.com/askforalfred/alfred/f91f4c0c96c7a29f33d0557f86b0a21035379b3b/gen/constants.py,gen/constants.py::TEST_SCENE_NUMBERS,5664c7c163a67fc392ab1f44aa106a8111fb693047a644cc46f76ce627055ff9,source_test,Same AI2-THOR FloorPlan reference is not recounted for TEACh or another adapter,source_reference_identified_not_full_asset_closure
ai2thor_alfred::FloorPlan302,ai2thor_alfred,FloorPlan302,f91f4c0c96c7a29f33d0557f86b0a21035379b3b,https://raw.githubusercontent.com/askforalfred/alfred/f91f4c0c96c7a29f33d0557f86b0a21035379b3b/gen/constants.py,gen/constants.py::TEST_SCENE_NUMBERS,5664c7c163a67fc392ab1f44aa106a8111fb693047a644cc46f76ce627055ff9,source_test,Same AI2-THOR FloorPlan reference is not recounted for TEACh or another adapter,source_reference_identified_not_full_asset_closure
ai2thor_alfred::FloorPlan303,ai2thor_alfred,FloorPlan303,f91f4c0c96c7a29f33d0557f86b0a21035379b3b,https://raw.githubusercontent.com/askforalfred/alfred/f91f4c0c96c7a29f33d0557f86b0a21035379b3b/gen/constants.py,gen/constants.py::TEST_SCENE_NUMBERS,5664c7c163a67fc392ab1f44aa106a8111fb693047a644cc46f76ce627055ff9,source_test,Same AI2-THOR FloorPlan reference is not recounted for TEACh or another adapter,source_reference_identified_not_full_asset_closure
ai2thor_alfred::FloorPlan304,ai2thor_alfred,FloorPlan304,f91f4c0c96c7a29f33d0557f86b0a21035379b3b,https://raw.githubusercontent.com/askforalfred/alfred/f91f4c0c96c7a29f33d0557f86b0a21035379b3b/gen/constants.py,gen/constants.py::TEST_SCENE_NUMBERS,5664c7c163a67fc392ab1f44aa106a8111fb693047a644cc46f76ce627055ff9,source_test,Same AI2-THOR FloorPlan reference is not recounted for TEACh or another adapter,source_reference_identified_not_full_asset_closure
ai2thor_alfred::FloorPlan305,ai2thor_alfred,FloorPlan305,f91f4c0c96c7a29f33d0557f86b0a21035379b3b,https://raw.githubusercontent.com/askforalfred/alfred/f91f4c0c96c7a29f33d0557f86b0a21035379b3b/gen/constants.py,gen/constants.py::TEST_SCENE_NUMBERS,5664c7c163a67fc392ab1f44aa106a8111fb693047a644cc46f76ce627055ff9,source_test,Same AI2-THOR FloorPlan reference is not recounted for TEACh or another adapter,source_reference_identified_not_full_asset_closure
ai2thor_alfred::FloorPlan306,ai2thor_alfred,FloorPlan306,f91f4c0c96c7a29f33d0557f86b0a21035379b3b,https://raw.githubusercontent.com/askforalfred/alfred/f91f4c0c96c7a29f33d0557f86b0a21035379b3b/gen/constants.py,gen/constants.py::TEST_SCENE_NUMBERS,5664c7c163a67fc392ab1f44aa106a8111fb693047a644cc46f76ce627055ff9,source_test,Same AI2-THOR FloorPlan reference is not recounted for TEACh or another adapter,source_reference_identified_not_full_asset_closure
ai2thor_alfred::FloorPlan401,ai2thor_alfred,FloorPlan401,f91f4c0c96c7a29f33d0557f86b0a21035379b3b,https://raw.githubusercontent.com/askforalfred/alfred/f91f4c0c96c7a29f33d0557f86b0a21035379b3b/gen/constants.py,gen/constants.py::TEST_SCENE_NUMBERS,5664c7c163a67fc392ab1f44aa106a8111fb693047a644cc46f76ce627055ff9,source_test,Same AI2-THOR FloorPlan reference is not recounted for TEACh or another adapter,source_reference_identified_not_full_asset_closure
ai2thor_alfred::FloorPlan402,ai2thor_alfred,FloorPlan402,f91f4c0c96c7a29f33d0557f86b0a21035379b3b,https://raw.githubusercontent.com/askforalfred/alfred/f91f4c0c96c7a29f33d0557f86b0a21035379b3b/gen/constants.py,gen/constants.py::TEST_SCENE_NUMBERS,5664c7c163a67fc392ab1f44aa106a8111fb693047a644cc46f76ce627055ff9,source_test,Same AI2-THOR FloorPlan reference is not recounted for TEACh or another adapter,source_reference_identified_not_full_asset_closure
ai2thor_alfred::FloorPlan403,ai2thor_alfred,FloorPlan403,f91f4c0c96c7a29f33d0557f86b0a21035379b3b,https://raw.githubusercontent.com/askforalfred/alfred/f91f4c0c96c7a29f33d0557f86b0a21035379b3b/gen/constants.py,gen/constants.py::TEST_SCENE_NUMBERS,5664c7c163a67fc392ab1f44aa106a8111fb693047a644cc46f76ce627055ff9,source_test,Same AI2-THOR FloorPlan reference is not recounted for TEACh or another adapter,source_reference_identified_not_full_asset_closure
ai2thor_alfred::FloorPlan404,ai2thor_alfred,FloorPlan404,f91f4c0c96c7a29f33d0557f86b0a21035379b3b,https://raw.githubusercontent.com/askforalfred/alfred/f91f4c0c96c7a29f33d0557f86b0a21035379b3b/gen/constants.py,gen/constants.py::TEST_SCENE_NUMBERS,5664c7c163a67fc392ab1f44aa106a8111fb693047a644cc46f76ce627055ff9,source_test,Same AI2-THOR FloorPlan reference is not recounted for TEACh or another adapter,source_reference_identified_not_full_asset_closure
ai2thor_alfred::FloorPlan405,ai2thor_alfred,FloorPlan405,f91f4c0c96c7a29f33d0557f86b0a21035379b3b,https://raw.githubusercontent.com/askforalfred/alfred/f91f4c0c96c7a29f33d0557f86b0a21035379b3b/gen/constants.py,gen/constants.py::TEST_SCENE_NUMBERS,5664c7c163a67fc392ab1f44aa106a8111fb693047a644cc46f76ce627055ff9,source_test,Same AI2-THOR FloorPlan reference is not recounted for TEACh or another adapter,source_reference_identified_not_full_asset_closure
ai2thor_alfred::FloorPlan406,ai2thor_alfred,FloorPlan406,f91f4c0c96c7a29f33d0557f86b0a21035379b3b,https://raw.githubusercontent.com/askforalfred/alfred/f91f4c0c96c7a29f33d0557f86b0a21035379b3b/gen/constants.py,gen/constants.py::TEST_SCENE_NUMBERS,5664c7c163a67fc392ab1f44aa106a8111fb693047a644cc46f76ce627055ff9,source_test,Same AI2-THOR FloorPlan reference is not recounted for TEACh or another adapter,source_reference_identified_not_full_asset_closure
calvin::scene_A,calvin,scene_A,1431a46bd36bde5903fb6345e68b5ccc30def666,https://raw.githubusercontent.com/mees/calvin_env/1431a46bd36bde5903fb6345e68b5ccc30def666/conf/scene/calvin_scene_A.yaml,conf/scene/calvin_scene_A.yaml,e91f76b7af0950828ad9bc426768c4600c8badcdbd41a719dcce326e12e7b05d,,"D_eval is an evaluation configuration of D, not a fifth counted layout",source_reference_identified_not_full_asset_closure
calvin::scene_B,calvin,scene_B,1431a46bd36bde5903fb6345e68b5ccc30def666,https://raw.githubusercontent.com/mees/calvin_env/1431a46bd36bde5903fb6345e68b5ccc30def666/conf/scene/calvin_scene_B.yaml,conf/scene/calvin_scene_B.yaml,7577625ef8dc40918936875697806b3dc1fa53a7ba59c4d0950cd2937a47baa0,,"D_eval is an evaluation configuration of D, not a fifth counted layout",source_reference_identified_not_full_asset_closure
calvin::scene_C,calvin,scene_C,1431a46bd36bde5903fb6345e68b5ccc30def666,https://raw.githubusercontent.com/mees/calvin_env/1431a46bd36bde5903fb6345e68b5ccc30def666/conf/scene/calvin_scene_C.yaml,conf/scene/calvin_scene_C.yaml,a7cf204d27465ae80ec41aaa3a62ea4fc30346dda8413d6702969fc1e70a7ddc,,"D_eval is an evaluation configuration of D, not a fifth counted layout",source_reference_identified_not_full_asset_closure
calvin::scene_D,calvin,scene_D,1431a46bd36bde5903fb6345e68b5ccc30def666,https://raw.githubusercontent.com/mees/calvin_env/1431a46bd36bde5903fb6345e68b5ccc30def666/conf/scene/calvin_scene_D.yaml,conf/scene/calvin_scene_D.yaml,f4515e439dd6b2edb55369ed421d2e47088543655970e049e5ffe760c1448c11,,"D_eval is an evaluation configuration of D, not a fifth counted layout",source_reference_identified_not_full_asset_closure
hssd_partnr::102344022,hssd_partnr,102344022,bdc2c6c1e2e96e5ab690e9a8555ebf1a16d39632,https://huggingface.co/datasets/hssd/hssd-hab/resolve/bdc2c6c1e2e96e5ab690e9a8555ebf1a16d39632/scenes-partnr-filtered/102344022.scene_instance.json,scenes-partnr-filtered/102344022.scene_instance.json,7748c841536a2869c6bff86a4aad9e6fd0bd1ec83b0840dc034e976da7bcfdb1,,HSSD base scene identity is preserved; filtered object configurations are not new layout IDs,source_reference_identified_not_full_asset_closure
hssd_partnr::102344049,hssd_partnr,102344049,bdc2c6c1e2e96e5ab690e9a8555ebf1a16d39632,https://huggingface.co/datasets/hssd/hssd-hab/resolve/bdc2c6c1e2e96e5ab690e9a8555ebf1a16d39632/scenes-partnr-filtered/102344049.scene_instance.json,scenes-partnr-filtered/102344049.scene_instance.json,2f369c52d47555457812154ed2cef257b77b3eabdde6867ca46b690f10a90f90,,HSSD base scene identity is preserved; filtered object configurations are not new layout IDs,source_reference_identified_not_full_asset_closure
hssd_partnr::102344193,hssd_partnr,102344193,bdc2c6c1e2e96e5ab690e9a8555ebf1a16d39632,https://huggingface.co/datasets/hssd/hssd-hab/resolve/bdc2c6c1e2e96e5ab690e9a8555ebf1a16d39632/scenes-partnr-filtered/102344193.scene_instance.json,scenes-partnr-filtered/102344193.scene_instance.json,9237e845d03ea5b4d40b1a4afdac13472364e5a6c622b3c6e590d331b207016d,,HSSD base scene identity is preserved; filtered object configurations are not new layout IDs,source_reference_identified_not_full_asset_closure
hssd_partnr::102344250,hssd_partnr,102344250,bdc2c6c1e2e96e5ab690e9a8555ebf1a16d39632,https://huggingface.co/datasets/hssd/hssd-hab/resolve/bdc2c6c1e2e96e5ab690e9a8555ebf1a16d39632/scenes-partnr-filtered/102344250.scene_instance.json,scenes-partnr-filtered/102344250.scene_instance.json,195ce721ff1ef285ffcb63450853524bcb52abe7b2bd2f194ca6dc0cd01f3425,,HSSD base scene identity is preserved; filtered object configurations are not new layout IDs,source_reference_identified_not_full_asset_closure
hssd_partnr::102344280,hssd_partnr,102344280,bdc2c6c1e2e96e5ab690e9a8555ebf1a16d39632,https://huggingface.co/datasets/hssd/hssd-hab/resolve/bdc2c6c1e2e96e5ab690e9a8555ebf1a16d39632/scenes-partnr-filtered/102344280.scene_instance.json,scenes-partnr-filtered/102344280.scene_instance.json,57c65d7ecfaa53c34c7bbcf8c9711117212b6bc9f01cddb70cf8dc701c1bb5de,,HSSD base scene identity is preserved; filtered object configurations are not new layout IDs,source_reference_identified_not_full_asset_closure
hssd_partnr::102344403,hssd_partnr,102344403,bdc2c6c1e2e96e5ab690e9a8555ebf1a16d39632,https://huggingface.co/datasets/hssd/hssd-hab/resolve/bdc2c6c1e2e96e5ab690e9a8555ebf1a16d39632/scenes-partnr-filtered/102344403.scene_instance.json,scenes-partnr-filtered/102344403.scene_instance.json,4b11cd7c0321b12870408cbff0bf6ec3e688e28a820d7643f490634358408266,,HSSD base scene identity is preserved; filtered object configurations are not new layout IDs,source_reference_identified_not_full_asset_closure
hssd_partnr::102344457,hssd_partnr,102344457,bdc2c6c1e2e96e5ab690e9a8555ebf1a16d39632,https://huggingface.co/datasets/hssd/hssd-hab/resolve/bdc2c6c1e2e96e5ab690e9a8555ebf1a16d39632/scenes-partnr-filtered/102344457.scene_instance.json,scenes-partnr-filtered/102344457.scene_instance.json,e4c855a607b58dff192296c04d4e92d93eb4438702a06dee1bc9cdd5b4e948ac,,HSSD base scene identity is preserved; filtered object configurations are not new layout IDs,source_reference_identified_not_full_asset_closure
hssd_partnr::102344529,hssd_partnr,102344529,bdc2c6c1e2e96e5ab690e9a8555ebf1a16d39632,https://huggingface.co/datasets/hssd/hssd-hab/resolve/bdc2c6c1e2e96e5ab690e9a8555ebf1a16d39632/scenes-partnr-filtered/102344529.scene_instance.json,scenes-partnr-filtered/102344529.scene_instance.json,4b70c4a378fb2fa8769ae877030850a40a6b284b95bba4adaaa4063df563acb0,,HSSD base scene identity is preserved; filtered object configurations are not new layout IDs,source_reference_identified_not_full_asset_closure
hssd_partnr::102815835,hssd_partnr,102815835,bdc2c6c1e2e96e5ab690e9a8555ebf1a16d39632,https://huggingface.co/datasets/hssd/hssd-hab/resolve/bdc2c6c1e2e96e5ab690e9a8555ebf1a16d39632/scenes-partnr-filtered/102815835.scene_instance.json,scenes-partnr-filtered/102815835.scene_instance.json,18d4a45adeecfb0e64921ba4e7711d6e9e8927f0d44857fb6cea7e50d2586167,,HSSD base scene identity is preserved; filtered object configurations are not new layout IDs,source_reference_identified_not_full_asset_closure
hssd_partnr::102815859,hssd_partnr,102815859,bdc2c6c1e2e96e5ab690e9a8555ebf1a16d39632,https://huggingface.co/datasets/hssd/hssd-hab/resolve/bdc2c6c1e2e96e5ab690e9a8555ebf1a16d39632/scenes-partnr-filtered/102815859.scene_instance.json,scenes-partnr-filtered/102815859.scene_instance.json,5386106095b523071086a2529fb103be54aaa5e702b5e2bd7166778532ccc46d,,HSSD base scene identity is preserved; filtered object configurations are not new layout IDs,source_reference_identified_not_full_asset_closure
hssd_partnr::102816009,hssd_partnr,102816009,bdc2c6c1e2e96e5ab690e9a8555ebf1a16d39632,https://huggingface.co/datasets/hssd/hssd-hab/resolve/bdc2c6c1e2e96e5ab690e9a8555ebf1a16d39632/scenes-partnr-filtered/102816009.scene_instance.json,scenes-partnr-filtered/102816009.scene_instance.json,b7d45ae68b1e7f8ec4b6fcfb67b62d8eaf8f394fc94a2fa1648fa2c6f2c65544,,HSSD base scene identity is preserved; filtered object configurations are not new layout IDs,source_reference_identified_not_full_asset_closure
hssd_partnr::102816216,hssd_partnr,102816216,bdc2c6c1e2e96e5ab690e9a8555ebf1a16d39632,https://huggingface.co/datasets/hssd/hssd-hab/resolve/bdc2c6c1e2e96e5ab690e9a8555ebf1a16d39632/scenes-partnr-filtered/102816216.scene_instance.json,scenes-partnr-filtered/102816216.scene_instance.json,84a4f9fbf8c4dbe696b584b211e64e1c868bba06017da1e6a801d4efd1a52ce8,,HSSD base scene identity is preserved; filtered object configurations are not new layout IDs,source_reference_identified_not_full_asset_closure
hssd_partnr::102816756,hssd_partnr,102816756,bdc2c6c1e2e96e5ab690e9a8555ebf1a16d39632,https://huggingface.co/datasets/hssd/hssd-hab/resolve/bdc2c6c1e2e96e5ab690e9a8555ebf1a16d39632/scenes-partnr-filtered/102816756.scene_instance.json,scenes-partnr-filtered/102816756.scene_instance.json,b7f7bb9ff52b8c53d3286b51f1da73daff11c4e3ea8489dc6b65f4440d7e60e1,,HSSD base scene identity is preserved; filtered object configurations are not new layout IDs,source_reference_identified_not_full_asset_closure
hssd_partnr::102817140,hssd_partnr,102817140,bdc2c6c1e2e96e5ab690e9a8555ebf1a16d39632,https://huggingface.co/datasets/hssd/hssd-hab/resolve/bdc2c6c1e2e96e5ab690e9a8555ebf1a16d39632/scenes-partnr-filtered/102817140.scene_instance.json,scenes-partnr-filtered/102817140.scene_instance.json,a4933b2f8873bfbcd73b5b57f42154e0ee722042ada63bd01a8dcdb2cfed93ed,,HSSD base scene identity is preserved; filtered object configurations are not new layout IDs,source_reference_identified_not_full_asset_closure
hssd_partnr::102817200,hssd_partnr,102817200,bdc2c6c1e2e96e5ab690e9a8555ebf1a16d39632,https://huggingface.co/datasets/hssd/hssd-hab/resolve/bdc2c6c1e2e96e5ab690e9a8555ebf1a16d39632/scenes-partnr-filtered/102817200.scene_instance.json,scenes-partnr-filtered/102817200.scene_instance.json,8b589fd6cbdecff8d54a9825a7700c227eaa2e3244c858f41cb0be26e9e3579c,,HSSD base scene identity is preserved; filtered object configurations are not new layout IDs,source_reference_identified_not_full_asset_closure
hssd_partnr::103997424_171030444,hssd_partnr,103997424_171030444,bdc2c6c1e2e96e5ab690e9a8555ebf1a16d39632,https://huggingface.co/datasets/hssd/hssd-hab/resolve/bdc2c6c1e2e96e5ab690e9a8555ebf1a16d39632/scenes-partnr-filtered/103997424_171030444.scene_instance.json,scenes-partnr-filtered/103997424_171030444.scene_instance.json,13116f54795f1d30b79abf12ec0d4fe6e29562f8258ba0f75296995fa3d5de01,,HSSD base scene identity is preserved; filtered object configurations are not new layout IDs,source_reference_identified_not_full_asset_closure
hssd_partnr::103997460_171030507,hssd_partnr,103997460_171030507,bdc2c6c1e2e96e5ab690e9a8555ebf1a16d39632,https://huggingface.co/datasets/hssd/hssd-hab/resolve/bdc2c6c1e2e96e5ab690e9a8555ebf1a16d39632/scenes-partnr-filtered/103997460_171030507.scene_instance.json,scenes-partnr-filtered/103997460_171030507.scene_instance.json,4708d3bc14e973d913d93696df81c1f00eabaadaad0a5b11ae3f6d8908d363f7,,HSSD base scene identity is preserved; filtered object configurations are not new layout IDs,source_reference_identified_not_full_asset_closure
hssd_partnr::103997895_171031182,hssd_partnr,103997895_171031182,bdc2c6c1e2e96e5ab690e9a8555ebf1a16d39632,https://huggingface.co/datasets/hssd/hssd-hab/resolve/bdc2c6c1e2e96e5ab690e9a8555ebf1a16d39632/scenes-partnr-filtered/103997895_171031182.scene_instance.json,scenes-partnr-filtered/103997895_171031182.scene_instance.json,bc1e771498bccfc9d9c5cecff0382438c2d19b181e1a4ab4d6ee8a56fc3c4af6,,HSSD base scene identity is preserved; filtered object configurations are not new layout IDs,source_reference_identified_not_full_asset_closure
hssd_partnr::103997919_171031233,hssd_partnr,103997919_171031233,bdc2c6c1e2e96e5ab690e9a8555ebf1a16d39632,https://huggingface.co/datasets/hssd/hssd-hab/resolve/bdc2c6c1e2e96e5ab690e9a8555ebf1a16d39632/scenes-partnr-filtered/103997919_171031233.scene_instance.json,scenes-partnr-filtered/103997919_171031233.scene_instance.json,9b7efbb7c9129c42261b021ec470bc83ae83be42752d48aefda6fd5415cc7f59,,HSSD base scene identity is preserved; filtered object configurations are not new layout IDs,source_reference_identified_not_full_asset_closure
hssd_partnr::104348010_171512832,hssd_partnr,104348010_171512832,bdc2c6c1e2e96e5ab690e9a8555ebf1a16d39632,https://huggingface.co/datasets/hssd/hssd-hab/resolve/bdc2c6c1e2e96e5ab690e9a8555ebf1a16d39632/scenes-partnr-filtered/104348010_171512832.scene_instance.json,scenes-partnr-filtered/104348010_171512832.scene_instance.json,1119d132f7037296a199b27d86345de1abd62c6727fc2a08a9c44ca70dbd623a,,HSSD base scene identity is preserved; filtered object configurations are not new layout IDs,source_reference_identified_not_full_asset_closure
hssd_partnr::104348082_171512994,hssd_partnr,104348082_171512994,bdc2c6c1e2e96e5ab690e9a8555ebf1a16d39632,https://huggingface.co/datasets/hssd/hssd-hab/resolve/bdc2c6c1e2e96e5ab690e9a8555ebf1a16d39632/scenes-partnr-filtered/104348082_171512994.scene_instance.json,scenes-partnr-filtered/104348082_171512994.scene_instance.json,227e313a312afdd74c2d0cbfe46248bf2f6ced0ef7e6d5e07e3a59196c3da18c,,HSSD base scene identity is preserved; filtered object configurations are not new layout IDs,source_reference_identified_not_full_asset_closure
hssd_partnr::104348361_171513414,hssd_partnr,104348361_171513414,bdc2c6c1e2e96e5ab690e9a8555ebf1a16d39632,https://huggingface.co/datasets/hssd/hssd-hab/resolve/bdc2c6c1e2e96e5ab690e9a8555ebf1a16d39632/scenes-partnr-filtered/104348361_171513414.scene_instance.json,scenes-partnr-filtered/104348361_171513414.scene_instance.json,fcf79dd070f19bc454a3201e3893cc7faef02dc1d461621420b1b2f3953385f6,,HSSD base scene identity is preserved; filtered object configurations are not new layout IDs,source_reference_identified_not_full_asset_closure
hssd_partnr::104348463_171513588,hssd_partnr,104348463_171513588,bdc2c6c1e2e96e5ab690e9a8555ebf1a16d39632,https://huggingface.co/datasets/hssd/hssd-hab/resolve/bdc2c6c1e2e96e5ab690e9a8555ebf1a16d39632/scenes-partnr-filtered/104348463_171513588.scene_instance.json,scenes-partnr-filtered/104348463_171513588.scene_instance.json,b88f0b81529c851be60a0f8801bafbbc72f8c6a67195698639a22e341dc0ba81,,HSSD base scene identity is preserved; filtered object configurations are not new layout IDs,source_reference_identified_not_full_asset_closure
hssd_partnr::104862621_172226772,hssd_partnr,104862621_172226772,bdc2c6c1e2e96e5ab690e9a8555ebf1a16d39632,https://huggingface.co/datasets/hssd/hssd-hab/resolve/bdc2c6c1e2e96e5ab690e9a8555ebf1a16d39632/scenes-partnr-filtered/104862621_172226772.scene_instance.json,scenes-partnr-filtered/104862621_172226772.scene_instance.json,f0d62aa1ed3ec84b0be87549cb5ecc459b3abfade0df3aab63ce2b3317ed81f5,,HSSD base scene identity is preserved; filtered object configurations are not new layout IDs,source_reference_identified_not_full_asset_closure
hssd_partnr::104862639_172226823,hssd_partnr,104862639_172226823,bdc2c6c1e2e96e5ab690e9a8555ebf1a16d39632,https://huggingface.co/datasets/hssd/hssd-hab/resolve/bdc2c6c1e2e96e5ab690e9a8555ebf1a16d39632/scenes-partnr-filtered/104862639_172226823.scene_instance.json,scenes-partnr-filtered/104862639_172226823.scene_instance.json,63e7060b5f7ff582c289e1e43ff9fa0338c271d0e3aae9f3ded9083feccd5782,,HSSD base scene identity is preserved; filtered object configurations are not new layout IDs,source_reference_identified_not_full_asset_closure
hssd_partnr::104862660_172226844,hssd_partnr,104862660_172226844,bdc2c6c1e2e96e5ab690e9a8555ebf1a16d39632,https://huggingface.co/datasets/hssd/hssd-hab/resolve/bdc2c6c1e2e96e5ab690e9a8555ebf1a16d39632/scenes-partnr-filtered/104862660_172226844.scene_instance.json,scenes-partnr-filtered/104862660_172226844.scene_instance.json,b7fc17b84209c0c298f6653a073209c67d2e3ddef4e249c72e18969f74e564a8,,HSSD base scene identity is preserved; filtered object configurations are not new layout IDs,source_reference_identified_not_full_asset_closure
hssd_partnr::104862669_172226853,hssd_partnr,104862669_172226853,bdc2c6c1e2e96e5ab690e9a8555ebf1a16d39632,https://huggingface.co/datasets/hssd/hssd-hab/resolve/bdc2c6c1e2e96e5ab690e9a8555ebf1a16d39632/scenes-partnr-filtered/104862669_172226853.scene_instance.json,scenes-partnr-filtered/104862669_172226853.scene_instance.json,3632fc2c2ecc951f0b45fa56ff6f1bc3367f8f82190971957b26199b3b9d448f,,HSSD base scene identity is preserved; filtered object configurations are not new layout IDs,source_reference_identified_not_full_asset_closure
hssd_partnr::104862681_172226874,hssd_partnr,104862681_172226874,bdc2c6c1e2e96e5ab690e9a8555ebf1a16d39632,https://huggingface.co/datasets/hssd/hssd-hab/resolve/bdc2c6c1e2e96e5ab690e9a8555ebf1a16d39632/scenes-partnr-filtered/104862681_172226874.scene_instance.json,scenes-partnr-filtered/104862681_172226874.scene_instance.json,b57cde829ee1003df373ebccde5ed0fd6c560006dc27f279b85dd76d11379638,,HSSD base scene identity is preserved; filtered object configurations are not new layout IDs,source_reference_identified_not_full_asset_closure
hssd_partnr::105515211_173104179,hssd_partnr,105515211_173104179,bdc2c6c1e2e96e5ab690e9a8555ebf1a16d39632,https://huggingface.co/datasets/hssd/hssd-hab/resolve/bdc2c6c1e2e96e5ab690e9a8555ebf1a16d39632/scenes-partnr-filtered/105515211_173104179.scene_instance.json,scenes-partnr-filtered/105515211_173104179.scene_instance.json,166175416a40a0310346a5fa20c300e70f257c5ed0cc5d6e338785a582b61f03,,HSSD base scene identity is preserved; filtered object configurations are not new layout IDs,source_reference_identified_not_full_asset_closure
hssd_partnr::105515448_173104512,hssd_partnr,105515448_173104512,bdc2c6c1e2e96e5ab690e9a8555ebf1a16d39632,https://huggingface.co/datasets/hssd/hssd-hab/resolve/bdc2c6c1e2e96e5ab690e9a8555ebf1a16d39632/scenes-partnr-filtered/105515448_173104512.scene_instance.json,scenes-partnr-filtered/105515448_173104512.scene_instance.json,026fd4737858622af861509c0469ae1570f0458f36936db57601ccbcaab22a5e,,HSSD base scene identity is preserved; filtered object configurations are not new layout IDs,source_reference_identified_not_full_asset_closure
hssd_partnr::106366173_174226431,hssd_partnr,106366173_174226431,bdc2c6c1e2e96e5ab690e9a8555ebf1a16d39632,https://huggingface.co/datasets/hssd/hssd-hab/resolve/bdc2c6c1e2e96e5ab690e9a8555ebf1a16d39632/scenes-partnr-filtered/106366173_174226431.scene_instance.json,scenes-partnr-filtered/106366173_174226431.scene_instance.json,dda159383754fa70747e845412d8a2946a5fba796aebea3101ef230640071456,,HSSD base scene identity is preserved; filtered object configurations are not new layout IDs,source_reference_identified_not_full_asset_closure
hssd_partnr::106366353_174226695,hssd_partnr,106366353_174226695,bdc2c6c1e2e96e5ab690e9a8555ebf1a16d39632,https://huggingface.co/datasets/hssd/hssd-hab/resolve/bdc2c6c1e2e96e5ab690e9a8555ebf1a16d39632/scenes-partnr-filtered/106366353_174226695.scene_instance.json,scenes-partnr-filtered/106366353_174226695.scene_instance.json,1b2986bf6a9b267daf42522e745e4cf99ec7f0dbcb5eab7ce215d69af0784d3f,,HSSD base scene identity is preserved; filtered object configurations are not new layout IDs,source_reference_identified_not_full_asset_closure
hssd_partnr::106366386_174226770,hssd_partnr,106366386_174226770,bdc2c6c1e2e96e5ab690e9a8555ebf1a16d39632,https://huggingface.co/datasets/hssd/hssd-hab/resolve/bdc2c6c1e2e96e5ab690e9a8555ebf1a16d39632/scenes-partnr-filtered/106366386_174226770.scene_instance.json,scenes-partnr-filtered/106366386_174226770.scene_instance.json,1287b4e4f5ca65f4b33a99cae18b47a78a94012b88f044cfbd6f6195155c3a75,,HSSD base scene identity is preserved; filtered object configurations are not new layout IDs,source_reference_identified_not_full_asset_closure
hssd_partnr::106366410_174226806,hssd_partnr,106366410_174226806,bdc2c6c1e2e96e5ab690e9a8555ebf1a16d39632,https://huggingface.co/datasets/hssd/hssd-hab/resolve/bdc2c6c1e2e96e5ab690e9a8555ebf1a16d39632/scenes-partnr-filtered/106366410_174226806.scene_instance.json,scenes-partnr-filtered/106366410_174226806.scene_instance.json,ec2c14a740b1e746000443be88a58c9e744fabf613ecf83107f90d2962fde8c5,,HSSD base scene identity is preserved; filtered object configurations are not new layout IDs,source_reference_identified_not_full_asset_closure
hssd_partnr::106878915_174887025,hssd_partnr,106878915_174887025,bdc2c6c1e2e96e5ab690e9a8555ebf1a16d39632,https://huggingface.co/datasets/hssd/hssd-hab/resolve/bdc2c6c1e2e96e5ab690e9a8555ebf1a16d39632/scenes-partnr-filtered/106878915_174887025.scene_instance.json,scenes-partnr-filtered/106878915_174887025.scene_instance.json,dec071174ffe58c0449210b6a52ccec100c9db230ab181c623e69eb5213995ec,,HSSD base scene identity is preserved; filtered object configurations are not new layout IDs,source_reference_identified_not_full_asset_closure
hssd_partnr::106878945_174887058,hssd_partnr,106878945_174887058,bdc2c6c1e2e96e5ab690e9a8555ebf1a16d39632,https://huggingface.co/datasets/hssd/hssd-hab/resolve/bdc2c6c1e2e96e5ab690e9a8555ebf1a16d39632/scenes-partnr-filtered/106878945_174887058.scene_instance.json,scenes-partnr-filtered/106878945_174887058.scene_instance.json,80f997d471bf1e4b9b95334d5090a4e347a4ba5d2919f36d9d726465366843eb,,HSSD base scene identity is preserved; filtered object configurations are not new layout IDs,source_reference_identified_not_full_asset_closure
hssd_partnr::106878960_174887073,hssd_partnr,106878960_174887073,bdc2c6c1e2e96e5ab690e9a8555ebf1a16d39632,https://huggingface.co/datasets/hssd/hssd-hab/resolve/bdc2c6c1e2e96e5ab690e9a8555ebf1a16d39632/scenes-partnr-filtered/106878960_174887073.scene_instance.json,scenes-partnr-filtered/106878960_174887073.scene_instance.json,1246d43eee025e17f4da8c6dd11671f6ccff3adf0904901b56c14b52332a4969,,HSSD base scene identity is preserved; filtered object configurations are not new layout IDs,source_reference_identified_not_full_asset_closure
hssd_partnr::106879044_174887172,hssd_partnr,106879044_174887172,bdc2c6c1e2e96e5ab690e9a8555ebf1a16d39632,https://huggingface.co/datasets/hssd/hssd-hab/resolve/bdc2c6c1e2e96e5ab690e9a8555ebf1a16d39632/scenes-partnr-filtered/106879044_174887172.scene_instance.json,scenes-partnr-filtered/106879044_174887172.scene_instance.json,8b3db30cd9c9be30f6e3cf685c994b69541f23b100ef5ad7f997f12940547cad,,HSSD base scene identity is preserved; filtered object configurations are not new layout IDs,source_reference_identified_not_full_asset_closure
hssd_partnr::107733960_175999701,hssd_partnr,107733960_175999701,bdc2c6c1e2e96e5ab690e9a8555ebf1a16d39632,https://huggingface.co/datasets/hssd/hssd-hab/resolve/bdc2c6c1e2e96e5ab690e9a8555ebf1a16d39632/scenes-partnr-filtered/107733960_175999701.scene_instance.json,scenes-partnr-filtered/107733960_175999701.scene_instance.json,bdd14cac1ac32dcbfacbf312b25c3eb7d5d5e489b7c862fe08829e45bbe41fdb,,HSSD base scene identity is preserved; filtered object configurations are not new layout IDs,source_reference_identified_not_full_asset_closure
hssd_partnr::107734176_176000019,hssd_partnr,107734176_176000019,bdc2c6c1e2e96e5ab690e9a8555ebf1a16d39632,https://huggingface.co/datasets/hssd/hssd-hab/resolve/bdc2c6c1e2e96e5ab690e9a8555ebf1a16d39632/scenes-partnr-filtered/107734176_176000019.scene_instance.json,scenes-partnr-filtered/107734176_176000019.scene_instance.json,e8efa4557367e9180faf780ec1dd6d47d6ed0b487129c476b5fdcd53654608fd,,HSSD base scene identity is preserved; filtered object configurations are not new layout IDs,source_reference_identified_not_full_asset_closure
hssd_partnr::107734449_176000403,hssd_partnr,107734449_176000403,bdc2c6c1e2e96e5ab690e9a8555ebf1a16d39632,https://huggingface.co/datasets/hssd/hssd-hab/resolve/bdc2c6c1e2e96e5ab690e9a8555ebf1a16d39632/scenes-partnr-filtered/107734449_176000403.scene_instance.json,scenes-partnr-filtered/107734449_176000403.scene_instance.json,44a7d084db7e67e90c22cf5fa4480da0954c1606fbc50c5ed61856ac181aed3f,,HSSD base scene identity is preserved; filtered object configurations are not new layout IDs,source_reference_identified_not_full_asset_closure
hssd_partnr::107734479_176000442,hssd_partnr,107734479_176000442,bdc2c6c1e2e96e5ab690e9a8555ebf1a16d39632,https://huggingface.co/datasets/hssd/hssd-hab/resolve/bdc2c6c1e2e96e5ab690e9a8555ebf1a16d39632/scenes-partnr-filtered/107734479_176000442.scene_instance.json,scenes-partnr-filtered/107734479_176000442.scene_instance.json,2c76b1c54a4e59e9ea72f41d47fc99c96938cd26b56307c8a0794a967641c537,,HSSD base scene identity is preserved; filtered object configurations are not new layout IDs,source_reference_identified_not_full_asset_closure
hssd_partnr::108294573_176710113,hssd_partnr,108294573_176710113,bdc2c6c1e2e96e5ab690e9a8555ebf1a16d39632,https://huggingface.co/datasets/hssd/hssd-hab/resolve/bdc2c6c1e2e96e5ab690e9a8555ebf1a16d39632/scenes-partnr-filtered/108294573_176710113.scene_instance.json,scenes-partnr-filtered/108294573_176710113.scene_instance.json,fde81623eef027f0c067f7bccf17ec143c37796ab9d248328f6ca5b91fbaf08b,,HSSD base scene identity is preserved; filtered object configurations are not new layout IDs,source_reference_identified_not_full_asset_closure
hssd_partnr::108294870_176710551,hssd_partnr,108294870_176710551,bdc2c6c1e2e96e5ab690e9a8555ebf1a16d39632,https://huggingface.co/datasets/hssd/hssd-hab/resolve/bdc2c6c1e2e96e5ab690e9a8555ebf1a16d39632/scenes-partnr-filtered/108294870_176710551.scene_instance.json,scenes-partnr-filtered/108294870_176710551.scene_instance.json,5c09720498586193c56eecec900836b635f47fa2e0deabae98140a9a2b65e81e,,HSSD base scene identity is preserved; filtered object configurations are not new layout IDs,source_reference_identified_not_full_asset_closure
hssd_partnr::108294897_176710602,hssd_partnr,108294897_176710602,bdc2c6c1e2e96e5ab690e9a8555ebf1a16d39632,https://huggingface.co/datasets/hssd/hssd-hab/resolve/bdc2c6c1e2e96e5ab690e9a8555ebf1a16d39632/scenes-partnr-filtered/108294897_176710602.scene_instance.json,scenes-partnr-filtered/108294897_176710602.scene_instance.json,932441750dab85ad8aa1b54dfae753f5a8f171f5a2c3c2697179d3735699de24,,HSSD base scene identity is preserved; filtered object configurations are not new layout IDs,source_reference_identified_not_full_asset_closure
hssd_partnr::108736635_177263256,hssd_partnr,108736635_177263256,bdc2c6c1e2e96e5ab690e9a8555ebf1a16d39632,https://huggingface.co/datasets/hssd/hssd-hab/resolve/bdc2c6c1e2e96e5ab690e9a8555ebf1a16d39632/scenes-partnr-filtered/108736635_177263256.scene_instance.json,scenes-partnr-filtered/108736635_177263256.scene_instance.json,f0a2d7f42c7714039ff18248f3939c5a08c243cbb7a06a7a908bfcd157ed633d,,HSSD base scene identity is preserved; filtered object configurations are not new layout IDs,source_reference_identified_not_full_asset_closure
hssd_partnr::108736737_177263406,hssd_partnr,108736737_177263406,bdc2c6c1e2e96e5ab690e9a8555ebf1a16d39632,https://huggingface.co/datasets/hssd/hssd-hab/resolve/bdc2c6c1e2e96e5ab690e9a8555ebf1a16d39632/scenes-partnr-filtered/108736737_177263406.scene_instance.json,scenes-partnr-filtered/108736737_177263406.scene_instance.json,d78d9c5635fdf821603787bc7a5c1e1d2505142afc940894d034de3a91945700,,HSSD base scene identity is preserved; filtered object configurations are not new layout IDs,source_reference_identified_not_full_asset_closure
hssd_partnr::108736824_177263559,hssd_partnr,108736824_177263559,bdc2c6c1e2e96e5ab690e9a8555ebf1a16d39632,https://huggingface.co/datasets/hssd/hssd-hab/resolve/bdc2c6c1e2e96e5ab690e9a8555ebf1a16d39632/scenes-partnr-filtered/108736824_177263559.scene_instance.json,scenes-partnr-filtered/108736824_177263559.scene_instance.json,2ca30fdf2f4bddd0bd6568ecafa5585867b839b51df93c69096a37c381438535,,HSSD base scene identity is preserved; filtered object configurations are not new layout IDs,source_reference_identified_not_full_asset_closure
hssd_partnr::108736851_177263586,hssd_partnr,108736851_177263586,bdc2c6c1e2e96e5ab690e9a8555ebf1a16d39632,https://huggingface.co/datasets/hssd/hssd-hab/resolve/bdc2c6c1e2e96e5ab690e9a8555ebf1a16d39632/scenes-partnr-filtered/108736851_177263586.scene_instance.json,scenes-partnr-filtered/108736851_177263586.scene_instance.json,643dd8f1fbfe9753e3f4c0106f3ab7948d3e56ff2b285753c56bd1b79c38aff5,,HSSD base scene identity is preserved; filtered object configurations are not new layout IDs,source_reference_identified_not_full_asset_closure
hssd_partnr::108736872_177263607,hssd_partnr,108736872_177263607,bdc2c6c1e2e96e5ab690e9a8555ebf1a16d39632,https://huggingface.co/datasets/hssd/hssd-hab/resolve/bdc2c6c1e2e96e5ab690e9a8555ebf1a16d39632/scenes-partnr-filtered/108736872_177263607.scene_instance.json,scenes-partnr-filtered/108736872_177263607.scene_instance.json,6bd7d5b1189e4da334d6865bd177f599e31aa467069483815c2d998108891e44,,HSSD base scene identity is preserved; filtered object configurations are not new layout IDs,source_reference_identified_not_full_asset_closure
