paper_id,name,title,year,source_url,category,category_name,role,benchmark_source_registered,role_basis,detailed_comparison_id,evidence_depth,scope_note,family_label_as_recorded,source_records,native_units,source_ids,declared_domains,scenes,native_tasks,cases,materials,observation,task_list_status,task_list_complete_for_whole_work,source_scope_note,forecast_targets,collection_snapshot,case_inventory_status,case_records
"P001","VLOG","From Lifestyle Vlogs to Everyday Interactions","2017","https://arxiv.org/abs/1712.02310","V","人類影片與動作資料","benchmark_or_evaluation_resource","true","existing_bibliography_benchmark_contribution_annotation","","primary metadata verified; complete abstract reviewed for this report","Natural lifestyle video captures human-object interaction outside scripted robot demonstrations.","VLOG","0","{}","[]","","","","","","","native_task_list_to_collect","","Available fixed-source subset; original benchmark versions and native units remain explicit.","[]","","",""
"P002","HowTo100M","HowTo100M: Learning a Text-Video Embedding by Watching Hundred Million Narrated Video Clips","2019","https://arxiv.org/abs/1906.03327","V","人類影片與動作資料","data_or_method_resource","false","retained_related_work_not_promoted_to_benchmark","","primary metadata verified; complete abstract reviewed for this report","Large weakly aligned instructional video-text corpus; narration is not an executable action label.","HowTo100M","0","{}","[]","","","","","","","native_task_list_to_collect","","Available fixed-source subset; original benchmark versions and native units remain explicit.","[]","","",""
"P003","COIN","COIN: A Large-scale Dataset for Comprehensive Instructional Video Analysis","2019","https://arxiv.org/abs/1903.02874","V","人類影片與動作資料","benchmark_or_evaluation_resource","true","existing_bibliography_benchmark_contribution_annotation","","primary metadata verified; complete abstract reviewed for this report","Multi-domain instructional procedures; useful for task coverage and step understanding.","COIN","180","{""instructional_activity_definition"":180}","[""coin_video""]","12個COIN原生domain，按作者taxonomy保留；不是本計畫12域的直接對應","","180個instructional activity definitions；12個原生domain","11,827個影片annotation records，分屬180個活動；未下載影片","","網路教學影片、時間區段／步驟標籤","fixed_source_records_available","true","COIN.json recipe_type/class + taxonomy.xlsx; complete activity IDs in the pinned annotation release.","[]","","",""
"P004","CrossTask","Cross-task weakly supervised learning from instructional videos","2019","https://arxiv.org/abs/1903.08225","V","人類影片與動作資料","benchmark_or_evaluation_resource","true","existing_bibliography_benchmark_contribution_annotation","","primary metadata verified; scope coded from title/abstract evidence","Cross-task procedural step localization; edited instruction video differs from continuous execution.","CrossTask","83","{""instructional_activity_definition"":83}","[""crosstask""]","烹飪、家居DIY、車輛維護等人類程序題材；保留原生任務名","","83個活動定義＝18 primary＋65 related；兩種scope分開","","","教學影片與任務步驟；本輪只取得定義／annotation bundle","fixed_source_records_available","true","Both official task-list files parsed;83 activity IDs, not83 validated robot tasks.","[]","","",""
"P005","YouCook2","Towards Automatic Learning of Procedures from Web Instructional Videos","2017","https://arxiv.org/abs/1703.09788","V","人類影片與動作資料","benchmark_or_evaluation_resource","true","existing_bibliography_benchmark_contribution_annotation","","canonical primary-source metadata verified; abstract available in source_metadata.json","Cooking procedures and step-level video-language grounding.","YouCook2","0","{}","[]","","","","","","","native_task_list_to_collect","","Available fixed-source subset; original benchmark versions and native units remain explicit.","[]","","",""
"P006","Breakfast","The Language of Actions: Recovering the Syntax and Semantics of Goal-Directed Human Activities","2014","https://openaccess.thecvf.com/content_cvpr_2014/html/Kuehne_The_Language_of_2014_CVPR_paper.html","V","人類影片與動作資料","benchmark_or_evaluation_resource","true","existing_bibliography_benchmark_contribution_annotation","","primary metadata verified; scope coded from title/abstract evidence","Procedural breakfast preparation; useful for long activity segmentation.","Breakfast","0","{}","[]","","","","","","","native_task_list_to_collect","","Available fixed-source subset; original benchmark versions and native units remain explicit.","[]","","",""
"P007","Charades-Ego","Charades-Ego: A Large-Scale Dataset of Paired Third and First Person Videos","2018","https://arxiv.org/abs/1804.09626","V","人類影片與動作資料","benchmark_or_evaluation_resource","true","existing_bibliography_benchmark_contribution_annotation","","primary metadata verified; scope coded from title/abstract evidence","Paired first-person and third-person activity views support viewpoint transfer.","Charades-Ego","0","{}","[]","","","","","","","native_task_list_to_collect","","Available fixed-source subset; original benchmark versions and native units remain explicit.","[]","","",""
"P008","EGTEA Gaze+","In the Eye of Beholder: Joint Learning of Gaze and Actions in First Person Video","2018","https://openaccess.thecvf.com/content_ECCV_2018/html/Yin_Li_In_the_Eye_ECCV_2018_paper.html","V","人類影片與動作資料","benchmark_or_evaluation_resource","true","existing_bibliography_benchmark_contribution_annotation","","official proceedings page checked","Egocentric cooking with gaze; attention cues are useful but not robot control supervision.","EGTEA Gaze+","0","{}","[]","","","","","","","native_task_list_to_collect","","Available fixed-source subset; original benchmark versions and native units remain explicit.","[]","","",""
"P009","EPIC-KITCHENS","Scaling Egocentric Vision: The EPIC-KITCHENS Dataset","2018","https://arxiv.org/abs/1804.02748","V","人類影片與動作資料","benchmark_or_evaluation_resource","true","existing_bibliography_benchmark_contribution_annotation","","primary metadata verified; scope coded from title/abstract evidence","Unscripted kitchen interactions; recognition and anticipation are offline endpoints.","EPIC-KITCHENS","0","{}","[]","","","","","","","native_task_list_to_collect","","Available fixed-source subset; original benchmark versions and native units remain explicit.","[]","","",""
"P010","EPIC-KITCHENS-100","Rescaling Egocentric Vision","2020","https://arxiv.org/abs/2006.13256","V","人類影片與動作資料","benchmark_or_evaluation_resource","true","detailed_comparison_row","epic100","primary metadata verified; scope coded from title/abstract evidence","Expanded kitchen benchmark with multiple evaluation tasks; same broad dataset family.","EPIC-KITCHENS","0","{}","[]","廚房日常互動","45 個 environments","6 個 challenge endpoints；不是 6 種物理工作","約 90k annotated actions；非 90k robot tasks","真實廚房物件影片；非物理模型","Ego影片＋動作／語言標註","native_task_list_to_collect","","Available fixed-source subset; original benchmark versions and native units remain explicit.","[]","","",""
"P011","EPIC-KITCHENS VISOR","EPIC-KITCHENS VISOR Benchmark: VIdeo Segmentations and Object Relations","2022","https://arxiv.org/abs/2209.13064","V","人類影片與動作資料","benchmark_or_evaluation_resource","true","existing_bibliography_benchmark_contribution_annotation","","primary metadata verified; scope coded from title/abstract evidence","Pixel-level entities and interaction relations; adds grounding to EPIC video.","EPIC-KITCHENS","0","{}","[]","","","","","","","native_task_list_to_collect","","Available fixed-source subset; original benchmark versions and native units remain explicit.","[]","","",""
"P012","HD-EPIC","HD-EPIC: A Highly-Detailed Egocentric Video Dataset","2025","https://arxiv.org/abs/2502.04144","V","人類影片與動作資料","benchmark_or_evaluation_resource","true","existing_bibliography_benchmark_contribution_annotation","","canonical primary-source metadata verified; abstract available in source_metadata.json","Detailed multimodal kitchen activity; useful for fine interaction/state annotations.","HD-EPIC","0","{}","[]","","","","","","","native_task_list_to_collect","","Available fixed-source subset; original benchmark versions and native units remain explicit.","[]","","",""
"P013","Ego4D","Ego4D: Around the World in 3,000 Hours of Egocentric Video","2021","https://arxiv.org/abs/2110.07058","V","人類影片與動作資料","benchmark_or_evaluation_resource","true","detailed_comparison_row","ego4d","primary metadata verified; complete abstract reviewed for this report","Broad first-person video with multiple benchmarks including forecasting and memory.","Ego4D","0","{}","[]","數百種日常情境：household、outdoor、workplace、leisure；原作未用我們12類","74 個收集 locations／9 國；不是 74 個 simulator scenes","多個理解、記憶與預測 benchmark；不合成單一 robot 任務數","各 benchmark 的標註／split 分開計數，未混加","真實活動影片；部分有環境 mesh 等資料","Ego RGB；部分 audio、3D、gaze、stereo、多wearer 同步","native_task_list_to_collect","","Available fixed-source subset; original benchmark versions and native units remain explicit.","[]","","",""
"P014","Ego-Exo4D","Ego-Exo4D: Understanding Skilled Human Activity from First- and Third-Person Perspectives","2023","https://arxiv.org/abs/2311.18259","V","人類影片與動作資料","benchmark_or_evaluation_resource","true","detailed_comparison_row","egoexo4d","primary metadata verified; complete abstract reviewed for this report","Synchronized views of skilled activity; strong resource for viewpoint and embodiment studies.","Ego-Exo4D","0","{}","[]","skilled activity：運動、音樂、舞蹈、修車等","123 個 natural scene contexts；13 城市","技能理解、熟練度、跨視角、3D pose 等 benchmark","各 benchmark 分割／題數另計","真實影片與 point clouds，不等於可操控材料模型","影片、audio、gaze、camera pose、IMU、語言／expert commentary","native_task_list_to_collect","","Available fixed-source subset; original benchmark versions and native units remain explicit.","[]","","",""
"P015","Assembly101","Assembly101: A Large-Scale Multi-View Video Dataset for Understanding Procedural Activities","2022","https://arxiv.org/abs/2203.14712","V","人類影片與動作資料","benchmark_or_evaluation_resource","true","existing_bibliography_benchmark_contribution_annotation","","primary metadata verified; scope coded from title/abstract evidence","Multi-view assembly and disassembly; expands beyond kitchen procedures.","Assembly101","0","{}","[]","","","","","","","native_task_list_to_collect","","Available fixed-source subset; original benchmark versions and native units remain explicit.","[]","","",""
"P016","IKEA ASM","The IKEA ASM Dataset: Understanding People Assembling Furniture through Actions, Objects and Pose","2020","https://arxiv.org/abs/2007.00394","V","人類影片與動作資料","benchmark_or_evaluation_resource","true","existing_bibliography_benchmark_contribution_annotation","","canonical primary-source metadata verified; abstract available in source_metadata.json","Furniture assembly with multimodal views; procedural understanding rather than autonomous control.","IKEA ASM","0","{}","[]","","","","","","","native_task_list_to_collect","","Available fixed-source subset; original benchmark versions and native units remain explicit.","[]","","",""
"P017","HOI4D","HOI4D: A 4D Egocentric Dataset for Category-Level Human-Object Interaction","2022","https://arxiv.org/abs/2203.01577","V","人類影片與動作資料","benchmark_or_evaluation_resource","true","existing_bibliography_benchmark_contribution_annotation","","primary metadata verified; scope coded from title/abstract evidence","3D hands and object interactions support geometry-aware grounding.","HOI4D","0","{}","[]","","","","","","","native_task_list_to_collect","","Available fixed-source subset; original benchmark versions and native units remain explicit.","[]","","",""
"P018","HOT3D","HOT3D: Hand and Object Tracking in 3D from Egocentric Multi-View Videos","2024","https://arxiv.org/abs/2411.19167","V","人類影片與動作資料","benchmark_or_evaluation_resource","true","existing_bibliography_benchmark_contribution_annotation","","primary metadata verified; scope coded from title/abstract evidence","Multi-view hand/object tracking; perception output still requires retargeting for robots.","HOT3D","0","{}","[]","","","","","","","native_task_list_to_collect","","Available fixed-source subset; original benchmark versions and native units remain explicit.","[]","","",""
"P019","EgoBody","EgoBody: Human Body Shape and Motion of Interacting People from Head-Mounted Devices","2021","https://arxiv.org/abs/2112.07642","V","人類影片與動作資料","benchmark_or_evaluation_resource","true","existing_bibliography_benchmark_contribution_annotation","","canonical primary-source metadata verified; abstract available in source_metadata.json","Interacting human body motion from wearable views; adjacent to embodied assistance.","EgoBody","0","{}","[]","","","","","","","native_task_list_to_collect","","Available fixed-source subset; original benchmark versions and native units remain explicit.","[]","","",""
"P020","EgoHumans","EgoHumans: An Egocentric 3D Multi-Human Benchmark","2023","https://arxiv.org/abs/2305.16487","V","人類影片與動作資料","benchmark_or_evaluation_resource","true","existing_bibliography_benchmark_contribution_annotation","","primary metadata verified; scope coded from title/abstract evidence","Multi-person 3D understanding; relevant to shared spaces and human-aware behavior.","EgoHumans","0","{}","[]","","","","","","","native_task_list_to_collect","","Available fixed-source subset; original benchmark versions and native units remain explicit.","[]","","",""
"P021","Ego-ExoLearn","EgoExoLearn: A Dataset for Bridging Asynchronous Ego- and Exo-centric View of Procedural Activities in Real World","2024","https://arxiv.org/abs/2403.16182","V","人類影片與動作資料","benchmark_or_evaluation_resource","true","existing_bibliography_benchmark_contribution_annotation","","primary metadata verified; scope coded from title/abstract evidence","Procedural transfer between egocentric and exocentric observations.","Ego-ExoLearn","0","{}","[]","","","","","","","native_task_list_to_collect","","Available fixed-source subset; original benchmark versions and native units remain explicit.","[]","","",""
"P022","CaptainCook4D","CaptainCook4D: A Dataset for Understanding Errors in Procedural Activities","2023","https://arxiv.org/abs/2312.14556","V","人類影片與動作資料","benchmark_or_evaluation_resource","true","existing_bibliography_benchmark_contribution_annotation","","canonical primary-source metadata verified; abstract available in source_metadata.json","Procedural activity including errors; suitable for contrasting correct and incorrect execution.","CaptainCook4D","0","{}","[]","","","","","","","native_task_list_to_collect","","Available fixed-source subset; original benchmark versions and native units remain explicit.","[]","","",""
"P023","EgoProceL","My View is the Best View: Procedure Learning from Egocentric Videos","2022","https://arxiv.org/abs/2207.10883","V","人類影片與動作資料","benchmark_or_evaluation_resource","true","existing_bibliography_benchmark_contribution_annotation","","primary metadata verified; scope coded from title/abstract evidence","Procedure learning from first-person observations.","EgoProceL","0","{}","[]","","","","","","","native_task_list_to_collect","","Available fixed-source subset; original benchmark versions and native units remain explicit.","[]","","",""
"P024","EPIC Fields","EPIC Fields: Marrying 3D Geometry and Video Understanding","2023","https://arxiv.org/abs/2306.08731","V","人類影片與動作資料","benchmark_or_evaluation_resource","true","existing_bibliography_benchmark_contribution_annotation","","primary metadata verified; scope coded from title/abstract evidence","Camera geometry augments EPIC video; source videos overlap the EPIC family.","EPIC-KITCHENS","0","{}","[]","","","","","","","native_task_list_to_collect","","Available fixed-source subset; original benchmark versions and native units remain explicit.","[]","","",""
"P025","EgoPet","EgoPet: Egomotion and Interaction Data from an Animal's Perspective","2024","https://arxiv.org/abs/2404.09991","V","人類影片與動作資料","benchmark_or_evaluation_resource","true","existing_bibliography_benchmark_contribution_annotation","","primary metadata verified; scope coded from title/abstract evidence","Animal-view egomotion and interaction data; useful as a visual domain-shift probe, not a human robot embodiment target.","EgoPet","0","{}","[]","","","","","","","native_task_list_to_collect","","Available fixed-source subset; original benchmark versions and native units remain explicit.","[]","","",""
"P026","EgoHOS","Fine-Grained Egocentric Hand-Object Segmentation: Dataset, Model, and Applications","2022","https://arxiv.org/abs/2208.03826","V","人類影片與動作資料","benchmark_or_evaluation_resource","true","existing_bibliography_benchmark_contribution_annotation","","primary metadata verified; scope coded from title/abstract evidence","Fine hand-object segmentation for grounded interaction understanding.","EgoHOS","0","{}","[]","","","","","","","native_task_list_to_collect","","Available fixed-source subset; original benchmark versions and native units remain explicit.","[]","","",""
"P027","EgoPCA","EgoPCA: A New Framework for Egocentric Hand-Object Interaction Understanding","2023","https://arxiv.org/abs/2309.02423","V","人類影片與動作資料","benchmark_or_evaluation_resource","true","existing_bibliography_benchmark_contribution_annotation","","primary metadata verified; complete abstract reviewed for this report","Egocentric hand-object interaction framework; adjacent to perception benchmarks.","EgoPCA","0","{}","[]","","","","","","","native_task_list_to_collect","","Available fixed-source subset; original benchmark versions and native units remain explicit.","[]","","",""
"P028","EgoSchema","EgoSchema: A Diagnostic Benchmark for Very Long-form Video Language Understanding","2023","https://arxiv.org/abs/2308.09126","Q","理解、推理與規劃","benchmark_or_evaluation_resource","true","detailed_comparison_row","egoschema","primary metadata verified; complete abstract reviewed for this report","Long-video question answering; answer accuracy does not establish action competence.","EgoSchema","0","{}","[]","廣泛自然人類活動；來自 Ego4D subset","3 分鐘影片片段；非 simulator scenes","影片理解／推理問題；非操作任務庫","5,000+ multiple-choice QA pairs（v1 原文）","影片觀測，不宣稱物理模擬","3 分鐘影片＋五選一問題","native_task_list_to_collect","","Available fixed-source subset; original benchmark versions and native units remain explicit.","[]","","",""
"P029","EgoThink","EgoThink: Evaluating First-Person Perspective Thinking Capability of Vision-Language Models","2023","https://arxiv.org/abs/2311.15596","Q","理解、推理與規劃","benchmark_or_evaluation_resource","true","existing_bibliography_benchmark_contribution_annotation","","primary metadata verified; scope coded from title/abstract evidence","First-person reasoning across several abilities; designed for model understanding.","EgoThink","0","{}","[]","","","","","","","native_task_list_to_collect","","Available fixed-source subset; original benchmark versions and native units remain explicit.","[]","","",""
"P030","EgoPlan-Bench","EgoPlan-Bench: Benchmarking Multimodal Large Language Models for Human-Level Planning","2023","https://arxiv.org/abs/2312.06722","Q","理解、推理與規劃","benchmark_or_evaluation_resource","true","existing_bibliography_benchmark_contribution_annotation","","primary metadata verified; scope coded from title/abstract evidence","Egocentric next-step planning; paper also introduces EgoPlan-IT.","EgoPlan","0","{}","[]","","","","","","","native_task_list_to_collect","","Available fixed-source subset; original benchmark versions and native units remain explicit.","[]","","",""
"P031","EgoPlan-Bench2","EgoPlan-Bench2: A Benchmark for Multimodal Large Language Model Planning in Real-World Scenarios","2024","https://arxiv.org/abs/2412.04447","Q","理解、推理與規劃","benchmark_or_evaluation_resource","true","detailed_comparison_row","egoplan2","primary metadata verified; complete abstract reviewed for this report","Planning across daily life and broader scenarios; offline choice quality differs from physical completion.","EgoPlan","0","{}","[]","4 原生大域：Work／Daily life／Hobbies／Recreation；24 細類，含 lab、blacksmith、mechanic、farmer","24 是應用 scenario categories；不是 24 個可執行 3D 場景","規劃 QA 題型；不提供相同口徑的 robot G2","1,321 multiple-choice QA pairs","影片中物件，不宣稱具可用物理模型","Ego task-progress video＋目標／選項","native_task_list_to_collect","","Available fixed-source subset; original benchmark versions and native units remain explicit.","[]","","",""
"P032","EgoTaskQA","EgoTaskQA: Understanding Human Tasks in Egocentric Videos","2022","https://arxiv.org/abs/2210.03929","Q","理解、推理與規劃","benchmark_or_evaluation_resource","true","detailed_comparison_row","egotaskqa","primary metadata verified; scope coded from title/abstract evidence","Task and interaction question answering; supports explicit reasoning diagnostics.","EgoTaskQA","0","{}","[]","室內 goal-oriented 活動與 multi-agent collaboration；LEMMA 來源","Ego video clips；非可執行 robot 場景庫","4 類 reasoning question types，非 4 個物理工作","40,000 balanced QA（由 368k 候選抽樣）","物件狀態／關係標註；非 simulation materials","Ego影片、物件狀態、意圖與他人信念","native_task_list_to_collect","","Available fixed-source subset; original benchmark versions and native units remain explicit.","[]","","",""
"P033","EgoLife","EgoLife: Towards Egocentric Life Assistant","2025","https://arxiv.org/abs/2503.03803","Q","理解、推理與規劃","benchmark_or_evaluation_resource","true","detailed_comparison_row","egolife","primary metadata verified; complete abstract reviewed for this report","Long-duration life understanding and assistance-oriented QA.","EgoLife","0","{}","[]","共同生活、購物、做飯、討論、社交與娛樂","6 人共同生活一週；不是六個應用場域","生活助理／記憶 QA；非 robot task bank","3,000 QA 全集；該版主評测只用 Jake 的 500 QA","影片／聲音資料；非材料物理模型","長時段 Ego、多模態、多視角與人際歷史","native_task_list_to_collect","","Available fixed-source subset; original benchmark versions and native units remain explicit.","[]","","",""
"P034","EgoVLP","Egocentric Video-Language Pretraining","2022","https://arxiv.org/abs/2206.01670","Q","理解、推理與規劃","data_or_method_resource","false","retained_related_work_not_promoted_to_benchmark","","primary metadata verified; scope coded from title/abstract evidence","Representation pretraining evaluated on egocentric tasks; not an independent execution benchmark.","EgoVLP","0","{}","[]","","","","","","","native_task_list_to_collect","","Available fixed-source subset; original benchmark versions and native units remain explicit.","[]","","",""
"P035","EgoVLPv2","EgoVLPv2: Egocentric Video-Language Pre-training with Fusion in the Backbone","2023","https://arxiv.org/abs/2307.05463","Q","理解、推理與規劃","data_or_method_resource","false","retained_related_work_not_promoted_to_benchmark","","primary metadata verified; scope coded from title/abstract evidence","Video-language representation method; keep separate from the benchmark data it uses.","EgoVLP","0","{}","[]","","","","","","","native_task_list_to_collect","","Available fixed-source subset; original benchmark versions and native units remain explicit.","[]","","",""
"P036","EgoT2","Egocentric Video Task Translation","2022","https://arxiv.org/abs/2212.06301","Q","理解、推理與規劃","data_or_method_resource","false","retained_related_work_not_promoted_to_benchmark","","canonical primary-source metadata verified; abstract available in source_metadata.json","Transfers information across egocentric tasks; multi-task method rather than a new robot suite.","EgoT2","0","{}","[]","","","","","","","native_task_list_to_collect","","Available fixed-source subset; original benchmark versions and native units remain explicit.","[]","","",""
"P037","EgoEnv","EgoEnv: Human-centric environment representations from egocentric video","2022","https://arxiv.org/abs/2207.11365","Q","理解、推理與規劃","data_or_method_resource","false","retained_related_work_not_promoted_to_benchmark","","primary metadata verified; scope coded from title/abstract evidence","Environment understanding from first-person video.","EgoEnv","0","{}","[]","","","","","","","native_task_list_to_collect","","Available fixed-source subset; original benchmark versions and native units remain explicit.","[]","","",""
"P038","OpenEQA","OpenEQA: Embodied Question Answering in the Era of Foundation Models","2024","https://openaccess.thecvf.com/content/CVPR2024/html/Majumdar_OpenEQA_Embodied_Question_Answering_in_the_Era_of_Foundation_Models_CVPR_2024_paper.html","Q","理解、推理與規劃","benchmark_or_evaluation_resource","true","existing_bibliography_benchmark_contribution_annotation","","official proceedings and author project pages checked","Episodic-memory and active embodied QA; evaluates information acquisition/answering.","OpenEQA","7","{""information_task_schema"":7}","[""openeqa""]","","本版資料含152個episode_history觀測引用，未當作152個可交互場景；原文>180環境的說法保留歷史口徑。","7個原作資訊題型，取自固定題目JSON的category欄","固定open-eqa-v0.json：1,636題；152個episode_history輸入資源ID不算作互動場景。","","","fixed_source_records_available","true","OpenEQA固定JSON中的7個category；題數按1,636個question_id另計，不能稱為7個機器人工作。","[]","2026-10-02","question_and_answer_metadata_acquired","1636"
"P039","RoboVQA","RoboVQA: Multimodal Long-Horizon Reasoning for Robotics","2023","https://arxiv.org/abs/2311.00899","Q","理解、推理與規劃","benchmark_or_evaluation_resource","true","existing_bibliography_benchmark_contribution_annotation","","primary metadata verified; complete abstract reviewed for this report","Robot/human video and robotics reasoning tasks; useful bridge between video and control.","RoboVQA","0","{}","[]","","","","","","","native_task_list_to_collect","","Available fixed-source subset; original benchmark versions and native units remain explicit.","[]","","",""
"P040","RoboBench","Robobench: A Comprehensive Evaluation Benchmark for Multimodal Large Language Models as Embodied Brain","2025","https://arxiv.org/abs/2510.17801","Q","理解、推理與規劃","benchmark_or_evaluation_resource","true","existing_bibliography_benchmark_contribution_annotation","","canonical primary-source metadata verified; abstract available in source_metadata.json","MLLM robotics-oriented perception and reasoning evaluation; not a universal physical robot test.","RoboBench","0","{}","[]","","","","","","","native_task_list_to_collect","","Available fixed-source subset; original benchmark versions and native units remain explicit.","[]","","",""
"P041","EgoCross","EgoCross: Benchmarking Multimodal Large Language Models for Cross-Domain Egocentric Video Question Answering","2025","https://arxiv.org/abs/2508.10729","Q","理解、推理與規劃","benchmark_or_evaluation_resource","true","existing_bibliography_benchmark_contribution_annotation","","primary metadata verified; complete abstract reviewed for this report","Cross-domain egocentric QA covering surgery, industry, extreme sports, and animal perspectives; still an offline understanding benchmark.","EgoCross","0","{}","[]","","","","","","","native_task_list_to_collect","","Available fixed-source subset; original benchmark versions and native units remain explicit.","[]","","",""
"P042","RoboSpatial","RoboSpatial: Teaching Spatial Understanding to 2D and 3D Vision-Language Models for Robotics","2024","https://arxiv.org/abs/2411.16537","Q","理解、推理與規劃","benchmark_or_evaluation_resource","true","existing_bibliography_benchmark_contribution_annotation","","primary metadata verified; scope coded from title/abstract evidence","Spatial understanding grounded in 2D/3D robotics contexts.","RoboSpatial","0","{}","[]","","","","","","","native_task_list_to_collect","","Available fixed-source subset; original benchmark versions and native units remain explicit.","[]","","",""
"P043","Embodied VideoAgent","Embodied VideoAgent: Persistent Memory from Egocentric Videos and Embodied Sensors Enables Dynamic Scene Understanding","2024","https://arxiv.org/abs/2501.00358","Q","理解、推理與規劃","data_or_method_resource","false","retained_related_work_not_promoted_to_benchmark","","primary metadata verified; scope coded from title/abstract evidence","Persistent memory combining first-person video and embodied sensors.","Embodied VideoAgent","0","{}","[]","","","","","","","native_task_list_to_collect","","Available fixed-source subset; original benchmark versions and native units remain explicit.","[]","","",""
"P044","HiERO","HiERO: understanding the hierarchy of human behavior enhances reasoning on egocentric videos","2025","https://arxiv.org/abs/2505.12911","Q","理解、推理與規劃","data_or_method_resource","false","retained_related_work_not_promoted_to_benchmark","","primary metadata verified; scope coded from title/abstract evidence","Hierarchical human behavior representations for egocentric reasoning.","HiERO","0","{}","[]","","","","","","","native_task_list_to_collect","","Available fixed-source subset; original benchmark versions and native units remain explicit.","[]","","",""
"P045","ManipBench","ManipBench: Benchmarking Vision-Language Models for Low-Level Robot Manipulation","2025","https://arxiv.org/abs/2505.09698","Q","理解、推理與規劃","benchmark_or_evaluation_resource","true","existing_bibliography_benchmark_contribution_annotation","","primary metadata verified; complete abstract reviewed for this report","VLM evaluation focused on low-level robot manipulation decisions.","ManipBench","0","{}","[]","","","","","","","native_task_list_to_collect","","Available fixed-source subset; original benchmark versions and native units remain explicit.","[]","","",""
"P046","RULSTM","What Would You Expect? Anticipating Egocentric Actions with Rolling-Unrolling LSTMs and Modality Attention","2019","https://arxiv.org/abs/1905.09035","P","未來動作／互動預測","data_or_method_resource","false","retained_related_work_not_promoted_to_benchmark","","primary metadata verified; scope coded from title/abstract evidence","Anticipates near-future action labels from partial observations.","RULSTM","0","{}","[]","","","","","","","native_task_list_to_collect","","Available fixed-source subset; original benchmark versions and native units remain explicit.","[]","","",""
"P047","AVT","Anticipative Video Transformer","2021","https://arxiv.org/abs/2106.02036","P","未來動作／互動預測","data_or_method_resource","false","retained_related_work_not_promoted_to_benchmark","","primary metadata verified; scope coded from title/abstract evidence","Transformer-based future action anticipation.","AVT","0","{}","[]","","","","","","","native_task_list_to_collect","","Available fixed-source subset; original benchmark versions and native units remain explicit.","[]","","",""
"P048","EGO-TOPO","EGO-TOPO: Environment Affordances from Egocentric Video","2020","https://arxiv.org/abs/2001.04583","P","未來動作／互動預測","data_or_method_resource","false","retained_related_work_not_promoted_to_benchmark","","canonical primary-source metadata verified; abstract available in source_metadata.json","Topological environment structure used for anticipating activity.","EGO-TOPO","0","{}","[]","","","","","","","native_task_list_to_collect","","Available fixed-source subset; original benchmark versions and native units remain explicit.","[]","","",""
"P049","AntGPT","AntGPT: Can Large Language Models Help Long-term Action Anticipation from Videos?","2023","https://arxiv.org/abs/2307.16368","P","未來動作／互動預測","data_or_method_resource","false","retained_related_work_not_promoted_to_benchmark","","primary metadata verified; scope coded from title/abstract evidence","Long-term action sequence anticipation using language priors.","AntGPT","0","{}","[]","","","","","","","native_task_list_to_collect","","Available fixed-source subset; original benchmark versions and native units remain explicit.","[]","","",""
"P050","PALM","PALM: Predicting Actions through Language Models","2023","https://arxiv.org/abs/2311.17944","P","未來動作／互動預測","data_or_method_resource","false","retained_related_work_not_promoted_to_benchmark","","canonical primary-source metadata verified; abstract available in source_metadata.json","Language-based future action anticipation; score sequence uncertainty separately from control.","PALM","0","{}","[]","","","","","","","native_task_list_to_collect","","Available fixed-source subset; original benchmark versions and native units remain explicit.","[]","","",""
"P051","USST / EgoPAT3D trajectories","Uncertainty-aware State Space Transformer for Egocentric 3D Hand Trajectory Forecasting","2023","https://arxiv.org/abs/2307.08243","P","未來動作／互動預測","data_or_method_resource","false","retained_related_work_not_promoted_to_benchmark","","primary metadata verified; complete abstract reviewed for this report","Uncertainty-aware 3D hand forecasting and trajectory annotation; evaluates on H2O and EgoPAT3D.","EgoPAT3D-DT","0","{}","[]","","","","","","","native_task_list_to_collect","","Available fixed-source subset; original benchmark versions and native units remain explicit.","[]","","",""
"P052","StillFast","StillFast: An End-to-End Approach for Short-Term Object Interaction Anticipation","2023","https://arxiv.org/abs/2304.03959","P","未來動作／互動預測","data_or_method_resource","false","retained_related_work_not_promoted_to_benchmark","","canonical primary-source metadata verified; abstract available in source_metadata.json","Predicts next interacted object/action and timing from static and temporal cues.","StillFast","0","{}","[]","","","","","","","native_task_list_to_collect","","Available fixed-source subset; original benchmark versions and native units remain explicit.","[]","","",""
"P053","HandsOnVLM","HandsOnVLM: Vision-Language Models for Hand-Object Interaction Prediction","2024","https://arxiv.org/abs/2412.13187","P","未來動作／互動預測","data_or_method_resource","false","retained_related_work_not_promoted_to_benchmark","","canonical primary-source metadata verified; abstract available in source_metadata.json","Language-conditioned future hand trajectories; hand motion is not robot joint control.","HandsOnVLM","0","{}","[]","","","","","","","native_task_list_to_collect","","Available fixed-source subset; original benchmark versions and native units remain explicit.","[]","","",""
"P054","EgoVid-5M / EgoDreamer","EgoVid-5M: A Large-Scale Video-Action Dataset for Egocentric Video Generation","2024","https://arxiv.org/abs/2411.08380","P","未來動作／互動預測","data_or_method_resource","false","retained_related_work_not_promoted_to_benchmark","","primary metadata verified; complete abstract reviewed for this report","Video-action data and egocentric generation; one publication with multiple named contributions.","EgoVid-5M / EgoDreamer","0","{}","[]","","","","","","","native_task_list_to_collect","","Available fixed-source subset; original benchmark versions and native units remain explicit.","[]","","",""
"P055","FUTR","Future Transformer for Long-term Action Anticipation","2022","https://arxiv.org/abs/2205.14022","P","未來動作／互動預測","data_or_method_resource","false","retained_related_work_not_promoted_to_benchmark","","primary metadata verified; scope coded from title/abstract evidence","Long-term future action sequence anticipation.","FUTR","0","{}","[]","","","","","","","native_task_list_to_collect","","Available fixed-source subset; original benchmark versions and native units remain explicit.","[]","","",""
"P056","Forecasting hands and objects","Forecasting Hands and Objects in Future Frames","2017","https://arxiv.org/abs/1705.07328","P","未來動作／互動預測","data_or_method_resource","false","retained_related_work_not_promoted_to_benchmark","","primary metadata verified; scope coded from title/abstract evidence","Early first-person future hand/object forecasting.","Forecasting hands and objects","0","{}","[]","","","","","","","native_task_list_to_collect","","Available fixed-source subset; original benchmark versions and native units remain explicit.","[]","","",""
"P057","Motor attention and action forecasting","Forecasting Human-Object Interaction: Joint Prediction of Motor Attention and Actions in First Person Video","2019","https://arxiv.org/abs/1911.10967","P","未來動作／互動預測","data_or_method_resource","false","retained_related_work_not_promoted_to_benchmark","","primary metadata verified; scope coded from title/abstract evidence","Joint forecasting of motor attention and actions.","Motor attention and action forecasting","0","{}","[]","","","","","","","native_task_list_to_collect","","Available fixed-source subset; original benchmark versions and native units remain explicit.","[]","","",""
"P058","EgoPAT3Dv2","EgoPAT3Dv2: Predicting 3D Action Target from 2D Egocentric Vision for Human-Robot Interaction","2024","https://arxiv.org/abs/2403.05046","P","未來動作／互動預測","benchmark_or_evaluation_resource","true","existing_bibliography_benchmark_contribution_annotation","","primary metadata verified; scope coded from title/abstract evidence","3D action target prediction from 2D egocentric observations for human-robot interaction.","EgoPAT3D","0","{}","[]","","","","","","","native_task_list_to_collect","","Available fixed-source subset; original benchmark versions and native units remain explicit.","[]","","",""
"P059","EMAG","EMAG: Ego-motion Aware and Generalizable 2D Hand Forecasting from Egocentric Videos","2024","https://arxiv.org/abs/2405.20030","P","未來動作／互動預測","data_or_method_resource","false","retained_related_work_not_promoted_to_benchmark","","primary metadata verified; scope coded from title/abstract evidence","Ego-motion-aware generalizable 2D hand forecasting.","EMAG","0","{}","[]","","","","","","","native_task_list_to_collect","","Available fixed-source subset; original benchmark versions and native units remain explicit.","[]","","",""
"P060","Continuous 4D interaction forecasting","From Where to How: Continuous 4D Interaction Forecasting from Egocentric Video","2026","https://arxiv.org/abs/2609.08636","P","未來動作／互動預測","data_or_method_resource","false","retained_related_work_not_promoted_to_benchmark","","primary metadata verified; scope coded from title/abstract evidence","Recent continuous 4D interaction forecasting; preliminary preprint evidence.","Continuous 4D interaction forecasting","0","{}","[]","","","","","","","native_task_list_to_collect","","Available fixed-source subset; original benchmark versions and native units remain explicit.","[]","","",""
"P061","Interact with me","Interact with me: Joint Egocentric Forecasting of Intent to Interact, Attitude and Social Actions","2024","https://arxiv.org/abs/2412.16698","P","未來動作／互動預測","benchmark_or_evaluation_resource","true","existing_bibliography_benchmark_contribution_annotation","","primary metadata verified; complete abstract reviewed for this report","Joint forecasting of intent to interact, attitude, and social actions.","Interact with me","0","{}","[]","","","","","","","native_task_list_to_collect","","Available fixed-source subset; original benchmark versions and native units remain explicit.","[]","","",""
"P062","RLBench","RLBench: The Robot Learning Benchmark & Learning Environment","2019","https://arxiv.org/abs/1909.12271","M","一般操作 benchmark","benchmark_or_evaluation_resource","true","detailed_comparison_row","rlbench","primary metadata verified; scope coded from title/abstract evidence","Diverse manipulation tasks with configurable observations and action modes.","RLBench","106","{""native_task_class"":106}","[""rlbench""]","多樣桌面／設備操作；任務題材不等於完整部署場域","固定程式含 106 個 .ttm 任務場景檔；非 106 個應用領域","論文 100 tasks；固定程式 106 Task classes","各 task 有 variations；case 總量依生成設定","物件、關節與精密接觸；材料種類依 task","本體狀態、RGB、depth、segmentation、外部／手眼相機","fixed_source_records_available","","Available fixed-source subset; original benchmark versions and native units remain explicit.","[]","","",""
"P063","Meta-World","Meta-World: A Benchmark and Evaluation for Multi-Task and Meta Reinforcement Learning","2019","https://arxiv.org/abs/1910.10897","M","一般操作 benchmark","benchmark_or_evaluation_resource","true","detailed_comparison_row","metaworld","primary metadata verified; scope coded from title/abstract evidence","Standardized multi-task manipulation; task family breadth differs from household breadth.","Meta-World","50","{""native_task_id"":50}","[""metaworld""]","多任務／meta-RL 操作技能","桌面技能環境；非城市或家居場景庫","50 個 manipulation tasks","位置／goal variations；不另算任務種類","剛體、關節與接觸","狀態／視覺依設定","fixed_source_records_available","","Available fixed-source subset; original benchmark versions and native units remain explicit.","[]","","",""
"P064","LIBERO","LIBERO: Benchmarking Knowledge Transfer for Lifelong Robot Learning","2023","https://arxiv.org/abs/2306.03310","M","一般操作 benchmark","benchmark_or_evaluation_resource","true","detailed_comparison_row","libero","primary metadata verified; scope coded from title/abstract evidence","Knowledge transfer across spatial/object/goal/long-task suites.","LIBERO","130","{""native_task_id"":130}","[""libero""]","物件／空間／目標與長流程的日常桌面操作","程序生成的 tabletop／kitchen 等場景；資產場景總数本輪未核","130 個 native task IDs；論文四類 suite；程式分為五個清單","測例／初態依 task 與 protocol；長流程 subset 10 tasks","剛體與關節等","語言＋robot 視覺；遙控示範不等於 human-video input","fixed_source_records_available","","Available fixed-source subset; original benchmark versions and native units remain explicit.","[]","","",""
"P065","CALVIN","CALVIN: A Benchmark for Language-Conditioned Policy Learning for Long-Horizon Robot Manipulation Tasks","2021","https://arxiv.org/abs/2112.03227","M","一般操作 benchmark","benchmark_or_evaluation_resource","true","detailed_comparison_row","calvin","primary metadata verified; scope coded from title/abstract evidence","Language-conditioned task chaining in a manipulation environment.","CALVIN","34","{""native_task_definition"":34}","[""calvin""]","語言條件桌面操作與技能串接","4 個環境 A–D","34個原作子任務定義，已連到goal checker簽名","1,000 條評測 instruction chains，每條 5 個子任務","剛體、抽屜／滑門／按鈕等機構","語言、外部／gripper camera、可選觸覺","fixed_source_records_available","true","CALVIN固定commit的34條task定義；不把1,000條指令鏈當作已取得。","[]","2026-10-02","",""
"P066","ManiSkill","ManiSkill: Generalizable Manipulation Skill Benchmark with Large-Scale Demonstrations","2021","https://arxiv.org/abs/2107.14483","M","一般操作 benchmark","benchmark_or_evaluation_resource","true","existing_bibliography_benchmark_contribution_annotation","","primary metadata verified; scope coded from title/abstract evidence","Object/instance generalization with demonstrations.","ManiSkill","0","{}","[]","","","","","","","native_task_list_to_collect","","Available fixed-source subset; original benchmark versions and native units remain explicit.","[]","","",""
"P067","ManiSkill2","ManiSkill2: A Unified Benchmark for Generalizable Manipulation Skills","2023","https://arxiv.org/abs/2302.04659","M","一般操作 benchmark","benchmark_or_evaluation_resource","true","detailed_comparison_row","maniskill2","primary metadata verified; complete abstract reviewed for this report","Rigid and soft-body manipulation; a counterexample to purely rigid-object coverage.","ManiSkill","21","{""native_task_registration"":21}","[""maniskill2""]","20 個 manipulation task families；含固定／移動與單／雙臂","物件、拓撲、幾何與初態變化；不以 2,000 物件當場景","20 個 task families；v0.5.3 程式 21 registrations","實例／case 依資產與 protocol","剛體與 soft-body；具多種材料任務","RGBD／point cloud 等，controller 可配置","fixed_source_records_available","","Available fixed-source subset; original benchmark versions and native units remain explicit.","[]","","",""
"P068","ManiSkill3","ManiSkill3: GPU Parallelized Robotics Simulation and Rendering for Generalizable Embodied AI","2024","https://arxiv.org/abs/2410.00425","M","一般操作 benchmark","benchmark_or_evaluation_resource","true","detailed_comparison_row","maniskill3","primary metadata verified; scope coded from title/abstract evidence","Simulation and evaluation infrastructure; configurable task coverage depends on chosen suite.","ManiSkill","65","{""native_task_registration"":65}","[""maniskill""]","原作稱 12 domains，例子含移動、humanoid、dexterous；屬能力／機體分組","artist scenes 與 digital twins；獨立場景總數本輪未核","固定版本 65 task registrations；原文 12 domains 不是 12 個部署場域","依選用環境、資產與初態生成","接觸操作；物理材料支援依具體環境","state／visual，point clouds、voxels 等","fixed_source_records_available","","Available fixed-source subset; original benchmark versions and native units remain explicit.","[]","","",""
"P069","robosuite","robosuite: A Modular Simulation Framework and Benchmark for Robot Learning","2020","https://arxiv.org/abs/2009.12293","M","一般操作 benchmark","benchmark_or_evaluation_resource","true","existing_bibliography_benchmark_contribution_annotation","","primary metadata verified; scope coded from title/abstract evidence","Modular manipulation infrastructure; distinguish framework capabilities from a fixed test set.","robosuite","0","{}","[]","","","","","","","native_task_list_to_collect","","Available fixed-source subset; original benchmark versions and native units remain explicit.","[]","","",""
"P070","RoboCasa","RoboCasa: Large-Scale Simulation of Everyday Tasks for Generalist Robots","2024","https://arxiv.org/abs/2406.02523","M","一般操作 benchmark","benchmark_or_evaluation_resource","true","existing_bibliography_benchmark_contribution_annotation","","primary metadata verified; scope coded from title/abstract evidence","Everyday kitchen manipulation with environment diversity.","RoboCasa","365","{""native_task_id"":365}","[""robocasa""]","","","","","","","fixed_source_records_available","","Available fixed-source subset; original benchmark versions and native units remain explicit.","[]","","",""
"P071","RoboCasa365","RoboCasa365: A Large-Scale Simulation Framework for Training and Benchmarking Generalist Robots","2026","https://arxiv.org/abs/2603.04356","M","一般操作 benchmark","benchmark_or_evaluation_resource","true","detailed_comparison_row","robocasa365","primary metadata verified; complete abstract reviewed for this report","Expanded kitchen task and scene coverage; retain family relation to RoboCasa.","RoboCasa","365","{""native_task_id"":365}","[""robocasa""]","廚房活動；60 種原生活動分組","2,500 個 pretraining 廚房（50 layouts × 50 styles）；另有 10 個 target 廚房","365 個 tasks；正式 target 評測子集 50","測例依 task、場景與初態生成；全庫固定測例總數未在本輪歸一","廚房剛體、關節與設備／物料狀態；各物理效果按任務核對","robot 視覺＋語言；human demonstrations 指遙控資料，非等同觀察人做事的影片","fixed_source_records_available","","Available fixed-source subset; original benchmark versions and native units remain explicit.","[]","","",""
"P072","VLABench","VLABench: A Large-Scale Benchmark for Language-Conditioned Robotics Manipulation with Long-Horizon Reasoning Tasks","2024","https://arxiv.org/abs/2412.18194","M","一般操作 benchmark","benchmark_or_evaluation_resource","true","detailed_comparison_row","vlabench","primary metadata verified; complete abstract reviewed for this report","Diverse task categories and implicit-intent/long-horizon evaluation.","VLABench","96","{""native_task_registration"":96}","[""vlabench""]","日常操作、知識／常識與隱含意圖；100 是任務分類，不是領域數","隨機化操作情境；独立環境資產總數本輪未核","100 個 task categories","每類可隨機化；固定全庫 case 數未核","以物件與機構操作為主；材料支撐逐題另核","語言、視覺及可用狀態；隱含意圖指令","fixed_source_records_available","","Available fixed-source subset; original benchmark versions and native units remain explicit.","[]","","",""
"P073","RoboTwin","RoboTwin: Dual-Arm Robot Benchmark with Generative Digital Twins (early version)","2024","https://arxiv.org/abs/2409.02920","M","一般操作 benchmark","benchmark_or_evaluation_resource","true","existing_bibliography_benchmark_contribution_annotation","","primary metadata verified; scope coded from title/abstract evidence","Dual-arm benchmark and digital-twin data generation.","RoboTwin","50","{""native_task_module"":50}","[""robotwin""]","","","","","","","fixed_source_records_available","","Available fixed-source subset; original benchmark versions and native units remain explicit.","[]","","",""
"P074","RoboTwin 2.0","RoboTwin 2.0: A Scalable Data Generator and Benchmark with Strong Domain Randomization for Robust Bimanual Robotic Manipulation","2025","https://arxiv.org/abs/2506.18088","M","一般操作 benchmark","benchmark_or_evaluation_resource","true","detailed_comparison_row","robotwin2","primary metadata verified; scope coded from title/abstract evidence","Expanded bimanual benchmarking and randomized data generation.","RoboTwin","50","{""native_task_module"":50}","[""robotwin""]","多樣雙臂操作；五種 randomization 軸非五應用領域","任務場景加 clutter／lighting／background／table height 等隨機化","50 個 dual-arm tasks","依任務與隨機化設定生成，無單一固定 case 總數","雙臂物件與接觸操作；材料分布另核","視覺＋語言；合成 robot demonstrations","fixed_source_records_available","","Available fixed-source subset; original benchmark versions and native units remain explicit.","[]","","",""
"P075","VIMA","VIMA: General Robot Manipulation with Multimodal Prompts","2022","https://arxiv.org/abs/2210.03094","M","一般操作 benchmark","benchmark_or_evaluation_resource","true","existing_bibliography_benchmark_contribution_annotation","","primary metadata verified; complete abstract reviewed for this report","Multimodal prompting with compositional generalization levels.","VIMA","17","{""native_task_template"":17}","[""vima""]","桌面操作；7個原生分組為指令、約束、新概念、一次模仿、重排、記憶、推理","","17個原生task templates；已逐一連到官方class與task_name","","","文字／圖像／影片組成的multimodal prompts","fixed_source_records_available","true","Pinned VIMA ALL_TASKS registry; completeness applies to these17 templates, not every asset/episode.","[]","","",""
"P076","Ravens / Transporter Networks","Transporter Networks: Rearranging the Visual World for Robotic Manipulation","2020","https://arxiv.org/abs/2010.14406","M","一般操作 benchmark","benchmark_or_evaluation_resource","true","existing_bibliography_benchmark_contribution_annotation","","primary metadata verified; scope coded from title/abstract evidence","Structured tabletop spatial manipulation tasks.","Ravens / Transporter Networks","0","{}","[]","","","","","","","native_task_list_to_collect","","Available fixed-source subset; original benchmark versions and native units remain explicit.","[]","","",""
"P077","CLIPort","CLIPort: What and Where Pathways for Robotic Manipulation","2021","https://arxiv.org/abs/2109.12098","M","一般操作 benchmark","data_or_method_resource","false","retained_related_work_not_promoted_to_benchmark","","primary metadata verified; scope coded from title/abstract evidence","Language-conditioned manipulation baseline on Ravens-style tasks.","CLIPort","0","{}","[]","","","","","","","native_task_list_to_collect","","Available fixed-source subset; original benchmark versions and native units remain explicit.","[]","","",""
"P078","PerAct","Perceiver-Actor: A Multi-Task Transformer for Robotic Manipulation","2022","https://arxiv.org/abs/2209.05451","M","一般操作 benchmark","data_or_method_resource","false","retained_related_work_not_promoted_to_benchmark","","primary metadata verified; scope coded from title/abstract evidence","3D action representation and manipulation baseline.","PerAct","0","{}","[]","","","","","","","native_task_list_to_collect","","Available fixed-source subset; original benchmark versions and native units remain explicit.","[]","","",""
"P079","FMB","FMB: a Functional Manipulation Benchmark for Generalizable Robotic Learning","2024","https://arxiv.org/abs/2401.08553","M","一般操作 benchmark","benchmark_or_evaluation_resource","true","existing_bibliography_benchmark_contribution_annotation","","primary metadata verified; scope coded from title/abstract evidence","Functional manipulation benchmark emphasizing generalizable physical skill.","FMB","0","{}","[]","","","","","","","native_task_list_to_collect","","Available fixed-source subset; original benchmark versions and native units remain explicit.","[]","","",""
"P080","DexArt","DexArt: Benchmarking Generalizable Dexterous Manipulation with Articulated Objects","2023","https://arxiv.org/abs/2305.05706","M","一般操作 benchmark","benchmark_or_evaluation_resource","true","existing_bibliography_benchmark_contribution_annotation","","primary metadata verified; scope coded from title/abstract evidence","Dexterous manipulation with articulated objects and object-category transfer.","DexArt","0","{}","[]","","","","","","","native_task_list_to_collect","","Available fixed-source subset; original benchmark versions and native units remain explicit.","[]","","",""
"P081","ARNOLD","ARNOLD: A Benchmark for Language-Grounded Task Learning With Continuous States in Realistic 3D Scenes","2023","https://arxiv.org/abs/2304.04321","M","一般操作 benchmark","benchmark_or_evaluation_resource","true","existing_bibliography_benchmark_contribution_annotation","","primary metadata verified; scope coded from title/abstract evidence","Language-grounded task learning with continuous object states.","ARNOLD","8","{""native_task_class"":8}","[""arnold""]","連續狀態目標的室內物件操作","","8個原生task classes；每類的連續目標與資料split另列","","剛體／關節與液體相關任務；本輪僅取得定義","語言＋視覺；連續程度／比例目標","fixed_source_records_available","true","Pinned eight concrete task classes; asset loading and physical execution are separate.","[]","","",""
"P082","RoboVerse","RoboVerse: Towards a Unified Platform, Dataset and Benchmark for Scalable and Generalizable Robot Learning","2025","https://arxiv.org/abs/2504.18904","M","一般操作 benchmark","benchmark_or_evaluation_resource","true","detailed_comparison_row","roboverse","primary metadata verified; complete abstract reviewed for this report","Unified simulator interface, synthetic data, and generalization benchmarks.","RoboVerse","2897","{""integration_registration_group"":2897}","[""roboverse""]","整合既有操作 benchmark；276 個 task categories 非應用領域數","來源環境、assets 與 domain randomization；場景資產總數未歸一","論文 276 個 task categories；固定程式 2,897 registration groups","測例依選用 suite／protocol；跨作 G2 未完成去重","物理支援依 backend／任務","共通表示／接口；sim 資料與 policy","fixed_source_records_available","","Available fixed-source subset; original benchmark versions and native units remain explicit.","[]","","",""
"P083","RoboDojo","RoboDojo: A Unified Sim-and-Real Benchmark for Comprehensive Evaluation of Generalist Robot Manipulation Policies","2026","https://arxiv.org/abs/2607.04434","M","一般操作 benchmark","benchmark_or_evaluation_resource","true","detailed_comparison_row","robodojo","primary metadata verified; complete abstract reviewed for this report","Unified sim-and-real manipulation evaluation; five simulation capability dimensions and remote real evaluation.","RoboDojo","54","{""native_task_module"":54}","[""robodojo""]","操作能力；5 個 simulation capability dimensions，非 5 個應用領域","simulation task scenes＋標準化 real evaluation setups","42 sim tasks／18 real tasks；不合併宣稱 60 個獨立 G2","模型×任務×場景實驗量依 protocol","操作接觸與精度；逐題材料另核","語言、視覺、記憶條件","fixed_source_records_available","","Available fixed-source subset; original benchmark versions and native units remain explicit.","[]","","",""
"P084","KinDER","KinDER: A Physical Reasoning Benchmark for Robot Learning and Planning","2026","https://arxiv.org/abs/2604.25788","M","一般操作 benchmark","benchmark_or_evaluation_resource","true","existing_bibliography_benchmark_contribution_annotation","","primary metadata verified; complete abstract reviewed for this report","Isolates kinematic and dynamic reasoning from perception and language demands.","KinDER","0","{}","[]","","","","","","","native_task_list_to_collect","","Available fixed-source subset; original benchmark versions and native units remain explicit.","[]","","",""
"P085","SoftGym","SoftGym: Benchmarking Deep Reinforcement Learning for Deformable Object Manipulation","2020","https://arxiv.org/abs/2011.07215","D","布料／柔性物操作","benchmark_or_evaluation_resource","true","detailed_comparison_row","softgym","primary metadata verified; scope coded from title/abstract evidence","Suite covering multiple deformable materials; simulator realism must be checked per task.","SoftGym","12","{""native_task_id"":12}","[""softgym""]","布料、繩與水的技能評測；部署場域未作核心分類","材料技能場景與隨機初態","固定程式 12 registrations，含變體；不可視為已去重 G2","依材料、配置與 seed 生成","布料、繩索、流體","state／image，部分可觀測","fixed_source_records_available","","Available fixed-source subset; original benchmark versions and native units remain explicit.","[]","","",""
"P086","DeformableRavens","Learning to Rearrange Deformable Cables, Fabrics, and Bags with Goal-Conditioned Transporter Networks","2020","https://arxiv.org/abs/2012.03385","D","布料／柔性物操作","benchmark_or_evaluation_resource","true","existing_bibliography_benchmark_contribution_annotation","","primary metadata verified; scope coded from title/abstract evidence","Extends spatial manipulation evaluation to deformable objects.","DeformableRavens","25","{""native_task_id"":25}","[""deformable_ravens""]","","","","","","","fixed_source_records_available","","Available fixed-source subset; original benchmark versions and native units remain explicit.","[]","","",""
"P087","GarmentLab","GarmentLab: A Unified Simulation and Benchmark for Garment Manipulation","2024","https://arxiv.org/abs/2411.01200","D","布料／柔性物操作","benchmark_or_evaluation_resource","true","detailed_comparison_row","garmentlab","primary metadata verified; complete abstract reviewed for this report","Garment and deformable manipulation with simulation and real-world benchmarking; check task-specific simulation fidelity.","GarmentLab","10","{""demo_entrypoint"":10}","[""garmentlab""]","衣物、布料及穿戴／收納相關操作","衣物、物件、fluid、avatar 互動場景；獨立場景資產總數未歸一","20 個 tasks，分 5 個互動類別","資產與操作配置形成實例；全庫測例總數未核","布料＋剛體／關節／fluid／human-body 互動；FEM／PBD","robot 視覺／狀態，依 task","fixed_source_records_available","","Available fixed-source subset; original benchmark versions and native units remain explicit.","[]","","",""
"P088","FlingBot","FlingBot: The Unreasonable Effectiveness of Dynamic Manipulation for Cloth Unfolding","2021","https://arxiv.org/abs/2105.03655","D","布料／柔性物操作","data_or_method_resource","false","retained_related_work_not_promoted_to_benchmark","","primary metadata verified; scope coded from title/abstract evidence","Dynamic cloth unfolding; evaluates a subskill rather than complete laundry.","FlingBot","0","{}","[]","","","","","","","native_task_list_to_collect","","Available fixed-source subset; original benchmark versions and native units remain explicit.","[]","","",""
"P089","SpeedFolding","SpeedFolding: Learning Efficient Bimanual Folding of Garments","2022","https://arxiv.org/abs/2208.10552","D","布料／柔性物操作","data_or_method_resource","false","retained_related_work_not_promoted_to_benchmark","","canonical primary-source metadata verified; abstract available in source_metadata.json","Real bimanual garment folding; distinguishes efficient folding from unfolding and full laundry.","SpeedFolding","0","{}","[]","","","","","","","native_task_list_to_collect","","Available fixed-source subset; original benchmark versions and native units remain explicit.","[]","","",""
"P090","Cloth Funnels","Cloth Funnels: Canonicalized-Alignment for Multi-Purpose Garment Manipulation","2022","https://arxiv.org/abs/2210.09347","D","布料／柔性物操作","data_or_method_resource","false","retained_related_work_not_promoted_to_benchmark","","canonical primary-source metadata verified; abstract available in source_metadata.json","Canonical garment alignment for multi-purpose manipulation; supports decomposing laundry into subskills.","Cloth Funnels","0","{}","[]","","","","","","","native_task_list_to_collect","","Available fixed-source subset; original benchmark versions and native units remain explicit.","[]","","",""
"P091","UniFolding","UniFolding: Towards Sample-efficient, Scalable, and Generalizable Robotic Garment Folding","2023","https://arxiv.org/abs/2311.01267","D","布料／柔性物操作","data_or_method_resource","false","retained_related_work_not_promoted_to_benchmark","","canonical primary-source metadata verified; abstract available in source_metadata.json","Scalable and generalizable garment folding; measure material and topology shifts separately.","UniFolding","0","{}","[]","","","","","","","native_task_list_to_collect","","Available fixed-source subset; original benchmark versions and native units remain explicit.","[]","","",""
"P092","ICRA cloth competition","A Dataset and Benchmark for Robotic Cloth Unfolding Grasp Selection: The ICRA 2024 Cloth Competition","2025","https://arxiv.org/abs/2508.16749","D","布料／柔性物操作","benchmark_or_evaluation_resource","true","existing_bibliography_benchmark_contribution_annotation","","primary metadata verified; complete abstract reviewed for this report","Independent real cloth unfolding grasp-selection competition; distinguish grasp success from garment coverage.","ICRA cloth competition","0","{}","[]","","","","","","","native_task_list_to_collect","","Available fixed-source subset; original benchmark versions and native units remain explicit.","[]","","",""
"P093","MoDeSuite","MoDeSuite: Robot Learning Task Suite for Benchmarking Mobile Manipulation with Deformable Objects","2025","https://arxiv.org/abs/2507.21796","D","布料／柔性物操作","benchmark_or_evaluation_resource","true","detailed_comparison_row","modesuite","primary metadata verified; complete abstract reviewed for this report","Mobile manipulation of deformable objects with simulation and real transfer.","MoDeSuite","0","{}","[]","移動操作與柔性／彈性物件","8 項應用啟發的操作情境；背景資產數未核","8 個 mobile manipulation tasks","各任務實例／rollouts 依 protocol","彈性與柔性物；逐題材料模型另核","robot 感測與動作控制","native_task_list_to_collect","","Available fixed-source subset; original benchmark versions and native units remain explicit.","[]","","",""
"P094","R2R / VLN","Vision-and-Language Navigation: Interpreting visually-grounded navigation instructions in real environments","2017","https://arxiv.org/abs/1711.07280","N","導航與家務執行","benchmark_or_evaluation_resource","true","existing_bibliography_benchmark_contribution_annotation","","primary metadata verified; scope coded from title/abstract evidence","Instruction following in scanned environments; navigation endpoint differs from manipulation.","R2R / VLN","0","{}","[]","","","","","","","native_task_list_to_collect","","Available fixed-source subset; original benchmark versions and native units remain explicit.","[]","","",""
"P095","RxR","Room-Across-Room: Multilingual Vision-and-Language Navigation with Dense Spatiotemporal Grounding","2020","https://arxiv.org/abs/2010.07954","N","導航與家務執行","benchmark_or_evaluation_resource","true","existing_bibliography_benchmark_contribution_annotation","","primary metadata verified; scope coded from title/abstract evidence","Multilingual densely grounded navigation.","RxR","0","{}","[]","","","","","","","native_task_list_to_collect","","Available fixed-source subset; original benchmark versions and native units remain explicit.","[]","","",""
"P096","ALFRED","ALFRED: A Benchmark for Interpreting Grounded Instructions for Everyday Tasks","2019","https://arxiv.org/abs/1912.01734","N","導航與家務執行","benchmark_or_evaluation_resource","true","detailed_comparison_row","alfred","primary metadata verified; scope coded from title/abstract evidence","Instruction-conditioned navigation and object interaction in household simulation.","ALFRED","7","{""native_task_schema"":7}","[""alfred""]","家庭室內；7 種任務類型","120 個 indoor scenes","7 個 parameterized task types","8,055 expert demonstration episodes；25,743 language directives","剛體與離散物件／設備狀態；不宣稱相應熱學／清洗物理","高／低階語言指令、egocentric robot 視覺","fixed_source_records_available","","Available fixed-source subset; original benchmark versions and native units remain explicit.","[]","","",""
"P097","TEACh","TEACh: Task-driven Embodied Agents that Chat","2021","https://arxiv.org/abs/2110.00534","N","導航與家務執行","benchmark_or_evaluation_resource","true","detailed_comparison_row","teach","primary metadata verified; scope coded from title/abstract evidence","Dialogue-conditioned household task execution.","TEACh","25","{""native_task_schema"":25}","[""teach""]","對話協作式家庭工作","AI2-THOR 室內場景；實際場景聯集本輪未核","12 種 task types（論文資料）；程式 25 schemas 另列","3,047 successful human–human gameplay sessions","剛體與離散狀態交互","對話、歷史、egocentric agent 視覺","fixed_source_records_available","","Available fixed-source subset; original benchmark versions and native units remain explicit.","[]","","",""
"P098","Habitat 2.0","Habitat 2.0: Training Home Assistants to Rearrange their Habitat","2021","https://arxiv.org/abs/2106.14405","N","導航與家務執行","benchmark_or_evaluation_resource","true","existing_bibliography_benchmark_contribution_annotation","","primary metadata verified; scope coded from title/abstract evidence","Interactive rearrangement and mobile manipulation infrastructure.","Habitat","0","{}","[]","","","","","","","native_task_list_to_collect","","Available fixed-source subset; original benchmark versions and native units remain explicit.","[]","","",""
"P099","HomeRobot","HomeRobot: Open-Vocabulary Mobile Manipulation","2023","https://arxiv.org/abs/2306.11565","N","導航與家務執行","benchmark_or_evaluation_resource","true","existing_bibliography_benchmark_contribution_annotation","","primary metadata verified; scope coded from title/abstract evidence","Open-vocabulary find-and-pick/place workflow with sim and real evaluation.","HomeRobot","0","{}","[]","","","","","","","native_task_list_to_collect","","Available fixed-source subset; original benchmark versions and native units remain explicit.","[]","","",""
"P100","BEHAVIOR-1K","BEHAVIOR-1K: A Human-Centered, Embodied AI Benchmark with 1,000 Everyday Activities and Realistic Simulation","2024","https://arxiv.org/abs/2403.09227","N","導航與家務執行","benchmark_or_evaluation_resource","true","detailed_comparison_row","behavior","primary metadata verified; complete abstract reviewed for this report","Human-centered everyday activity coverage and realistic simulation; linked extended manuscript follows earlier conference version.","BEHAVIOR-1K","1016","{""activity_definition_directory"":1016}","[""behavior""]","8 種原生場景類別：住宅、帶花園住宅、旅館、辦公室、雜貨店、大廳、餐廳、學校；學校含實驗室","50 個互動場景資源","1,000 個 everyday activities","活動／場景可實例化；不把 50 個場景當成測例數","剛體、關節、布料、流體等；含狀態／物質抽象","robot 觀測＋活動目標；人類需求調查不是影片條件","fixed_source_records_available","","Available fixed-source subset; original benchmark versions and native units remain explicit.","[]","","",""
"P101","Embodied Agent Interface","Embodied Agent Interface: Benchmarking LLMs for Embodied Decision Making","2024","https://arxiv.org/abs/2410.07166","N","導航與家務執行","benchmark_or_evaluation_resource","true","detailed_comparison_row","eai","primary metadata verified; complete abstract reviewed for this report","Unifies embodied decision-making evaluation across task representations and environments.","Embodied Agent Interface","3","{""evaluation_protocol"":3}","[""eai""]","BEHAVIOR 與 VirtualHome 的家庭活動；4 個決策模組","重用兩個原生環境；不是新建場景庫","BEHAVIOR 100 task names；VirtualHome 26 task names（分開保留）","BEHAVIOR 100 instructions／trajectories；VirtualHome 338","依原環境狀態與符號抽象","自然語言＋形式化目標／狀態／动作","fixed_source_records_available","","Available fixed-source subset; original benchmark versions and native units remain explicit.","[]","","",""
"P102","NavVerse","NavVerse: Benchmarking Indoor-to-Outdoor Embodied Navigation in Continuous Robot Simulation","2026","https://arxiv.org/abs/2607.19695","N","導航與家務執行","benchmark_or_evaluation_resource","true","existing_bibliography_benchmark_contribution_annotation","","primary metadata verified; complete abstract reviewed for this report","Indoor-to-outdoor navigation in continuous robot simulation.","NavVerse","0","{}","[]","","","","","","","native_task_list_to_collect","","Available fixed-source subset; original benchmark versions and native units remain explicit.","[]","","",""
"P103","Follow-Bench","Follow-Bench: A Unified Motion Planning Benchmark for Socially-Aware Robot Person Following","2025","https://arxiv.org/abs/2509.10796","N","導航與家務執行","benchmark_or_evaluation_resource","true","existing_bibliography_benchmark_contribution_annotation","","primary metadata verified; complete abstract reviewed for this report","Socially aware person-following motion-planning evaluation.","Follow-Bench","0","{}","[]","","","","","","","native_task_list_to_collect","","Available fixed-source subset; original benchmark versions and native units remain explicit.","[]","","",""
"P104","SIMPLER","Evaluating Real-World Robot Manipulation Policies in Simulation","2024","https://arxiv.org/abs/2405.05941","R","穩健性、失敗與評測品質","benchmark_or_evaluation_resource","true","existing_bibliography_benchmark_contribution_annotation","","primary metadata verified; scope coded from title/abstract evidence","Tests simulation as a proxy for real-policy evaluation; correlation is conditional.","SIMPLER","0","{}","[]","","","","","","","native_task_list_to_collect","","Available fixed-source subset; original benchmark versions and native units remain explicit.","[]","","",""
"P105","LIBERO-Plus","LIBERO-Plus: In-depth Robustness Analysis of Vision-Language-Action Models","2025","https://arxiv.org/abs/2510.13626","R","穩健性、失敗與評測品質","benchmark_or_evaluation_resource","true","existing_bibliography_benchmark_contribution_annotation","","primary metadata verified; complete abstract reviewed for this report","Controlled perturbations of seven dimensions in LIBERO; measures robustness beyond nominal success.","LIBERO","0","{}","[]","","","","","","","native_task_list_to_collect","","Available fixed-source subset; original benchmark versions and native units remain explicit.","[]","","",""
"P106","MetaWorld+","Meta-World+: An Improved, Standardized, RL Benchmark","2025","https://arxiv.org/abs/2505.11289","R","穩健性、失敗與評測品質","benchmark_or_evaluation_resource","true","existing_bibliography_benchmark_contribution_annotation","","canonical primary-source metadata verified; abstract available in source_metadata.json","Standardized revision of Meta-World; version and protocol changes can affect comparability.","Meta-World","0","{}","[]","","","","","","","native_task_list_to_collect","","Available fixed-source subset; original benchmark versions and native units remain explicit.","[]","","",""
"P107","COLOSSEUM","THE COLOSSEUM: A Benchmark for Evaluating Generalization for Robotic Manipulation","2024","https://arxiv.org/abs/2402.08191","R","穩健性、失敗與評測品質","benchmark_or_evaluation_resource","true","existing_bibliography_benchmark_contribution_annotation","","primary metadata verified; scope coded from title/abstract evidence","Systematic manipulation perturbations; supports controlled robustness testing.","COLOSSEUM","0","{}","[]","","","","","","","native_task_list_to_collect","","Available fixed-source subset; original benchmark versions and native units remain explicit.","[]","","",""
"P108","RoboArena","RoboArena: Distributed Real-World Evaluation of Generalist Robot Policies","2025","https://arxiv.org/abs/2506.18123","R","穩健性、失敗與評測品質","benchmark_or_evaluation_resource","true","existing_bibliography_benchmark_contribution_annotation","","primary metadata verified; complete abstract reviewed for this report","Distributed double-blind pairwise real-robot evaluations; broader sites but preference ranks differ from fixed-task success.","RoboArena","0","{}","[]","","","","","","","native_task_list_to_collect","","Available fixed-source subset; original benchmark versions and native units remain explicit.","[]","","",""
"P109","REFLECT / RoboFail","REFLECT: Summarizing Robot Experiences for Failure Explanation and Correction","2023","https://arxiv.org/abs/2306.15724","R","穩健性、失敗與評測品質","benchmark_or_evaluation_resource","true","existing_bibliography_benchmark_contribution_annotation","","canonical primary-source metadata verified; abstract available in source_metadata.json","Failure explanation and correction; includes RoboFail dataset.","REFLECT / RoboFail","0","{}","[]","","","","","","","native_task_list_to_collect","","Available fixed-source subset; original benchmark versions and native units remain explicit.","[]","","",""
"P110","AHA","AHA: A Vision-Language-Model for Detecting and Reasoning Over Failures in Robotic Manipulation","2024","https://arxiv.org/abs/2410.00371","R","穩健性、失敗與評測品質","data_or_method_resource","false","retained_related_work_not_promoted_to_benchmark","","primary metadata verified; scope coded from title/abstract evidence","Failure diagnosis data/model; diagnosis and successful autonomous recovery are separate endpoints.","AHA","0","{}","[]","","","","","","","native_task_list_to_collect","","Available fixed-source subset; original benchmark versions and native units remain explicit.","[]","","",""
"P111","RoboReward","RoboReward: General-Purpose Vision-Language Reward Models for Robotics","2026","https://arxiv.org/abs/2601.00675","R","穩健性、失敗與評測品質","benchmark_or_evaluation_resource","true","existing_bibliography_benchmark_contribution_annotation","","primary metadata verified; complete abstract reviewed for this report","Reward dataset and benchmark derived from OXE/RoboArena, including constructed near-miss negatives; assess judge calibration and lineage.","RoboReward","0","{}","[]","","","","","","","native_task_list_to_collect","","Available fixed-source subset; original benchmark versions and native units remain explicit.","[]","","",""
"P112","EgoOops","EgoOops: A Dataset for Mistake Action Detection from Egocentric Videos referring to Procedural Texts","2024","https://arxiv.org/abs/2410.05343","R","穩健性、失敗與評測品質","benchmark_or_evaluation_resource","true","existing_bibliography_benchmark_contribution_annotation","","primary metadata verified; complete abstract reviewed for this report","Procedural-text-conditioned mistake action detection in egocentric video across diverse domains.","EgoOops","0","{}","[]","","","","","","","native_task_list_to_collect","","Available fixed-source subset; original benchmark versions and native units remain explicit.","[]","","",""
"P113","REPAIR-Bench","REPAIR-Bench: A Benchmark for Robot Error Perception And Interaction Recovery","2026","https://arxiv.org/abs/2606.29937","R","穩健性、失敗與評測品質","benchmark_or_evaluation_resource","true","existing_bibliography_benchmark_contribution_annotation","","primary metadata verified; complete abstract reviewed for this report","Human perception of repeated robot failures and preferred recovery; not autonomous physical recovery success.","REPAIR-Bench","0","{}","[]","","","","","","","native_task_list_to_collect","","Available fixed-source subset; original benchmark versions and native units remain explicit.","[]","","",""
"P114","RobotArena infinity","RobotArena $\infty$: Scalable Robot Benchmarking via Real-to-Sim Translation","2025","https://arxiv.org/abs/2510.23571","R","穩健性、失敗與評測品質","benchmark_or_evaluation_resource","true","existing_bibliography_benchmark_contribution_annotation","","primary metadata verified; scope coded from title/abstract evidence","Scalable benchmarking through real-to-sim translation.","RobotArena infinity","0","{}","[]","","","","","","","native_task_list_to_collect","","Available fixed-source subset; original benchmark versions and native units remain explicit.","[]","","",""
"P115","RoboMME-Interference","RoboMME-Interference: Benchmarking Robot Memory Under Interference","2026","https://arxiv.org/abs/2606.22338","R","穩健性、失敗與評測品質","benchmark_or_evaluation_resource","true","existing_bibliography_benchmark_contribution_annotation","","primary metadata verified; complete abstract reviewed for this report","Robot memory under interference; read exact memory protocol before reuse.","RoboMME-Interference","0","{}","[]","","","","","","","native_task_list_to_collect","","Available fixed-source subset; original benchmark versions and native units remain explicit.","[]","","",""
"P116","OopsieVerse","OopsieVerse: A Safety Benchmark with Damage-Aware Simulation for Robot Manipulation","2026","https://arxiv.org/abs/2606.31993","R","穩健性、失敗與評測品質","benchmark_or_evaluation_resource","true","existing_bibliography_benchmark_contribution_annotation","","primary metadata verified; complete abstract reviewed for this report","Damage-aware simulation benchmark; task success and damage require separate reporting.","OopsieVerse","0","{}","[]","","","","","","","native_task_list_to_collect","","Available fixed-source subset; original benchmark versions and native units remain explicit.","[]","","",""
"P117","UMI","Universal Manipulation Interface: In-The-Wild Robot Teaching Without In-The-Wild Robots","2024","https://arxiv.org/abs/2402.10329","T","人類觀測到機器人轉移","data_or_method_resource","false","retained_related_work_not_promoted_to_benchmark","","primary metadata verified; scope coded from title/abstract evidence","Handheld gripper demonstrations with an explicit robot-compatible interface.","UMI","0","{}","[]","","","","","","","native_task_list_to_collect","","Available fixed-source subset; original benchmark versions and native units remain explicit.","[]","","",""
"P118","EgoMimic","EgoMimic: Scaling Imitation Learning via Egocentric Video","2024","https://arxiv.org/abs/2410.24221","T","人類觀測到機器人轉移","data_or_method_resource","false","retained_related_work_not_promoted_to_benchmark","","primary metadata verified; scope coded from title/abstract evidence","Joint human/robot egocentric learning; transfer still needs embodiment alignment.","EgoMimic","0","{}","[]","","","","","","","native_task_list_to_collect","","Available fixed-source subset; original benchmark versions and native units remain explicit.","[]","","",""
"P119","EgoDex","EgoDex: Learning Dexterous Manipulation from Large-Scale Egocentric Video","2025","https://arxiv.org/abs/2505.11709","T","人類觀測到機器人轉移","benchmark_or_evaluation_resource","true","existing_bibliography_benchmark_contribution_annotation","","primary metadata verified; complete abstract reviewed for this report","Human egocentric hand/finger tracking data and hand-trajectory prediction benchmarks; no robot-control success is established by this dataset paper.","EgoDex","0","{}","[]","","","","","","","native_task_list_to_collect","","Available fixed-source subset; original benchmark versions and native units remain explicit.","[]","","",""
"P120","EgoScale","EgoScale: Scaling Dexterous Manipulation with Diverse Egocentric Human Data","2026","https://arxiv.org/abs/2602.16710","T","人類觀測到機器人轉移","data_or_method_resource","false","retained_related_work_not_promoted_to_benchmark","","primary metadata verified; complete abstract reviewed for this report","Large-scale egocentric human pretraining and aligned human-robot mid-training for dexterous manipulation.","EgoScale","0","{}","[]","","","","","","","native_task_list_to_collect","","Available fixed-source subset; original benchmark versions and native units remain explicit.","[]","","",""
"P121","EgoZero","EgoZero: Robot Learning from Smart Glasses","2025","https://arxiv.org/abs/2505.20290","T","人類觀測到機器人轉移","data_or_method_resource","false","retained_related_work_not_promoted_to_benchmark","","canonical primary-source metadata verified; abstract available in source_metadata.json","Smart-glasses human demonstration transfer to robot manipulation.","EgoZero","0","{}","[]","","","","","","","native_task_list_to_collect","","Available fixed-source subset; original benchmark versions and native units remain explicit.","[]","","",""
"P122","EgoBridge","EgoBridge: Domain Adaptation for Generalizable Imitation from Egocentric Human Data","2025","https://arxiv.org/abs/2509.19626","T","人類觀測到機器人轉移","data_or_method_resource","false","retained_related_work_not_promoted_to_benchmark","","canonical primary-source metadata verified; abstract available in source_metadata.json","Domain adaptation for imitation using egocentric human data.","EgoBridge","0","{}","[]","","","","","","","native_task_list_to_collect","","Available fixed-source subset; original benchmark versions and native units remain explicit.","[]","","",""
"P123","WatchAct","WatchAct: A Benchmark for Behavior-Grounded Robot Manipulation","2026","https://arxiv.org/abs/2606.26443","T","人類觀測到機器人轉移","benchmark_or_evaluation_resource","true","detailed_comparison_row","watchact","primary metadata verified; complete abstract reviewed for this report","Aligned human-action video and executable tasks with separated reasoning, oracle-plan execution, and full-pipeline evaluation.","WatchAct","14","{""video_task_schema"":14}","[""watchact""]","家庭／輔助操作題材；4 個 cognitive domains","真實人類影片與 executable LIBERO task 配對","14 個原生認知 task schemas；操作 G2 種類待共同審核","3,000 個 long-horizon video–task instances；2026-09-25 公開 HF 版本另實數 3,045 evaluation rows","配對操作以原生環境物件為準","人類影片，變化 camera viewpoint、角色與歷史條件","fixed_source_records_available","","Available fixed-source subset; original benchmark versions and native units remain explicit.","[]","","",""
"P124","RoboReel","Monkey See, Can Monkey Do? A Benchmark for Evaluating Robot Skill Learning by Observation","2026","https://arxiv.org/abs/2609.08209","T","人類觀測到機器人轉移","benchmark_or_evaluation_resource","true","detailed_comparison_row","roboreel","primary metadata verified; complete abstract reviewed for this report","Human demonstration videos paired with simulated trajectories and environments for learning from observation.","RoboReel","0","{}","[]","Learning from Observation 操作任務","human demonstration videos 與 simulation task environments","10 個 manipulation tasks；4 個 test suites","各 suite 的 case／rollout 總數本輪未核","操作物件／接觸；完整材料分布另核","human videos 用於學習 policy；不同表示與資料條件","native_task_list_to_collect","","Available fixed-source subset; original benchmark versions and native units remain explicit.","[]","","",""
"P125","Open X-Embodiment","Open X-Embodiment: Robotic Learning Datasets and RT-X Models","2023","https://arxiv.org/abs/2310.08864","G","機器人資料與通用策略","data_or_method_resource","false","retained_related_work_not_promoted_to_benchmark","","primary metadata verified; scope coded from title/abstract evidence","Cross-embodiment robot demonstration collection; pooled data is not a fixed common evaluation.","Open X-Embodiment","0","{}","[]","","","","","","","native_task_list_to_collect","","Available fixed-source subset; original benchmark versions and native units remain explicit.","[]","","",""
"P126","DROID","DROID: A Large-Scale In-The-Wild Robot Manipulation Dataset","2024","https://arxiv.org/abs/2403.12945","G","機器人資料與通用策略","data_or_method_resource","false","retained_related_work_not_promoted_to_benchmark","","primary metadata verified; scope coded from title/abstract evidence","Distributed real-world manipulation data.","DROID","0","{}","[]","","","","","","","native_task_list_to_collect","","Available fixed-source subset; original benchmark versions and native units remain explicit.","[]","","",""
"P127","BridgeData V2","BridgeData V2: A Dataset for Robot Learning at Scale","2023","https://arxiv.org/abs/2308.12952","G","機器人資料與通用策略","data_or_method_resource","false","retained_related_work_not_promoted_to_benchmark","","primary metadata verified; scope coded from title/abstract evidence","Multi-scene manipulation dataset; useful training pool and held-out data design reference.","BridgeData V2","0","{}","[]","","","","","","","native_task_list_to_collect","","Available fixed-source subset; original benchmark versions and native units remain explicit.","[]","","",""
"P128","RoboNet","RoboNet: Large-Scale Multi-Robot Learning","2019","https://arxiv.org/abs/1910.11215","G","機器人資料與通用策略","data_or_method_resource","false","retained_related_work_not_promoted_to_benchmark","","primary metadata verified; scope coded from title/abstract evidence","Multi-robot data for visual dynamics and transfer.","RoboNet","0","{}","[]","","","","","","","native_task_list_to_collect","","Available fixed-source subset; original benchmark versions and native units remain explicit.","[]","","",""
"P129","RH20T","RH20T: A Comprehensive Robotic Dataset for Learning Diverse Skills in One-Shot","2023","https://arxiv.org/abs/2307.00595","G","機器人資料與通用策略","benchmark_or_evaluation_resource","true","existing_bibliography_benchmark_contribution_annotation","","primary metadata verified; scope coded from title/abstract evidence","Multimodal robot skill demonstrations.","RH20T","0","{}","[]","","","","","","","native_task_list_to_collect","","Available fixed-source subset; original benchmark versions and native units remain explicit.","[]","","",""
"P130","ALOHA / ACT","Learning Fine-Grained Bimanual Manipulation with Low-Cost Hardware","2023","https://arxiv.org/abs/2304.13705","G","機器人資料與通用策略","data_or_method_resource","false","retained_related_work_not_promoted_to_benchmark","","primary metadata verified; scope coded from title/abstract evidence","Fine manipulation hardware and action-chunking imitation baseline.","ALOHA","0","{}","[]","","","","","","","native_task_list_to_collect","","Available fixed-source subset; original benchmark versions and native units remain explicit.","[]","","",""
"P131","Mobile ALOHA","Mobile ALOHA: Learning Bimanual Mobile Manipulation with Low-Cost Whole-Body Teleoperation","2024","https://arxiv.org/abs/2401.02117","G","機器人資料與通用策略","data_or_method_resource","false","retained_related_work_not_promoted_to_benchmark","","primary metadata verified; scope coded from title/abstract evidence","Mobile bimanual long-task demonstration and learning.","ALOHA","0","{}","[]","","","","","","","native_task_list_to_collect","","Available fixed-source subset; original benchmark versions and native units remain explicit.","[]","","",""
"P132","RT-1","RT-1: Robotics Transformer for Real-World Control at Scale","2022","https://arxiv.org/abs/2212.06817","G","機器人資料與通用策略","data_or_method_resource","false","retained_related_work_not_promoted_to_benchmark","","primary metadata verified; scope coded from title/abstract evidence","Large-scale language-conditioned robot control baseline.","RT-1","0","{}","[]","","","","","","","native_task_list_to_collect","","Available fixed-source subset; original benchmark versions and native units remain explicit.","[]","","",""
"P133","RT-2","RT-2: Vision-Language-Action Models Transfer Web Knowledge to Robotic Control","2023","https://arxiv.org/abs/2307.15818","G","機器人資料與通用策略","data_or_method_resource","false","retained_related_work_not_promoted_to_benchmark","","primary metadata verified; scope coded from title/abstract evidence","Web-to-robot knowledge transfer; method evidence does not imply universal embodiment.","RT-2","0","{}","[]","","","","","","","native_task_list_to_collect","","Available fixed-source subset; original benchmark versions and native units remain explicit.","[]","","",""
"P134","OpenVLA","OpenVLA: An Open-Source Vision-Language-Action Model","2024","https://arxiv.org/abs/2406.09246","G","機器人資料與通用策略","data_or_method_resource","false","retained_related_work_not_promoted_to_benchmark","","primary metadata verified; scope coded from title/abstract evidence","Open VLA baseline relevant to standardized training/evaluation tracks.","OpenVLA","0","{}","[]","","","","","","","native_task_list_to_collect","","Available fixed-source subset; original benchmark versions and native units remain explicit.","[]","","",""
"P135","Octo","Octo: An Open-Source Generalist Robot Policy","2024","https://arxiv.org/abs/2405.12213","G","機器人資料與通用策略","data_or_method_resource","false","retained_related_work_not_promoted_to_benchmark","","primary metadata verified; scope coded from title/abstract evidence","Generalist policy with adaptation across robot setups.","Octo","0","{}","[]","","","","","","","native_task_list_to_collect","","Available fixed-source subset; original benchmark versions and native units remain explicit.","[]","","",""
"P136","pi0","$π_0$: A Vision-Language-Action Flow Model for General Robot Control","2024","https://arxiv.org/abs/2410.24164","G","機器人資料與通用策略","data_or_method_resource","false","retained_related_work_not_promoted_to_benchmark","","primary metadata verified; scope coded from title/abstract evidence","Generalist policy including complex manipulation; evaluate with declared training provenance.","pi0","0","{}","[]","","","","","","","native_task_list_to_collect","","Available fixed-source subset; original benchmark versions and native units remain explicit.","[]","","",""
"P137","pi0.5","$π_{0.5}$: a Vision-Language-Action Model with Open-World Generalization","2025","https://arxiv.org/abs/2504.16054","G","機器人資料與通用策略","data_or_method_resource","false","retained_related_work_not_promoted_to_benchmark","","primary metadata verified; scope coded from title/abstract evidence","Open-world generalization policy evidence; not itself a neutral benchmark.","pi0","0","{}","[]","","","","","","","native_task_list_to_collect","","Available fixed-source subset; original benchmark versions and native units remain explicit.","[]","","",""
"P138","Diffusion Policy","Diffusion Policy: Visuomotor Policy Learning via Action Diffusion","2023","https://arxiv.org/abs/2303.04137","G","機器人資料與通用策略","data_or_method_resource","false","retained_related_work_not_promoted_to_benchmark","","primary metadata verified; scope coded from title/abstract evidence","Important visuomotor baseline for continuous and multimodal actions.","Diffusion Policy","0","{}","[]","","","","","","","native_task_list_to_collect","","Available fixed-source subset; original benchmark versions and native units remain explicit.","[]","","",""
"P139","R3M","R3M: A Universal Visual Representation for Robot Manipulation","2022","https://arxiv.org/abs/2203.12601","G","機器人資料與通用策略","data_or_method_resource","false","retained_related_work_not_promoted_to_benchmark","","primary metadata verified; scope coded from title/abstract evidence","Human-video representations transferred to downstream robot tasks.","R3M","0","{}","[]","","","","","","","native_task_list_to_collect","","Available fixed-source subset; original benchmark versions and native units remain explicit.","[]","","",""
"P140","VIP","VIP: Towards Universal Visual Reward and Representation via Value-Implicit Pre-Training","2022","https://arxiv.org/abs/2210.00030","G","機器人資料與通用策略","data_or_method_resource","false","retained_related_work_not_promoted_to_benchmark","","primary metadata verified; scope coded from title/abstract evidence","Video-based representation/reward learning; useful baseline for visual progress.","VIP","0","{}","[]","","","","","","","native_task_list_to_collect","","Available fixed-source subset; original benchmark versions and native units remain explicit.","[]","","",""
"P141","HoloAssist","HoloAssist: an Egocentric Human Interaction Dataset for Interactive AI Assistants in the Real World","2023","https://arxiv.org/abs/2309.17024","C","輔助與協作","benchmark_or_evaluation_resource","true","existing_bibliography_benchmark_contribution_annotation","","primary metadata verified; complete abstract reviewed for this report","Collaborative task assistance with first-person multimodal signals.","HoloAssist","0","{}","[]","","","","","","","native_task_list_to_collect","","Available fixed-source subset; original benchmark versions and native units remain explicit.","[]","","",""
"P142","Habitat 3.0","Habitat 3.0: A Co-Habitat for Humans, Avatars and Robots","2023","https://arxiv.org/abs/2310.13724","C","輔助與協作","benchmark_or_evaluation_resource","true","existing_bibliography_benchmark_contribution_annotation","","primary metadata verified; scope coded from title/abstract evidence","Human-robot collaboration and shared environments.","Habitat","0","{}","[]","","","","","","","native_task_list_to_collect","","Available fixed-source subset; original benchmark versions and native units remain explicit.","[]","","",""
"P143","PARTNR","PARTNR: A Benchmark for Planning and Reasoning in Embodied Multi-agent Tasks","2024","https://arxiv.org/abs/2411.00081","C","輔助與協作","benchmark_or_evaluation_resource","true","detailed_comparison_row","partnr","primary metadata verified; scope coded from title/abstract evidence","Collaborative household planning and execution.","PARTNR","6","{""generator_configuration"":6}","[""partnr""]","多 agent 家庭活動；4 類約束／能力分組","本版公開HSSD-partnr分支50個命名場景定義；所取train／val題目實際引用49個。論文60房屋另保留版本說明。","4 個 task types；具體語義任務種類尚需正規化","本版固定公開檔案：111,652 train＋1,000 val題目定義；未取得公開test檔。完整3D資產與執行另驗證。","物件、空間與狀態交互","語言任務＋agent 觀測；分散／集中控制","fixed_source_records_available","","Available fixed-source subset; original benchmark versions and native units remain explicit.","[]","","definition_metadata_acquired","112652"
"P144","CAP / EgoGym","Contact-Anchored Policies: Contact Conditioning Creates Strong Robot Utility Models","2026","https://arxiv.org/abs/2602.09017","T","人類觀測到機器人轉移","benchmark_or_evaluation_resource","true","existing_bibliography_benchmark_contribution_annotation","","primary metadata verified; complete abstract reviewed for this report","Contact-conditioned robot utility policies; EgoGym is a simulation benchmark for three fundamental manipulation skills.","CAP / EgoGym","0","{}","[]","","","","","","","native_task_list_to_collect","","Available fixed-source subset; original benchmark versions and native units remain explicit.","[]","","",""
"P145","NIABench","Assistance Without Interruption: A Benchmark and LLM-based Framework for Non-Intrusive Human-Robot Assistance","2026","https://arxiv.org/abs/2605.01368","C","輔助與協作","benchmark_or_evaluation_resource","true","existing_bibliography_benchmark_contribution_annotation","","primary metadata verified; complete abstract reviewed for this report","Non-intrusive assistance jointly evaluates when to help and what to do.","NIABench","0","{}","[]","","","","","","","native_task_list_to_collect","","Available fixed-source subset; original benchmark versions and native units remain explicit.","[]","","",""
"P146","DexH2R","DexH2R: A Benchmark for Dynamic Dexterous Grasping in Human-to-Robot Handover","2025","https://arxiv.org/abs/2506.23152","C","輔助與協作","benchmark_or_evaluation_resource","true","existing_bibliography_benchmark_contribution_annotation","","primary metadata verified; complete abstract reviewed for this report","Dynamic dexterous human-to-robot handover dataset and evaluation.","DexH2R","0","{}","[]","","","","","","","native_task_list_to_collect","","Available fixed-source subset; original benchmark versions and native units remain explicit.","[]","","",""
"P147","HRIBench","HRIBench: Benchmarking Interaction-Centric Human-Robot Collaboration","2026","https://arxiv.org/abs/2607.13056","C","輔助與協作","benchmark_or_evaluation_resource","true","existing_bibliography_benchmark_contribution_annotation","","primary metadata verified; complete abstract reviewed for this report","Executable interaction scenarios with instructor, collaborator, and intruder roles; sim-to-real adaptation study.","HRIBench","0","{}","[]","","","","","","","native_task_list_to_collect","","Available fixed-source subset; original benchmark versions and native units remain explicit.","[]","","",""
"P148","Assistax","Assistax: A Multi-Agent Hardware-Accelerated Reinforcement Learning Benchmark for Assistive Robotics","2025","https://arxiv.org/abs/2507.21638","C","輔助與協作","benchmark_or_evaluation_resource","true","existing_bibliography_benchmark_contribution_annotation","","primary metadata verified; complete abstract reviewed for this report","Assistive robotics with multi-agent accelerated reinforcement-learning evaluation.","Assistax","0","{}","[]","","","","","","","native_task_list_to_collect","","Available fixed-source subset; original benchmark versions and native units remain explicit.","[]","","",""
"P149","V-JEPA 2","V-JEPA 2: Self-Supervised Video Models Enable Understanding, Prediction and Planning","2025","https://arxiv.org/abs/2506.09985","W","世界模型與預測表示","data_or_method_resource","false","retained_related_work_not_promoted_to_benchmark","","primary metadata verified; scope coded from title/abstract evidence","Predictive representations with planning evaluation; video prediction quality and control utility differ.","V-JEPA 2","0","{}","[]","","","","","","","native_task_list_to_collect","","Available fixed-source subset; original benchmark versions and native units remain explicit.","[]","","",""
"P150","DreamDojo","DreamDojo: A Generalist Robot World Model from Large-Scale Human Videos","2026","https://arxiv.org/abs/2602.06949","W","世界模型與預測表示","data_or_method_resource","false","retained_related_work_not_promoted_to_benchmark","","primary metadata verified; scope coded from title/abstract evidence","Robot world model using human video; assess action-conditioned fidelity and task utility separately.","DreamDojo","0","{}","[]","","","","","","","native_task_list_to_collect","","Available fixed-source subset; original benchmark versions and native units remain explicit.","[]","","",""
"P151","H2R-Bench","H2R-Bench: Benchmarking Human-to-Robot Manipulation Video Generation in World Models","2026","https://arxiv.org/abs/2608.13049","W","世界模型與預測表示","benchmark_or_evaluation_resource","true","existing_bibliography_benchmark_contribution_annotation","","primary metadata verified; complete abstract reviewed for this report","Human-to-robot video generation benchmark; rendered goal completion does not establish physical execution.","H2R-Bench","0","{}","[]","","","","","","","native_task_list_to_collect","","Available fixed-source subset; original benchmark versions and native units remain explicit.","[]","","",""
"P152","RoboWM-Bench","RoboWM-Bench: A Benchmark for Evaluating World Models in Robotic Manipulation","2026","https://arxiv.org/abs/2604.19092","W","世界模型與預測表示","benchmark_or_evaluation_resource","true","existing_bibliography_benchmark_contribution_annotation","","primary metadata verified; complete abstract reviewed for this report","Converts generated videos to embodied actions and evaluates physical executability in simulation.","RoboWM-Bench","0","{}","[]","","","","","","","native_task_list_to_collect","","Available fixed-source subset; original benchmark versions and native units remain explicit.","[]","","",""
"P153","EgoExo-Gen","EgoExo-Gen: Ego-centric Video Prediction by Watching Exo-centric Videos","2025","https://arxiv.org/abs/2504.11732","W","世界模型與預測表示","data_or_method_resource","false","retained_related_work_not_promoted_to_benchmark","","primary metadata verified; scope coded from title/abstract evidence","Egocentric video prediction from exocentric observations.","EgoExo-Gen","0","{}","[]","","","","","","","native_task_list_to_collect","","Available fixed-source subset; original benchmark versions and native units remain explicit.","[]","","",""
"P154","Hand-conditioned ego predictive model","Ego-centric Predictive Model Conditioned on Hand Trajectories","2025","https://arxiv.org/abs/2508.19852","W","世界模型與預測表示","data_or_method_resource","false","retained_related_work_not_promoted_to_benchmark","","primary metadata verified; scope coded from title/abstract evidence","Egocentric predictive model conditioned on hand trajectories.","Hand-conditioned ego predictive model","0","{}","[]","","","","","","","native_task_list_to_collect","","Available fixed-source subset; original benchmark versions and native units remain explicit.","[]","","",""
"P155","EgoExo-WM","EgoExo-WM: Unlocking Exo Video for Ego World Models","2026","https://arxiv.org/abs/2605.15477","W","世界模型與預測表示","data_or_method_resource","false","retained_related_work_not_promoted_to_benchmark","","primary metadata verified; scope coded from title/abstract evidence","Exocentric video for egocentric world modeling.","EgoExo-WM","0","{}","[]","","","","","","","native_task_list_to_collect","","Available fixed-source subset; original benchmark versions and native units remain explicit.","[]","","",""
"P156","Egocentric survey","Challenges and Trends in Egocentric Vision: A Survey","2025","https://arxiv.org/abs/2503.15275","S","Survey／評測方法","survey_or_evaluation_method","false","retained_related_work_not_promoted_to_benchmark","","canonical primary-source metadata verified; abstract available in source_metadata.json","Broad egocentric vision survey used for discovery and scope checks.","Egocentric survey","0","{}","[]","","","","","","","native_task_list_to_collect","","Available fixed-source subset; original benchmark versions and native units remain explicit.","[]","","",""
"P157","Human-video robot learning survey","Robot Learning from Human Videos: A Survey","2026","https://arxiv.org/abs/2604.27621","S","Survey／評測方法","survey_or_evaluation_method","false","retained_related_work_not_promoted_to_benchmark","","canonical primary-source metadata verified; abstract available in source_metadata.json","Survey of human-video robot learning; discovery/reference role rather than an executable benchmark.","Human-video robot learning survey","0","{}","[]","","","","","","","native_task_list_to_collect","","Available fixed-source subset; original benchmark versions and native units remain explicit.","[]","","",""
"P158","VLA benchmark survey","Vision-Language-Action in Robotics: A Survey of Datasets, Benchmarks, and Data Engines","2026","https://arxiv.org/abs/2604.23001","S","Survey／評測方法","survey_or_evaluation_method","false","retained_related_work_not_promoted_to_benchmark","","canonical primary-source metadata verified; abstract available in source_metadata.json","Survey of datasets, benchmarks, and data engines for VLA robotics.","VLA benchmark survey","0","{}","[]","","","","","","","native_task_list_to_collect","","Available fixed-source subset; original benchmark versions and native units remain explicit.","[]","","",""
"P159","tinyBenchmarks","tinyBenchmarks: evaluating LLMs with fewer examples","2024","https://arxiv.org/abs/2402.14992","S","Survey／評測方法","survey_or_evaluation_method","false","retained_related_work_not_promoted_to_benchmark","","primary metadata verified; complete abstract reviewed for this report","Item-response/adaptive-evaluation inspiration; applying it to robotics is a proposal.","tinyBenchmarks","0","{}","[]","","","","","","","native_task_list_to_collect","","Available fixed-source subset; original benchmark versions and native units remain explicit.","[]","","",""
"P160","Rliable","Deep Reinforcement Learning at the Edge of the Statistical Precipice","2021","https://arxiv.org/abs/2108.13264","S","Survey／評測方法","survey_or_evaluation_method","false","retained_related_work_not_promoted_to_benchmark","","primary metadata verified; complete abstract reviewed for this report","Statistical evaluation methodology; supports confidence intervals and robust aggregates.","Rliable","0","{}","[]","","","","","","","native_task_list_to_collect","","Available fixed-source subset; original benchmark versions and native units remain explicit.","[]","","",""
"P161","First-person prediction survey","Predicting the Future from First Person (Egocentric) Vision: A Survey","2021","https://arxiv.org/abs/2107.13411","S","Survey／評測方法","survey_or_evaluation_method","false","retained_related_work_not_promoted_to_benchmark","","primary metadata verified; scope coded from title/abstract evidence","Dedicated survey of forecasting from first-person vision.","First-person prediction survey","0","{}","[]","","","","","","","native_task_list_to_collect","","Available fixed-source subset; original benchmark versions and native units remain explicit.","[]","","",""
"P162","Egocentric hands survey","Analysis of the hands in egocentric vision: A survey","2019","https://arxiv.org/abs/1912.10867","S","Survey／評測方法","survey_or_evaluation_method","false","retained_related_work_not_promoted_to_benchmark","","primary metadata verified; scope coded from title/abstract evidence","Survey of hand analysis in first-person vision.","Egocentric hands survey","0","{}","[]","","","","","","","native_task_list_to_collect","","Available fixed-source subset; original benchmark versions and native units remain explicit.","[]","","",""
"P163","Ego-exo collaboration survey","Bridging Perspectives: A Survey on Cross-view Collaborative Intelligence with Egocentric-Exocentric Vision","2025","https://arxiv.org/abs/2506.06253","S","Survey／評測方法","survey_or_evaluation_method","false","retained_related_work_not_promoted_to_benchmark","","primary metadata verified; scope coded from title/abstract evidence","Survey connecting first-person and third-person collaborative visual intelligence.","Ego-exo collaboration survey","0","{}","[]","","","","","","","native_task_list_to_collect","","Available fixed-source subset; original benchmark versions and native units remain explicit.","[]","","",""
"P164","The Imitator Game","The Imitator Game: Benchmarking Robot Imitative Ability Beyond Action Prediction","2026","https://arxiv.org/abs/2608.22301","T","人類觀測到機器人轉移","benchmark_or_evaluation_resource","true","detailed_comparison_row","imitator","primary metadata and complete abstract checked; selected sections checked for Imitator Game and LIBERO-Recover","Shared human-to-robot imitation levels, multiple application domains and garment tasks. Full-text limitations include one substitution pattern per task-level pair.","The Imitator Game","53","{""human_sim_task_mapping"":53}","[""imitator""]","6 原生領域：Household、Supermarket、Restaurant、Logistics、Hospital、Laboratory","跨六領域的 human–robot 對齊情境；獨立場景資產總數未核","50+ base tasks；各域列數共 53；200+ L0–L3 variants","paired episodes 是資料資源，不是每個模型都跑過的 test cases","含衣物、容器、包裝等；各物理模型／sim-real 適用性另核","人類示範；L0–L3 情境／物件／affordance mismatch","fixed_source_records_available","","Available fixed-source subset; original benchmark versions and native units remain explicit.","[]","","",""
"P165","LIBERO-Recover","LIBERO-RECOVER: Beyond Task Success Towards Failure Recovery in Robotic Manipulation Models","2026","https://arxiv.org/abs/2609.05178","R","穩健性、失敗與評測品質","benchmark_or_evaluation_resource","true","detailed_comparison_row","liberorecover","primary metadata and complete abstract checked; selected sections checked for Imitator Game and LIBERO-Recover","Failure-state recovery benchmark derived from LIBERO. Recovery scenarios are not independent new task families.","LIBERO-Recover","0","{}","[]","LIBERO 衍生操作與失敗狀態","由模型實際失敗形成的恢復情境","沿用 LIBERO 操作；4 個 recovery levels 不是新增 G2 類數","1,000+ failure scenarios","原生物件與場景狀態；含結構／拓撲推理","robot 狀態／觀測＋任務資訊","native_task_list_to_collect","","Available fixed-source subset; original benchmark versions and native units remain explicit.","[]","","",""
"P166","SafeVLA-Bench","SafeVLA-Bench: A Benchmark for the Success-Safety Gap in Vision-Language-Action Models","2026","https://arxiv.org/abs/2606.00773","R","穩健性、失敗與評測品質","benchmark_or_evaluation_resource","true","detailed_comparison_row","safevla","primary metadata and complete abstract checked; selected sections checked for Imitator Game and LIBERO-Recover","Post-hoc task-aware trajectory constraint evaluation; reports goal success and unsafe-success metrics separately.","SafeVLA-Bench","0","{}","[]","LIBERO tabletop 與 RoboCasa365 kitchen","重用既有 benchmark 場景","沿用原任務；不新增獨立任務種類總數","9 個 policy–benchmark entries；不是 9 題","接觸、物件擾動、持物穩定與 self-contact 量測","任務相關 STL 條件＋完整軌跡","native_task_list_to_collect","","Available fixed-source subset; original benchmark versions and native units remain explicit.","[]","","",""
"P167","DexGarmentLab","DexGarmentLab: Dexterous Garment Manipulation Environment with Generalizable Policy","2025","https://arxiv.org/abs/2505.11032","D","布料／柔性物操作","benchmark_or_evaluation_resource","true","detailed_comparison_row","dexgarment","primary metadata and complete abstract checked; selected sections checked for Imitator Game and LIBERO-Recover","Dexterous bimanual garment environment, assets and generated demonstrations; garment task presence alone is not a new contribution.","DexGarmentLab","15","{""task_scene_entrypoint"":15}","[""dexgarment""]","靈巧衣物操作","衣物幾何、形變、操作情境與大規模 3D assets","15 個 task scenarios","多衣物實例與初始形變；測例總數本輪未核","布料／衣物與接觸","視覺／狀態；結構對應與 affordance","fixed_source_records_available","","Available fixed-source subset; original benchmark versions and native units remain explicit.","[]","","",""
"P168","HRIBench (perception, 2025)","HRIBench: Benchmarking Vision-Language Models for Real-Time Human Perception in Human-Robot Interaction","2025","https://arxiv.org/abs/2506.20566","Q","理解、推理與規劃","benchmark_or_evaluation_resource","true","existing_bibliography_benchmark_contribution_annotation","","primary metadata and complete abstract checked; selected sections checked for Imitator Game and LIBERO-Recover","Human-perception VQA and latency evaluation; distinct from the 2026 interaction-centric HRIBench and not equivalent to task execution.","HRIBench (perception, 2025)","0","{}","[]","","","","","","","native_task_list_to_collect","","Available fixed-source subset; original benchmark versions and native units remain explicit.","[]","","",""
"P169","X2Real","X2Real: an eXtensive simulation benchmark for real-world generalist policies","2026","https://arxiv.org/abs/2609.27449","M","一般操作 benchmark","benchmark_or_evaluation_resource","true","detailed_comparison_row","x2real","primary metadata verified and complete abstract reviewed; no complete full-text audit","44個長流程操作任務、10能力維度及sim-to-real評測；能力維度不是應用場域，手臂與訓練資訊約定須分層。","X2Real","0","{}","[]","10項能力維度；非10個部署場域","摘要沒有可獨立歸一的場景／layout總數","44項hierarchical long-horizon tasks","受測case／episode總數未由摘要確定","依具體任務核對；不由題名推定材料保真","視覺、語言與各policy相容輸入","native_task_list_to_collect","","Available fixed-source subset; original benchmark versions and native units remain explicit.","[]","","",""
"P170","MotionForge","MotionForge: A Data Generation Pipeline and Large-Scale Benchmark for Long-Horizon Manipulation of Dynamic Objects with Domain Shifts","2026","https://arxiv.org/abs/2609.25689","M","一般操作 benchmark","benchmark_or_evaluation_resource","true","detailed_comparison_row","motionforge","primary metadata verified and complete abstract reviewed; no complete full-text audit","40個動態互動任務，含17個長流程任務；環境隨推論時間持續演化，提示我們須量測延遲而非暫停世界等答案。","MotionForge","0","{}","[]","動態物件操作；11種motion patterns不是11個應用領域","摘要沒有可獨立歸一的場景／layout總數","40項dynamic interaction tasks；其中17項長流程","受測case／episode總數未由摘要確定","動態接觸物件；形變材料支撐另核","原文輸入與監督條件另核","native_task_list_to_collect","","Available fixed-source subset; original benchmark versions and native units remain explicit.","[]","","",""
"P171","Bench2Dex","Bench2Dex: Benchmarking Visuo-Tactile Bimanual Dexterous Manipulation Across Dexterous Hands","2026","https://arxiv.org/abs/2609.15726","M","一般操作 benchmark","benchmark_or_evaluation_resource","true","detailed_comparison_row","bench2dex","primary metadata verified and complete abstract reviewed; no complete full-text audit","26項雙手操作跨12種靈巧手，提供共用接觸影像介面；模擬觸覺不等同特定實體感測器。","Bench2Dex","0","{}","[]","工具、關節與多階段雙手操作；部署場域仍需逐題綁定","摘要沒有可獨立歸一的場景／layout總數","26項bimanual tasks","受測case／episode總數未由摘要確定","剛體／關節／接觸；共享模擬觸覺不模仿特定實體sensor","視覺、觸覺影像、本體與action／物件state；policy輸入依setting","native_task_list_to_collect","","Available fixed-source subset; original benchmark versions and native units remain explicit.","[]","","",""
"P172","LabUtopia","LabUtopia: High-Fidelity Simulation and Hierarchical Benchmark for Scientific Embodied Agents","2025","https://arxiv.org/abs/2505.22634","M","一般操作 benchmark","benchmark_or_evaluation_resource","true","detailed_comparison_row","labutopia","primary metadata verified and complete abstract reviewed; no complete full-text audit","30項科學實驗室任務，含五層複雜度與200多項場景／儀器資產；化學或多物理主張要再核對具體實作。","LabUtopia","0","{}","[]","科學實驗室","LabScene程序生成；200+為場景／儀器混合資產，不是200房間","30項tasks；5 complexity levels","受測case／episode總數未由摘要確定","原作主張multi-physics／chemically meaningful互動，逐項保真仍需查核","原文輸入與監督條件另核","native_task_list_to_collect","","Available fixed-source subset; original benchmark versions and native units remain explicit.","[]","","",""
"P173","LabDex","LabDex: A Hierarchical Benchmark for Dexterous Manipulation in Laboratories","2026","https://arxiv.org/abs/2608.18618","M","一般操作 benchmark","benchmark_or_evaluation_resource","true","detailed_comparison_row","labdex","primary metadata verified and complete abstract reviewed; no complete full-text audit","把實驗室靈巧操作分為原子技能、組合技能、完整實驗；真實與模擬共用框架，摘要沒有可歸一的總題數。","LabDex","0","{}","[]","化學實驗室","摘要沒有可獨立歸一的場景／layout總數","原子技能／組合技能／長流程實驗三層；摘要未明訂總數","受測case／episode總數未由摘要確定","依具體任務核對；不由題名推定材料保真","原文輸入與監督條件另核","native_task_list_to_collect","","Available fixed-source subset; original benchmark versions and native units remain explicit.","[]","","",""
"P174","Labimus","Labimus: A Simulation and Benchmark for Humanoid Dexterous Manipulation in Chemical Laboratory","2026","https://arxiv.org/abs/2606.31037","M","一般操作 benchmark","benchmark_or_evaluation_resource","true","detailed_comparison_row","labimus","primary metadata verified and complete abstract reviewed; no complete full-text audit","人形靈巧實驗室操作，六項原子操作及七步秤重流程；顆粒、儀器讀值與量測誤差不能只用終態成功替代。","Labimus","0","{}","[]","有機化學實驗室","摘要沒有可獨立歸一的場景／layout總數","6項atomic operations；另有7步solid-weighing workflow","受測case／episode總數未由摘要確定","關節儀器、粒子粉末、closed-loop讀值","視覺、機體與儀器量測","native_task_list_to_collect","","Available fixed-source subset; original benchmark versions and native units remain explicit.","[]","","",""
"P175","Pipette","Pipette: An Embodied Simulation Platform, Benchmark, and Data-Efficient Augmentation Framework for Wet-Lab Robotics","2026","https://arxiv.org/abs/2606.12936","M","一般操作 benchmark","benchmark_or_evaluation_resource","true","detailed_comparison_row","pipette","primary metadata verified and complete abstract reviewed; no complete full-text audit","12項wet-lab任務、三種手臂及100多件可編輯資產；示範增強產物與新的任務種類分開計數。","Pipette","0","{}","[]","wet-lab：樣本、培養器皿、設備與精密放置","摘要沒有可獨立歸一的場景／layout總數","12項tasks","受測case／episode總數未由摘要確定","依具體任務核對；不由題名推定材料保真","robot示範／視覺語言；增強含燈光、camera、速度與動作","native_task_list_to_collect","","Available fixed-source subset; original benchmark versions and native units remain explicit.","[]","","",""
"P176","AutoBio","AutoBio: A Simulation and Benchmark for Robotic Automation in Digital Biology Laboratory","2025","https://arxiv.org/abs/2505.14030","M","一般操作 benchmark","benchmark_or_evaluation_resource","true","detailed_comparison_row","autobio","primary metadata verified and complete abstract reviewed; no complete full-text audit","生物實驗室的精密、視覺和程序操作；原比較表已有16項全庫與9項受測子集，本次補入統一書目。","AutoBio","0","{}","[]","biology laboratory 的儀器與實驗程序操作","實驗室儀器數位化場景；獨立場景總數未核","16 個 tasks；3 個設計難度層","論文選 9 tasks 做主實驗；每任務示範量另列","器皿、設備機構、透明材料；流體效應須依實作另核","語言、視覺、proprioception／儀器介面","native_task_list_to_collect","","Available fixed-source subset; original benchmark versions and native units remain explicit.","[]","","",""
"P177","H2RBench（human transfer）","H2RBench: A Real-to-Sim Benchmark for Evaluating Human-to-Robot Transfer","2026","https://arxiv.org/abs/2609.24778","T","人類觀測到機器人轉移","benchmark_or_evaluation_resource","true","detailed_comparison_row","h2rtransfer","primary metadata verified and complete abstract reviewed; no complete full-text audit","四項Real2Sim人類到機器人轉移任務，控制人類示範量与robot監督；與世界模型文獻H2R-Bench為不同工作。","H2RBench（human transfer）","0","{}","[]","原文摘要未足以對齊部署場域；保留其原生用途","真實人類示範與模擬robot環境配對","4項manipulation tasks","受測case／episode總數未由摘要確定","依具體任務核對；不由題名推定材料保真","人類影片用於學習；robot監督量與human資料量受控","native_task_list_to_collect","","Available fixed-source subset; original benchmark versions and native units remain explicit.","[]","","",""
"P178","RoboRecover","RoboRecover: Benchmarking Robot Policy Recovery under Execution Deviations","2026","https://arxiv.org/abs/2609.28952","R","穩健性、失敗與評測品質","benchmark_or_evaluation_resource","true","detailed_comparison_row","roborecover","primary metadata verified and complete abstract reviewed; no complete full-text audit","RoboTwin與LIBERO各1,000個恢復情境，各用800／200切分；動作前綴重播重建偏離狀態，不是2,000種新工作。","RoboRecover","0","{}","[]","原文摘要未足以對齊部署場域；保留其原生用途","以實際動作前綴重播重建中途偏離狀態","沿用原操作任務；不是新增2,000個G2","2,000 deviation scenarios；每平台1,000，各800 train／200 test","依具體任務核對；不由題名推定材料保真","原文輸入與監督條件另核","native_task_list_to_collect","","Available fixed-source subset; original benchmark versions and native units remain explicit.","[]","","",""
"P179","REBOOT","REBOOT: From Failure to Recovery - A Dataset and Benchmark for Precision Assembly","2026","https://arxiv.org/abs/2609.22591","R","穩健性、失敗與評測品質","benchmark_or_evaluation_resource","true","detailed_comparison_row","reboot","primary metadata verified and complete abstract reviewed; no complete full-text audit","18項精密装配及2,160份示範，把取件／運送／裝入分成五階段；成敗與專家恢復軌跡均保留，示範不當題型。","REBOOT","0","{}","[]","精密裝配；工業題材","摘要沒有可獨立歸一的場景／layout總數","18項precision assembly tasks","五共同phase；各phase失敗及專家恢復","依具體任務核對；不由題名推定材料保真","四視角RGB-D、phase語言條件及action","native_task_list_to_collect","","Available fixed-source subset; original benchmark versions and native units remain explicit.","[]","","",""
"P180","SafeManip","SafeManip: A Property-Driven Benchmark for Temporal Safety Evaluation in Robotic Manipulation","2026","https://arxiv.org/abs/2605.12386","R","穩健性、失敗與評測品質","benchmark_or_evaluation_resource","true","detailed_comparison_row","safemanip","primary metadata verified and complete abstract reviewed; no complete full-text audit","在50項RoboCasa365任務上用八類LTLf性質檢查完整過程；這是可重用評測層，不新增50個獨立任務。","SafeManip","0","{}","[]","家務RoboCasa365子集","摘要沒有可獨立歸一的場景／layout總數","沿用50原任務；8 temporal property categories","6 VLA policies；全庫rollout數摘要未歸一","依具體任務核對；不由題名推定材料保真","rollout轉為symbolic predicate traces與LTLf monitors","native_task_list_to_collect","","Available fixed-source subset; original benchmark versions and native units remain explicit.","[]","","",""
"P181","RoboFolDeX","RoboFolDeX: A Physical-World Benchmark for Long-Horizon Robotic Manipulation of Deformable Objects","2026","https://arxiv.org/abs/2609.10243","D","布料／柔性物操作","benchmark_or_evaluation_resource","true","detailed_comparison_row","robofoldex","primary metadata verified and complete abstract reviewed; no complete full-text audit","以真實衣物摺疊為主，報告2,000多小時、20多項任務與10多種機體；資料全庫與外部提交的實際評測集合分開。","RoboFolDeX","0","{}","[]","以衣物摺疊為主要評測工作；資料另含多類操作","摘要沒有可獨立歸一的場景／layout總數","資料全庫20+ tasks；主要摺衣受測集合須另核","受測case／episode總數未由摘要確定","衣物／柔性物與剛體轉移資料","真實robot資料；human intervention不等於人類示範影片","native_task_list_to_collect","","Available fixed-source subset; original benchmark versions and native units remain explicit.","[]","","",""
"P182","SoftVTBench","SoftVTBench: A Deformation-Aware Visuo-Tactile Dataset and Benchmark for Deformable-Object Manipulation","2026","https://arxiv.org/abs/2608.18701","D","布料／柔性物操作","benchmark_or_evaluation_resource","true","detailed_comparison_row","softvtbench","primary metadata verified and complete abstract reviewed; no complete full-text audit","4,000專家示範、50多件柔性與剛性對照資產，分開公開觸覺和evaluator-only FEM狀態；以形變限制後的成功評測。","SoftVTBench","0","{}","[]","原文摘要未足以對齊部署場域；保留其原生用途","摘要沒有可獨立歸一的場景／layout總數","總task種類未由摘要確定；12個ID實驗config不是12種任務","受測case／episode總數未由摘要確定","volumetric deformable＋visually matched rigid twins；FEM真值","多視角RGB、觸覺、marker motion、本體與語言；FEM為evaluator-only","native_task_list_to_collect","","Available fixed-source subset; original benchmark versions and native units remain explicit.","[]","","",""
"P183","WireCraft","WireCraft: A Simulation Benchmark for Industrial DLO Manipulation","2026","https://arxiv.org/abs/2606.18097","D","布料／柔性物操作","benchmark_or_evaluation_resource","true","detailed_comparison_row","wirecraft","primary metadata verified and complete abstract reviewed; no complete full-text audit","工業線材的接頭插入、卡扣佈線與槽內安置三家族；關節鏈與連續柔性模型分開，原文說明程式待接受後釋出。","WireCraft","0","{}","[]","工業線材裝配","摘要沒有可獨立歸一的場景／layout總數","3 task families：connector insertion／clip routing／channel seating","受測case／episode總數未由摘要確定","關節鏈式與連續柔性DLO兩模型","原文輸入與監督條件另核","native_task_list_to_collect","","Available fixed-source subset; original benchmark versions and native units remain explicit.","[]","","",""
"P184","DLO-Lab","DLO-Lab: Benchmarking Deformable Linear Object Manipulations with Differentiable Physics","2026","https://arxiv.org/abs/2606.04206","D","布料／柔性物操作","benchmark_or_evaluation_resource","true","detailed_comparison_row","dlolab","primary metadata verified and complete abstract reviewed; no complete full-text audit","可微線材模擬涵蓋伸長、彈性、彎曲塑性與拓撲困難；可借鑑抓點／材料設計，摘要不足以確定總任務數。","DLO-Lab","0","{}","[]","繩、線、橡皮帶等DLO操作","摘要沒有可獨立歸一的場景／layout總數","原文摘要未明訂可比的任務種類總數","受測case／episode總數未由摘要確定","伸長／不可伸長、彈性、彎曲塑性與接觸","原文輸入與監督條件另核","native_task_list_to_collect","","Available fixed-source subset; original benchmark versions and native units remain explicit.","[]","","",""
"P185","RGBench","Real Garment Benchmark (RGBench): A Comprehensive Benchmark for Robotic Garment Manipulation featuring a High-Fidelity Scalable Simulator","2025","https://arxiv.org/abs/2511.06434","D","布料／柔性物操作","benchmark_or_evaluation_resource","true","detailed_comparison_row","rgbench","primary metadata verified and complete abstract reviewed; no complete full-text audit","6,000多衣物mesh與真實衣物動態的模擬品質評測；資產規模與完成操作的任務數是不同軸。","RGBench","0","{}","[]","衣物與robot garment manipulation","摘要沒有可獨立歸一的場景／layout總數","摘要未提供可比操作任務總數","受測case／episode總數未由摘要確定","布料／衣物動態","原文輸入與監督條件另核","native_task_list_to_collect","","Available fixed-source subset; original benchmark versions and native units remain explicit.","[]","","",""
"P186","BiFold","BiFold: Bimanual Cloth Folding with Language Guidance","2025","https://arxiv.org/abs/2501.16458","D","布料／柔性物操作","role_review_pending","false","retained_related_work_not_promoted_to_benchmark","","primary metadata verified and complete abstract reviewed; no complete full-text audit","用文字條件產生雙手摺衣動作，另提供語言與動作配對資料；指令、衣物與環境泛化要各自切分。","BiFold","0","{}","[]","","","","","","","native_task_list_to_collect","","Available fixed-source subset; original benchmark versions and native units remain explicit.","[]","","",""
"P187","SSFold","SSFold: Learning to Fold Arbitrary Crumpled Cloth Using Graph Dynamics from Human Demonstration","2024","https://arxiv.org/abs/2411.02608","D","布料／柔性物操作","role_review_pending","false","retained_related_work_not_promoted_to_benchmark","","primary metadata verified and complete abstract reviewed; no complete full-text audit","從皺褶布料到四種目標摺形，結合可見圖結構與人類示範；將整理和摺疊一起驗證，而非只從平布開始。","SSFold","0","{}","[]","","","","","","","native_task_list_to_collect","","Available fixed-source subset; original benchmark versions and native units remain explicit.","[]","","",""
"P188","DRAPER","DRAPER: Towards a Robust Robot Deployment and Reliable Evaluation for Quasi-Static Pick-and-Place Cloth-Shaping Neural Controllers","2024","https://arxiv.org/abs/2409.15159","D","布料／柔性物操作","role_review_pending","false","retained_related_work_not_promoted_to_benchmark","","primary metadata verified and complete abstract reviewed; no complete full-text audit","比較布料控制器時處理誤抓與多層抓取，控制實體設定及感知差異；提供判分與跨平台可比性的直接設計依據。","DRAPER","0","{}","[]","","","","","","","native_task_list_to_collect","","Available fixed-source subset; original benchmark versions and native units remain explicit.","[]","","",""
"P189","GPT-Fabric","GPT-Fabric: Smoothing and Folding Fabric by Leveraging Pre-Trained Foundation Models","2024","https://arxiv.org/abs/2406.09640","D","布料／柔性物操作","role_review_pending","false","retained_related_work_not_promoted_to_benchmark","","primary metadata verified and complete abstract reviewed; no complete full-text audit","以既有模型決定抓取與拉動來整平／摺布，另做少量實體rollout；rollout數不可當新任務種類。","GPT-Fabric","0","{}","[]","","","","","","","native_task_list_to_collect","","Available fixed-source subset; original benchmark versions and native units remain explicit.","[]","","",""
"P190","UniGarmentManip","UniGarmentManip: A Unified Framework for Category-Level Garment Manipulation via Dense Visual Correspondence","2024","https://arxiv.org/abs/2405.06903","D","布料／柔性物操作","role_review_pending","false","retained_related_work_not_promoted_to_benchmark","","primary metadata verified and complete abstract reviewed; no complete full-text audit","用類別內密集對應支援展開、摺疊、懸掛，涵蓋三類衣物和三代表任務；對應與控制成功需分項評估。","UniGarmentManip","0","{}","[]","","","","","","","native_task_list_to_collect","","Available fixed-source subset; original benchmark versions and native units remain explicit.","[]","","",""
"P191","ClothesNet","ClothesNet: An Information-Rich 3D Garment Model Repository with Simulated Clothes Environment","2023","https://arxiv.org/abs/2308.09987","D","布料／柔性物操作","role_review_pending","false","retained_related_work_not_promoted_to_benchmark","","primary metadata verified and complete abstract reviewed; no complete full-text audit","約4,400衣物模型、11類與邊界／關鍵點標註，另提供整理、摺疊、懸掛和穿戴環境；mesh數不能等同操作題數。","ClothesNet","0","{}","[]","","","","","","","native_task_list_to_collect","","Available fixed-source subset; original benchmark versions and native units remain explicit.","[]","","",""
"P192","Phys-Liquid","Phys-Liquid: A Physics-Informed Dataset for Estimating 3D Geometry and Volume of Transparent Deformable Liquids","2025","https://arxiv.org/abs/2511.11077","D","布料／柔性物操作","benchmark_or_evaluation_resource","true","detailed_comparison_row","physliquid","primary metadata verified and complete abstract reviewed; no complete full-text audit","97,200模擬影像和3D液體mesh用於形狀／體積估計；主要評測是感知，不能據此宣稱完整倒液控制。","Phys-Liquid","0","{}","[]","實驗室液體的形狀／體積估計","摘要沒有可獨立歸一的場景／layout總數","液體分割／3D重建／體積估計；非完整倒液控制","受測case／episode總數未由摘要確定","透明液體、容器動態和光學條件","影像與3D形狀／体積","native_task_list_to_collect","","Available fixed-source subset; original benchmark versions and native units remain explicit.","[]","","",""
"P193","GRIP","GRIP: A General Robotic Incremental Potential Contact Simulation Dataset for Unified Deformable-Rigid Coupled Grasping","2025","https://arxiv.org/abs/2503.05020","D","布料／柔性物操作","role_review_pending","false","retained_related_work_not_promoted_to_benchmark","","primary metadata verified and complete abstract reviewed; no complete full-text audit","1,200物件與100,000抓取姿態的軟硬耦合IPC資料；抓姿、物件與完整工作任務分別計數。","GRIP","0","{}","[]","","","","","","","native_task_list_to_collect","","Available fixed-source subset; original benchmark versions and native units remain explicit.","[]","","",""
"P194","Cloth gripper interface","A Simple Gripper Interface for Simulator-Agnostic Cloth Manipulation","2026","https://arxiv.org/abs/2609.29340","D","布料／柔性物操作","role_review_pending","false","retained_related_work_not_promoted_to_benchmark","","primary metadata verified and complete abstract reviewed; no complete full-text audit","以位置約束近似布料抓取，可跨模擬器實作；省略夾爪摩擦接觸，適合作為有明確保真邊界的接口對照。","Cloth gripper interface","0","{}","[]","","","","","","","native_task_list_to_collect","","Available fixed-source subset; original benchmark versions and native units remain explicit.","[]","","",""
"P195","World models for unfolding","Learning to unfold cloth: Scaling up world models to deformable object manipulation","2026","https://arxiv.org/abs/2602.16675","D","布料／柔性物操作","role_review_pending","false","retained_related_work_not_promoted_to_benchmark","","primary metadata verified and complete abstract reviewed; no complete full-text audit","修改DreamerV2並使用表面法線做空中展布，含模擬與實體轉移；世界模型價值應透過真實操作結果檢驗。","World models for unfolding","0","{}","[]","","","","","","","native_task_list_to_collect","","Available fixed-source subset; original benchmark versions and native units remain explicit.","[]","","",""
"P196","Deform360","Deform360: A Massive Multi-view Visuotactile Dataset for Deformable World Models","2026","https://arxiv.org/abs/2607.05390","D","布料／柔性物操作","benchmark_or_evaluation_resource","true","detailed_comparison_row","deform360","primary metadata verified and complete abstract reviewed; no complete full-text audit","198物件、1,980互動序列、41相機及雙手觸覺觀測，用於2D／3D動態模型比較；資料時數不直接當控制題數。","Deform360","0","{}","[]","日常柔性物動態","摘要沒有可獨立歸一的場景／layout總數","2D影片／3D粒子預測端點；物件不是task","受測case／episode總數未由摘要確定","柔性物全局運動與局部接觸形變","多視角、觸覺、markerless 3D tracking","native_task_list_to_collect","","Available fixed-source subset; original benchmark versions and native units remain explicit.","[]","","",""
"P197","EgoSim / MultiEgoView","EgoSim: An Egocentric Multi-view Simulator and Real Dataset for Body-worn Cameras during Motion and Activity","2025","https://arxiv.org/abs/2502.18373","V","人類影片與動作資料","benchmark_or_evaluation_resource","true","detailed_comparison_row","egosim","primary metadata verified and complete abstract reviewed; no complete full-text audit","六個身體佩戴位置的相機，119小時合成與5小時真實資料；人體／相機合成影片不能標成真人原始錄製。","EgoSim / MultiEgoView","0","{}","[]","人体運動／活動與佩戴位置研究","合成部分4個virtual environments；真實13名參與者","姿態估計等感知端點，非robot工作種類","受測case／episode總數未由摘要確定","依具體任務核對；不由題名推定材料保真","頭部以外多個身體位置，RGB與3D全身姿態","native_task_list_to_collect","","Available fixed-source subset; original benchmark versions and native units remain explicit.","[]","","",""
"P198","TACO","TACO: Benchmarking Generalizable Bimanual Tool-ACtion-Object Understanding","2024","https://arxiv.org/abs/2401.08399","V","人類影片與動作資料","benchmark_or_evaluation_resource","true","detailed_comparison_row","taco","primary metadata verified and complete abstract reviewed; no complete full-text audit","約2,500雙手工具—動作—物件序列，含ego/exo與3D標註；識別、動作預測及合作抓取生成不等於機器人完成率。","TACO","0","{}","[]","日常雙手工具操作","摘要沒有可獨立歸一的場景／layout總數","3 HOI endpoints：recognition／forecasting／grasp synthesis","受測case／episode總數未由摘要確定","依具體任務核對；不由題名推定材料保真","Ego＋exo、精確手物3D mesh、action labels","native_task_list_to_collect","","Available fixed-source subset; original benchmark versions and native units remain explicit.","[""hand_object_motion""]","","",""
"P199","OpenEgo","OpenEgo: A Large-Scale Multimodal Egocentric Dataset for Dexterous Manipulation","2025","https://arxiv.org/abs/2509.05513","V","人類影片與動作資料","benchmark_or_evaluation_resource","true","detailed_comparison_row","openego","primary metadata verified and complete abstract reviewed; no complete full-text audit","整合六個既有來源，報告1,107小時與290種人類操作活動；其來源相依、姿態及語言標準化需保留，不能重複累加原集。","OpenEgo","0","{}","[]","原作290人類操作activities；600+ recording environments","摘要沒有可獨立歸一的場景／layout總數","290 manipulation tasks是人類活動單位，非已驗證robot G2","受測case／episode總數未由摘要確定","依具體任務核對；不由題名推定材料保真","時間對齊action primitives與標準化hand pose","native_task_list_to_collect","","Available fixed-source subset; original benchmark versions and native units remain explicit.","[""hand_pose""]","","",""
"P200","SABER","SABER: A Scalable Action-Based Embodied Dataset for Real-World VLA Adaptation","2026","https://arxiv.org/abs/2605.09613","V","人類影片與動作資料","benchmark_or_evaluation_resource","true","detailed_comparison_row","saber","primary metadata verified and complete abstract reviewed; no complete full-text audit","商店頭戴與外部360影片形成三種動作表示，共44.8K訓練樣本；同一錄製的不同表示不是獨立人類經驗。","SABER","0","{}","[]","retail grocery店內活動","摘要沒有可獨立歸一的場景／layout總數","下游評測10項retail manipulation tasks","受測case／episode總數未由摘要確定","依具體任務核對；不由題名推定材料保真","人類頭戴手物影片＋外部360；三動作表示","native_task_list_to_collect","","Available fixed-source subset; original benchmark versions and native units remain explicit.","[]","","",""
"P201","EgoSAT","EgoSAT: A Comprehensive Benchmark of Egocentric Streaming Interaction Understanding","2026","https://arxiv.org/abs/2606.24422","Q","理解、推理與規劃","benchmark_or_evaluation_resource","true","detailed_comparison_row","egosat","primary metadata verified and complete abstract reviewed; no complete full-text audit","以串流方式整合過去、現在與未來QA，約4,800題／1,997影片；只允許已觀測前綴並區分可回答性。","EgoSAT","0","{}","[]","原文摘要未足以對齊部署場域；保留其原生用途","摘要沒有可獨立歸一的場景／layout總數","過去／現在／未來的streaming interaction理解","約4,800 QA pairs","依具體任務核對；不由題名推定材料保真","查詢時只可使用已觀測影格","native_task_list_to_collect","","Available fixed-source subset; original benchmark versions and native units remain explicit.","[]","","",""
"P202","EgoMonth","EgoMonth: A Month-Level Egocentric Video Benchmark for Long-Term Spatiotemporal Memory","2026","https://arxiv.org/abs/2608.13113","Q","理解、推理與規劃","benchmark_or_evaluation_resource","true","detailed_comparison_row","egomonth","primary metadata verified and complete abstract reviewed; no complete full-text audit","20位參與者跨20–120天，300多小時與1,443題；14種認知題型不是14種可執行物理工作。","EgoMonth","0","{}","[]","日常生活的跨天／跨月記憶","摘要沒有可獨立歸一的場景／layout總數","14認知task schemas；3 cognitive levels","1,443 multiple-choice QA","依具體任務核對；不由題名推定材料保真","長期first-person生活錄製","native_task_list_to_collect","","Available fixed-source subset; original benchmark versions and native units remain explicit.","[]","","",""
"P203","EGOSTREAM","EGOSTREAM: A Diagnostic Benchmark for Streaming Episodic Memory in Egocentric Vision","2026","https://arxiv.org/abs/2605.31557","Q","理解、推理與規劃","benchmark_or_evaluation_resource","true","detailed_comparison_row","egostream","primary metadata verified and complete abstract reviewed; no complete full-text audit","2,250問題展成8,528個不同召回時間評測；答案有效時間窗把模型遺忘與世界本身變化分開。","EGOSTREAM","0","{}","[]","原文摘要未足以對齊部署場域；保留其原生用途","摘要沒有可獨立歸一的場景／layout總數","7 cognitive dimensions","2,250 curated questions → 8,528 recall-conditioned evaluations","依具體任務核對；不由題名推定材料保真","連續Ego影片；Answer Validity Window","native_task_list_to_collect","","Available fixed-source subset; original benchmark versions and native units remain explicit.","[]","","",""
"P204","S-EMBER","S-EMBER: A Large-Scale Benchmark for Streaming Egocentric Memory Retrieval","2026","https://arxiv.org/abs/2607.02689","Q","理解、推理與規劃","benchmark_or_evaluation_resource","true","detailed_comparison_row","sember","primary metadata verified and complete abstract reviewed; no complete full-text audit","388小時、3,141個智慧眼鏡影片與9,448個具時間證據QA；因果串流檢索與離線任意看未來不同。","S-EMBER","0","{}","[]","原文摘要未足以對齊部署場域；保留其原生用途","摘要沒有可獨立歸一的場景／layout總數","grounded streaming episodic retrieval","9,448 QA pairs","依具體任務核對；不由題名推定材料保真","Ray-Ban Meta智慧眼鏡；視覺事件觸發的causal recall","native_task_list_to_collect","","Available fixed-source subset; original benchmark versions and native units remain explicit.","[]","","",""
"P205","CapMem","CapMem: A Benchmark for Caption-Based Episodic Memory in Egocentric Video","2026","https://arxiv.org/abs/2609.17688","Q","理解、推理與規劃","benchmark_or_evaluation_resource","true","detailed_comparison_row","capmem","primary metadata verified and complete abstract reviewed; no complete full-text audit","75影片、33.7小時與1,000題，檢查文字caption記憶；比較時須對齊影格預算和實際影片涵蓋量。","CapMem","0","{}","[]","原文摘要未足以對齊部署場域；保留其原生用途","摘要沒有可獨立歸一的場景／layout總數","caption-based episodic memory","1,000 multiple-choice QA／16 scenarios","依具體任務核對；不由題名推定材料保真","影片、caption視窗與retrieve-and-verify","native_task_list_to_collect","","Available fixed-source subset; original benchmark versions and native units remain explicit.","[]","","",""
"P206","EmbodiedMemory-Bench","EmbodiedMemory-Bench: Benchmarking Embodied Memory for Long-Horizon Embodied Tasks","2026","https://arxiv.org/abs/2609.28236","Q","理解、推理與規劃","benchmark_or_evaluation_resource","true","detailed_comparison_row","emembench","primary metadata verified and complete abstract reviewed; no complete full-text audit","2,554互動episodes、四記憶家族，先互動建立記憶再用行動完成後續任務；摘要不足以推定連續機器人控制保真度。","EmbodiedMemory-Bench","0","{}","[]","原文摘要未足以對齊部署場域；保留其原生用途","摘要沒有可獨立歸一的場景／layout總數","4 memory task families","2,554 interactive episodes","依具體任務核對；不由題名推定材料保真","互動歷史、狀態變化與後續任務","native_task_list_to_collect","","Available fixed-source subset; original benchmark versions and native units remain explicit.","[]","","",""
"P207","EgoCoT-Bench","EgoCoT-Bench: Benchmarking Grounded and Verifiable Operation-Centric Chain of Thought Reasoning for MLLMs","2026","https://arxiv.org/abs/2605.19559","Q","理解、推理與規劃","benchmark_or_evaluation_resource","true","detailed_comparison_row","egocot","primary metadata verified and complete abstract reviewed; no complete full-text audit","351影片及3,172個可核對QA，檢查答案與時空證據一致性；對應我們的可公開理由／證據，不要求模型私有思考。","EgoCoT-Bench","0","{}","[]","原文摘要未足以對齊部署場域；保留其原生用途","摘要沒有可獨立歸一的場景／layout總數","4 task groups／12 subtask groups","3,172 verifiable QA","依具體任務核對；不由題名推定材料保真","影片與時空scene graph支撐的公開理由／證據標註","native_task_list_to_collect","","Available fixed-source subset; original benchmark versions and native units remain explicit.","[]","","",""
"P208","DYAD","DYAD: A Multimodal Dataset of Co-Located Human Assistance","2026","https://arxiv.org/abs/2609.09023","C","輔助與協作","benchmark_or_evaluation_resource","true","detailed_comparison_row","dyad","primary metadata verified and complete abstract reviewed; no complete full-text audit","20個齒輪箱裝配合作session，連結請求、介入、動作階段與結果；人類協助資料不等於已控制機器人完成合作。","DYAD","0","{}","[]","齒輪箱裝配協助","摘要沒有可獨立歸一的場景／layout總數","3 reference tasks；不是三類robot控制工作","20 sessions；829 eligible mode events","依具體任務核對；不由題名推定材料保真","HoloLens 2 wearer與workspace同步感測","native_task_list_to_collect","","Available fixed-source subset; original benchmark versions and native units remain explicit.","[""interaction_mode""]","","",""
"P209","HUI360","HUI360: A 360{\deg} Egocentric Dataset and Baselines for Human-Robot Interaction Anticipation","2026","https://arxiv.org/abs/2608.11051","C","輔助與協作","benchmark_or_evaluation_resource","true","detailed_comparison_row","hui360","primary metadata verified and complete abstract reviewed; no complete full-text audit","移動機器人視角的360互動預測與百萬級標註；這是robot-egocentric，不能歸成人類頭戴資料。","HUI360","0","{}","[]","自然人機互動；多環境細節另核","摘要沒有可獨立歸一的場景／layout總數","互動發生前的預測；不等同robot完成協作","受測case／episode總數未由摘要確定","依具體任務核對；不由題名推定材料保真","360度equirectangular影像、pose／face／segmentation標註","native_task_list_to_collect","","Available fixed-source subset; original benchmark versions and native units remain explicit.","[""interaction_onset""]","","",""
"P210","RoCo Challenge","RoCo Challenge at AAAI 2026: Benchmarking Robotic Collaborative Manipulation for Assembly Towards Industrial Automation","2026","https://arxiv.org/abs/2603.15469","C","輔助與協作","benchmark_or_evaluation_resource","true","detailed_comparison_row","roco","primary metadata verified and complete abstract reviewed; no complete full-text audit","行星齒輪箱裝配的模擬／實體雙臂挑戰與分階段評分；組件數和參賽隊數不當作任務種類。","RoCo Challenge","0","{}","[]","工業齒輪箱裝配","摘要沒有可獨立歸一的場景／layout總數","核心行星齒輪箱完整裝配工作；多phase不直接算新G2","受測case／episode總數未由摘要確定","齒輪、精密裝配接觸","原文輸入與監督條件另核","native_task_list_to_collect","","Available fixed-source subset; original benchmark versions and native units remain explicit.","[]","","",""
"P211","AssemblyGrid","AssemblyGrid v1: A Benchmark for Multi-Robot Production with Temporary Coalitions, Local Information, and Geometric Constraints","2026","https://arxiv.org/abs/2609.16075","C","輔助與協作","benchmark_or_evaluation_resource","true","detailed_comparison_row","assemblygrid","primary metadata verified and complete abstract reviewed; no complete full-text audit","生產流程、短期多robot合作、局部資訊和幾何可行性，三工作負載家族各三情境層；屬任務級抽象，不預設連續接觸物理。","AssemblyGrid","0","{}","[]","彈性生產、物料路由、資源分配與暫時合作","摘要沒有可獨立歸一的場景／layout總數","Flow／Coalition／Concurrency三家族，各三scenario levels","受測case／episode總數未由摘要確定","幾何／資源可行性；不由摘要推定連續接觸物理","有界局部觀測、進度／資源／幾何限制","native_task_list_to_collect","","Available fixed-source subset; original benchmark versions and native units remain explicit.","[]","","",""
"P212","ARB4WM","ARB4WM: An Adversarial Robustness Benchmark for World Models in Continuous Control","2026","https://arxiv.org/abs/2606.16605","W","世界模型與預測表示","benchmark_or_evaluation_resource","true","detailed_comparison_row","arb4wm","primary metadata verified and complete abstract reviewed; no complete full-text audit","四個Dreamer類agent、20個既有控制任務，比較不同世界模型內部與時間位置的視覺擾動；不是新建20個任務。","ARB4WM","0","{}","[]","原文摘要未足以對齊部署場域；保留其原生用途","摘要沒有可獨立歸一的場景／layout總數","20項既有control tasks；不是新增20個G2","4個Dreamer-style agents；5白箱loss objectives","依具體任務核對；不由題名推定材料保真","visual perturbations；依policy／value／latent-dynamics目標與時間模式分層","native_task_list_to_collect","","Available fixed-source subset; original benchmark versions and native units remain explicit.","[]","","",""
"P213","Vision to Harvest","From Vision to Harvest: Benchmarking Vision-Language Models for Multi-Arm Robotic Fruit Harvesting","2026","https://arxiv.org/abs/2609.13606","N","導航與家務執行","role_review_pending","false","retained_related_work_not_promoted_to_benchmark","","primary metadata verified and complete abstract reviewed; no complete full-text audit","真實果園影像上的多臂採收次序／waypoint與碰撞驗證；規劃可行不等同實際採果的物理完成。","Vision to Harvest","0","{}","[]","","","","","","","native_task_list_to_collect","","Available fixed-source subset; original benchmark versions and native units remain explicit.","[]","","",""
"P214","COIN（interactive）","Chain Of Interaction Benchmark (COIN): When Reasoning meets Embodied Interaction","2026","https://arxiv.org/abs/2604.16886","N","導航與家務執行","benchmark_or_evaluation_resource","true","detailed_comparison_row","coininteractive","primary metadata verified and complete abstract reviewed; no complete full-text audit","50個因果互動任務，另列primitive和composition集合；與教學影片COIN資料集是同名不同作。","COIN（interactive）","0","{}","[]","日常部分可觀測的因果互動","摘要沒有可獨立歸一的場景／layout總數","COIN-50：50互動tasks；另列primitive／composition集合","受測case／episode總數未由摘要確定","依具體任務核對；不由題名推定材料保真","robot觀測、操作歷史與語言","native_task_list_to_collect","","Available fixed-source subset; original benchmark versions and native units remain explicit.","[]","","",""
"P215","World-model evaluation survey","Do World Models Make Better Robots? A Survey of Evaluation Benchmarks for Predictive Embodied Intelligence","2026","https://arxiv.org/abs/2609.29669","S","Survey／評測方法","survey_or_evaluation_method","false","retained_related_work_not_promoted_to_benchmark","","primary metadata verified and complete abstract reviewed; no complete full-text audit","整理策略、embodied agent、世界模型及prediction-to-action的評測關係；其160項自報盤點作引用追查入口，不直接合併本庫。","World-model evaluation survey","0","{}","[]","","","","","","","native_task_list_to_collect","","Available fixed-source subset; original benchmark versions and native units remain explicit.","[]","","",""
"P216","HAP","HAP: A Hand-Driven Active Perception Framework for Egocentric Head Motion Prediction","2026","https://arxiv.org/abs/2609.18548","P","未來動作／互動預測","role_review_pending","false","retained_related_work_not_promoted_to_benchmark","","primary metadata verified and complete abstract reviewed; no complete full-text audit","根據手部、頭部歷史與遮擋關係預測未來6DoF頭部運動，另引入Bottle資料；預測人的視角與控制機器人主動看是不同端點。","HAP","0","{}","[]","","","","","","","native_task_list_to_collect","","Available fixed-source subset; original benchmark versions and native units remain explicit.","[""head_motion""]","","",""
"P217","TRS + RVG","Reliable Egocentric Action Anticipation via Temporal Reliability Suppression and Compositional Graph Decoding","2026","https://arxiv.org/abs/2609.13293","P","未來動作／互動預測","role_review_pending","false","retained_related_work_not_promoted_to_benchmark","","primary metadata verified and complete abstract reviewed; no complete full-text audit","在缺幀、遮罩與感測雜訊下做動作預測，以時序可靠度及verb–noun圖解碼；需保留訓練擾動與真正未見擾動邊界。","TRS + RVG","0","{}","[]","","","","","","","native_task_list_to_collect","","Available fixed-source subset; original benchmark versions and native units remain explicit.","[""action_label""]","","",""
"P218","TrajPilot","How You Move Tells What You'll Do: Trajectory-Conditioned Egocentric Prediction","2026","https://arxiv.org/abs/2605.20388","P","未來動作／互動預測","role_review_pending","false","retained_related_work_not_promoted_to_benchmark","","primary metadata verified and complete abstract reviewed; no complete full-text audit","用候選未來相機路徑輔助動作與程序預測；已知未來路徑是oracle條件，必須與測試時自行預測路徑分層。","TrajPilot","0","{}","[]","","","","","","","native_task_list_to_collect","","Available fixed-source subset; original benchmark versions and native units remain explicit.","[""action_label"",""action_sequence"",""outcome""]","","",""
"P219","FROST-STA","FROST-STA: Frozen Dense Features for the Ego4D Short-Term Object Interaction Anticipation","2026","https://arxiv.org/abs/2606.00694","P","未來動作／互動預測","role_review_pending","false","retained_related_work_not_promoted_to_benchmark","","primary metadata verified and complete abstract reviewed; no complete full-text audit","預測下一互動的物件框、noun、verb、接觸時間與信心，使用固定V-JEPA特徵；是Ego4D挑戰方法，不新增獨立來源資料庫。","FROST-STA","0","{}","[]","","","","","","","native_task_list_to_collect","","Available fixed-source subset; original benchmark versions and native units remain explicit.","[""next_object"",""time_to_contact""]","","",""
"P220","VISTA（Ego4D STA）","VISTA: Technical Report for the Ego4D Short-Term Object Interaction Anticipation at EgoVis 2026","2026","https://arxiv.org/abs/2605.20901","P","未來動作／互動預測","role_review_pending","false","retained_related_work_not_promoted_to_benchmark","","primary metadata verified and complete abstract reviewed; no complete full-text audit","融合單張物件定位與短影片特徵，輸出下一物件、動作與接觸時間；與StillFast／Ego4D保留來源相依。","VISTA（Ego4D STA）","0","{}","[]","","","","","","","native_task_list_to_collect","","Available fixed-source subset; original benchmark versions and native units remain explicit.","[""next_object"",""time_to_contact""]","","",""
"P221","STAformer++","Integrating Affordances and Attention models for Short-Term Object Interaction Anticipation","2026","https://arxiv.org/abs/2602.14837","P","未來動作／互動預測","role_review_pending","false","retained_related_work_not_promoted_to_benchmark","","primary metadata verified and complete abstract reviewed; no complete full-text audit","結合環境affordance記憶及手物hotspot做短期互動預測；與2024 AFF-ttention同方法家族，不能當獨立資料來源。","STAformer++","0","{}","[]","","","","","","","native_task_list_to_collect","","Available fixed-source subset; original benchmark versions and native units remain explicit.","[""next_object"",""time_to_contact""]","","",""
"P222","Uni-Hand","Uni-Hand: Universal Hand Motion Forecasting in Egocentric Views","2025","https://arxiv.org/abs/2511.12878","P","未來動作／互動預測","role_review_pending","false","retained_related_work_not_promoted_to_benchmark","","primary metadata verified and complete abstract reviewed; no complete full-text audit","同時處理2D／3D手部、頭部及接觸狀態預測，並驗證下游robot轉移；人體表示和robot動作約定仍須明列。","Uni-Hand","0","{}","[]","","","","","","","native_task_list_to_collect","","Available fixed-source subset; original benchmark versions and native units remain explicit.","[""hand_pose"",""hand_trajectory"",""head_motion"",""contact_state""]","","",""
"P223","INSIGHT","Intention-Guided Cognitive Reasoning for Egocentric Long-Term Action Anticipation","2025","https://arxiv.org/abs/2508.01742","P","未來動作／互動預測","role_review_pending","false","retained_related_work_not_promoted_to_benchmark","","primary metadata verified and complete abstract reviewed; no complete full-text audit","手物互動與verb–noun結構支援意圖條件的長期動作預測；意圖推斷準確率和真正未来序列誤差分開。","INSIGHT","0","{}","[]","","","","","","","native_task_list_to_collect","","Available fixed-source subset; original benchmark versions and native units remain explicit.","[""action_sequence"",""intention""]","","",""
"P224","EMPIRE","EMPIRE: Explicit Manipulation Planning as a Learnable Intermediate Representation for Egocentric Hand-Motion Forecasting","2026","https://arxiv.org/abs/2608.22449","P","未來動作／互動預測","role_review_pending","false","retained_related_work_not_promoted_to_benchmark","","primary metadata verified and complete abstract reviewed; no complete full-text audit","把操作計畫作為中介表徵，再預測雙手動作；650,910訓練視窗和111項原生活動不可混為同一粒度。","EMPIRE","0","{}","[]","","","","","","","native_task_list_to_collect","","Available fixed-source subset; original benchmark versions and native units remain explicit.","[""hand_pose"",""hand_trajectory""]","","",""
"P225","Exo2EgoPose","Exo2EgoPose: Leveraging Exocentric Demonstrations for Vision-Language guided Egocentric 3D Hand Pose Forecasting","2026","https://arxiv.org/abs/2607.15890","P","未來動作／互動預測","role_review_pending","false","retained_related_work_not_promoted_to_benchmark","","primary metadata verified and complete abstract reviewed; no complete full-text audit","用配對外部影片監督Ego手姿預測，並檢查CALVIN下游轉移；訓練時有exo與推論時有exo要分清。","Exo2EgoPose","0","{}","[]","","","","","","","native_task_list_to_collect","","Available fixed-source subset; original benchmark versions and native units remain explicit.","[""hand_pose""]","","",""
"P226","EgoTraj","EgoTraj: Real-World Egocentric Human Trajectory Dataset for Multimodal Prediction","2026","https://arxiv.org/abs/2605.19004","P","未來動作／互動預測","role_review_pending","false","retained_related_work_not_promoted_to_benchmark","","primary metadata verified and complete abstract reviewed; no complete full-text audit","75段城市穿行序列含頭部6DoF、凝視與場景；評估人的移動軌跡，不等於robot自主導航benchmark。","EgoTraj","0","{}","[]","","","","","","","native_task_list_to_collect","","Available fixed-source subset; original benchmark versions and native units remain explicit.","[""wearer_trajectory""]","","",""
"P227","EggHand","EggHand: A Multimodal Foundation Model for Egocentric Hand Pose Forecasting","2026","https://arxiv.org/abs/2605.07642","P","未來動作／互動預測","role_review_pending","false","retained_related_work_not_promoted_to_benchmark","","primary metadata verified and complete abstract reviewed; no complete full-text audit","以視覺語言及動作解碼器預測未來3D手姿，測ego-motion與文字控制；不能將準確的人手預測自動當robot成功。","EggHand","0","{}","[]","","","","","","","native_task_list_to_collect","","Available fixed-source subset; original benchmark versions and native units remain explicit.","[""hand_pose""]","","",""
"P228","SFHand / EgoHaFL","SFHand: Learning Embodied Manipulation by Streaming Egocentric 3D Hand Forecasting","2025","https://arxiv.org/abs/2511.18127","P","未來動作／互動預測","role_review_pending","false","retained_related_work_not_promoted_to_benchmark","","primary metadata verified and complete abstract reviewed; no complete full-text audit","串流文字條件下預測手別、框、3D姿态和軌跡，另測下游操作表示；串流前綴、延遲和memory budget需固定。","SFHand / EgoHaFL","0","{}","[]","","","","","","","native_task_list_to_collect","","Available fixed-source subset; original benchmark versions and native units remain explicit.","[""hand_pose"",""hand_trajectory""]","","",""
"P229","UniEgoMotion","UniEgoMotion: A Unified Model for Egocentric Motion Reconstruction, Forecasting, and Generation","2025","https://arxiv.org/abs/2508.01126","P","未來動作／互動預測","role_review_pending","false","retained_related_work_not_promoted_to_benchmark","","primary metadata verified and complete abstract reviewed; no complete full-text audit","同一模型做人體重建、預測與生成；EgoExo4D衍生3D標註是pseudo ground truth，三種端點分開。","UniEgoMotion","0","{}","[]","","","","","","","native_task_list_to_collect","","Available fixed-source subset; original benchmark versions and native units remain explicit.","[""body_motion""]","","",""
"P230","EgoH4","The Invisible EgoHand: 3D Hand Forecasting through EgoBody Pose Estimation","2025","https://arxiv.org/abs/2504.08654","P","未來動作／互動預測","role_review_pending","false","retained_related_work_not_promoted_to_benchmark","","primary metadata verified and complete abstract reviewed; no complete full-text audit","預測可見與視野外雙手的3D軌跡和姿態，利用全身限制；需分可見性、真值人體姿態與自行估計条件。","EgoH4","0","{}","[]","","","","","","","native_task_list_to_collect","","Available fixed-source subset; original benchmark versions and native units remain explicit.","[""hand_pose"",""hand_trajectory""]","","",""
"P231","MADiff","MADiff: Motion-Aware Mamba Diffusion Models for Hand Trajectory Prediction on Egocentric Videos","2024","https://arxiv.org/abs/2409.02638","P","未來動作／互動預測","role_review_pending","false","retained_related_work_not_promoted_to_benchmark","","primary metadata verified and complete abstract reviewed; no complete full-text audit","用相機運動條件的Mamba diffusion預測手部路徑；包含延遲和不同資料集評測，手路徑不是完整操作計畫。","MADiff","0","{}","[]","","","","","","","native_task_list_to_collect","","Available fixed-source subset; original benchmark versions and native units remain explicit.","[""hand_trajectory""]","","",""
"P232","Diff-IP2D","Diff-IP2D: Diffusion-Based Hand-Object Interaction Prediction on Egocentric Videos","2024","https://arxiv.org/abs/2405.04370","P","未來動作／互動預測","role_review_pending","false","retained_related_work_not_promoted_to_benchmark","","primary metadata verified and complete abstract reviewed; no complete full-text audit","聯合生成未來2D手路徑和物件affordance，考慮相機動態；2D預測不自動具有3D可執行性。","Diff-IP2D","0","{}","[]","","","","","","","native_task_list_to_collect","","Available fixed-source subset; original benchmark versions and native units remain explicit.","[""hand_trajectory"",""contact_location""]","","",""
"P233","OCT / HOI forecasting","Joint Hand Motion and Interaction Hotspots Prediction from Egocentric Videos","2022","https://arxiv.org/abs/2204.01696","P","未來動作／互動預測","role_review_pending","false","retained_related_work_not_promoted_to_benchmark","","primary metadata verified and complete abstract reviewed; no complete full-text audit","聯合預測手軌跡和下一物件的接觸hotspot，使用分布表示多種未來；資料來自既有Ego影片。","OCT / HOI forecasting","0","{}","[]","","","","","","","native_task_list_to_collect","","Available fixed-source subset; original benchmark versions and native units remain explicit.","[""hand_trajectory"",""contact_location""]","","",""
"P234","I-CVAE","Intention-Conditioned Long-Term Human Egocentric Action Forecasting","2022","https://arxiv.org/abs/2207.12080","P","未來動作／互動預測","role_review_pending","false","retained_related_work_not_promoted_to_benchmark","","primary metadata verified and complete abstract reviewed; no complete full-text audit","意圖條件的階層式預測生成20個未來動作序列；此序列長度不是20種新增任務或通用難度級別。","I-CVAE","0","{}","[]","","","","","","","native_task_list_to_collect","","Available fixed-source subset; original benchmark versions and native units remain explicit.","[""action_sequence"",""intention""]","","",""
"P235","TransFusion","Summarize the Past to Predict the Future: Natural Language Descriptions of Context Boost Multimodal Object Interaction Anticipation","2023","https://arxiv.org/abs/2301.09209","P","未來動作／互動預測","role_review_pending","false","retained_related_work_not_promoted_to_benchmark","","primary metadata verified and complete abstract reviewed; no complete full-text audit","以過去影格的語言摘要作動作情境，再預測下一物件互動；過去摘要與未来資訊必須在切分上分開。","TransFusion","0","{}","[]","","","","","","","native_task_list_to_collect","","Available fixed-source subset; original benchmark versions and native units remain explicit.","[""next_object"",""time_to_contact""]","","",""
"P236","ActFusion","ActFusion: a Unified Diffusion Model for Action Segmentation and Anticipation","2024","https://arxiv.org/abs/2412.04353","P","未來動作／互動預測","role_review_pending","false","retained_related_work_not_promoted_to_benchmark","","primary metadata verified and complete abstract reviewed; no complete full-text audit","聯合動作分段与長期預測，使用遮罩未來視窗；混合第一／第三人稱來源，不能把全庫都標成Ego。","ActFusion","0","{}","[]","","","","","","","native_task_list_to_collect","","Available fixed-source subset; original benchmark versions and native units remain explicit.","[""dense_action_timeline""]","","",""
"P237","Gated Temporal Diffusion","Gated Temporal Diffusion for Stochastic Long-Term Dense Anticipation","2024","https://arxiv.org/abs/2407.11954","P","未來動作／互動預測","role_review_pending","false","retained_related_work_not_promoted_to_benchmark","","primary metadata verified and complete abstract reviewed; no complete full-text audit","同時模型化觀測與未来不確定性，做隨機長期密集動作預測；Breakfast／Assembly101／50Salads並非全為第一人稱。","Gated Temporal Diffusion","0","{}","[]","","","","","","","native_task_list_to_collect","","Available fixed-source subset; original benchmark versions and native units remain explicit.","[""dense_action_timeline""]","","",""
"P238","Object-centric LTA","Object-centric Video Representation for Long-term Action Anticipation","2023","https://arxiv.org/abs/2311.00180","P","未來動作／互動預測","role_review_pending","false","retained_related_work_not_promoted_to_benchmark","","primary metadata verified and complete abstract reviewed; no complete full-text audit","以物件prompt及影片表徵預測不同時間尺度的動作；含Ego和非Ego資料，保留物件監督和預訓練差異。","Object-centric LTA","0","{}","[]","","","","","","","native_task_list_to_collect","","Available fixed-source subset; original benchmark versions and native units remain explicit.","[""action_sequence""]","","",""
"P239","MVP","Multiscale Video Pretraining for Long-Term Activity Forecasting","2023","https://arxiv.org/abs/2307.12854","P","未來動作／互動預測","role_review_pending","false","retained_related_work_not_promoted_to_benchmark","","primary metadata verified and complete abstract reviewed; no complete full-text audit","自監督多時間尺度影片預訓練用於動作及摘要預測；未來latent訓練目標不等同測試時已知未来影格。","MVP","0","{}","[]","","","","","","","native_task_list_to_collect","","Available fixed-source subset; original benchmark versions and native units remain explicit.","[""action_sequence"",""summary""]","","",""
"P240","ANTICIPATR","Rethinking Learning Approaches for Long-Term Action Anticipation","2022","https://arxiv.org/abs/2210.11566","P","未來動作／互動預測","role_review_pending","false","retained_related_work_not_promoted_to_benchmark","","primary metadata verified and complete abstract reviewed; no complete full-text audit","結合片段及整段影片表徵，直接預測指定時間內的動作集合；與固定長度verb–noun序列分項比較。","ANTICIPATR","0","{}","[]","","","","","","","native_task_list_to_collect","","Available fixed-source subset; original benchmark versions and native units remain explicit.","[""dense_action_timeline""]","","",""
"P241","AFF-ttention","AFF-ttention! Affordances and Attention models for Short-Term Object Interaction Anticipation","2024","https://arxiv.org/abs/2406.01194","P","未來動作／互動預測","role_review_pending","false","retained_related_work_not_promoted_to_benchmark","","primary metadata verified and complete abstract reviewed; no complete full-text audit","STAformer結合場景affordance與hotspot，預測下一物件／動作／接觸時間；與後續STAformer++保留方法家族關係。","AFF-ttention","0","{}","[]","","","","","","","native_task_list_to_collect","","Available fixed-source subset; original benchmark versions and native units remain explicit.","[""next_object"",""time_to_contact""]","","",""
"P242","NAOGAT","Leveraging Next-Active Objects for Context-Aware Anticipation in Egocentric Videos","2023","https://arxiv.org/abs/2308.08303","P","未來動作／互動預測","role_review_pending","false","retained_related_work_not_promoted_to_benchmark","","primary metadata verified and complete abstract reviewed; no complete full-text audit","用下一活躍物件和物件動態輔助短期互動預測；同時評測定位、動作與接觸時間。","NAOGAT","0","{}","[]","","","","","","","native_task_list_to_collect","","Available fixed-source subset; original benchmark versions and native units remain explicit.","[""next_object"",""time_to_contact""]","","",""
"P243","FactCheck（LTA）","FactCheck: Feasibility-aware Long-term Action Anticipation with Multi-agent Collaboration","2026","https://arxiv.org/abs/2606.14778","P","未來動作／互動預測","role_review_pending","false","retained_related_work_not_promoted_to_benchmark","","primary metadata verified and complete abstract reviewed; no complete full-text audit","觀察—提案—驗證框架用歷史狀態檢查動作可行性；其多agent是推理角色，不能當成控制多台robot協作。","FactCheck（LTA）","0","{}","[]","","","","","","","native_task_list_to_collect","","Available fixed-source subset; original benchmark versions and native units remain explicit.","[""action_sequence""]","","",""
"P244","BiAnt","Bidirectional Action Sequence Learning for Long-term Action Anticipation with Large Language Models","2025","https://arxiv.org/abs/2508.00374","P","未來動作／互動預測","role_review_pending","false","retained_related_work_not_promoted_to_benchmark","","primary metadata verified and complete abstract reviewed; no complete full-text audit","雙向動作序列學習改善長期預測，Ego4D以編輯距離評估；生成序列的合理性與觀測到的真實未来仍分開。","BiAnt","0","{}","[]","","","","","","","native_task_list_to_collect","","Available fixed-source subset; original benchmark versions and native units remain explicit.","[""action_sequence""]","","",""
"P245","ICVL","Vision and Intention Boost Large Language Model in Long-Term Action Anticipation","2025","https://arxiv.org/abs/2505.01713","P","未來動作／互動預測","role_review_pending","false","retained_related_work_not_promoted_to_benchmark","","primary metadata verified and complete abstract reviewed; no complete full-text audit","將推斷意圖融合視覺表示，再作語言模型長期預測；in-context例子來源與測試影片隔離。","ICVL","0","{}","[]","","","","","","","native_task_list_to_collect","","Available fixed-source subset; original benchmark versions and native units remain explicit.","[""action_sequence"",""intention""]","","",""
"P246","Decision-aware uncertainty","Decision-Aware Uncertainty Evaluation of Vision-Language Model-Based Early Action Anticipation for Human-Robot Interaction","2026","https://arxiv.org/abs/2603.10061","P","未來動作／互動預測","role_review_pending","false","retained_related_work_not_promoted_to_benchmark","","primary metadata verified and complete abstract reviewed; no complete full-text audit","依影片前綴做早期動作辨識／預測與信心校準；early recognition和真正尚未發生的anticipation要標明。","Decision-aware uncertainty","0","{}","[]","","","","","","","native_task_list_to_collect","","Available fixed-source subset; original benchmark versions and native units remain explicit.","[""early_recognition"",""uncertainty""]","","",""
"P247","EgoSpanLift","Gaze Beyond the Frame: Forecasting Egocentric 3D Visual Span","2025","https://arxiv.org/abs/2511.18470","P","未來動作／互動預測","role_review_pending","false","retained_related_work_not_promoted_to_benchmark","","primary metadata verified and complete abstract reviewed; no complete full-text audit","把未来注視範圍從2D提升到3D，提供364.6K樣本；注視／感知範圍不是手部或機器人行動。","EgoSpanLift","0","{}","[]","","","","","","","native_task_list_to_collect","","Available fixed-source subset; original benchmark versions and native units remain explicit.","[""gaze_visual_span""]","","",""
"P248","HOIMotion","HOIMotion: Forecasting Human Motion During Human-Object Interactions Using Egocentric 3D Object Bounding Boxes","2024","https://arxiv.org/abs/2407.02633","P","未來動作／互動預測","role_review_pending","false","retained_related_work_not_promoted_to_benchmark","","primary metadata verified and complete abstract reviewed; no complete full-text audit","以過去人體姿態和Ego物件3D框預測全身動作；state感測前提與純RGB方法分層。","HOIMotion","0","{}","[]","","","","","","","native_task_list_to_collect","","Available fixed-source subset; original benchmark versions and native units remain explicit.","[""body_motion""]","","",""
"P249","EgoCast","EgoCast: Forecasting Egocentric Human Pose in the Wild","2024","https://arxiv.org/abs/2412.02903","P","未來動作／互動預測","role_review_pending","false","retained_related_work_not_promoted_to_benchmark","","primary metadata verified and complete abstract reviewed; no complete full-text audit","第一人稱影像與本體資訊支持人體姿態預測，以自行估計姿態代替測試時過去真值；重建和預測的時間邊界分開。","EgoCast","0","{}","[]","","","","","","","native_task_list_to_collect","","Available fixed-source subset; original benchmark versions and native units remain explicit.","[""body_motion""]","","",""
"P250","EgoMAN","Flowing from Reasoning to Motion: Learning 3D Hand Trajectory Prediction from Egocentric Human Interaction Videos","2025","https://arxiv.org/abs/2512.16907","P","未來動作／互動預測","role_review_pending","false","retained_related_work_not_promoted_to_benchmark","","primary metadata verified and complete abstract reviewed; no complete full-text audit","219K軌跡與3M QA連結階段理解和3D手路徑預測；QA與軌跡共享來源，不能相加成独立錄製。","EgoMAN","0","{}","[]","","","","","","","native_task_list_to_collect","","Available fixed-source subset; original benchmark versions and native units remain explicit.","[""hand_trajectory""]","","",""
