paper_id,benchmark,domain_id,domain,classification_date,resolved_from_v0_10,reason,task_evidence,source_pages,reviewed_pdf_sha256
"P001","VLOG","home","居家整理與清潔","2026-10-04","false","依已核讀的任務、活動或場景保留用途歸納；原作任務細節與分類依據一起提供。","30 個物件接觸二元分類；8 類手部／人物狀態分類及未來狀態預測。這些是感知標籤與評測問題，不是30個機器人操作任務。；網路生活影片中的自然場景；沒有可直接計數的模擬 layout 清單。365 是外部場景分類器類別，不能當環境數。","P001: PDF 1,3,4,5,6,7,8","914ea812883827c588beaafa23c52688332eff8824bb54128a2a9ec92331d3ac"
"P003","COIN","home","居家整理與清潔","2026-10-04","false","依已核讀的任務、活動或場景保留用途歸納；原作任務細節與分類依據一起提供。","原作階層為12 domains、180人類程序任務、778步驟定義。180個活動可作任務候選，不能直接當已實作的robot task。；YouTube 教學影片；原作12 domains是活動分類，未提供12個物理環境。","P003: PDF 1,3,4,5,7","4625e83e6d9eaecd1acdfb5c39fa7132bbe4c4c6a58e541473c24c9f738f6762"
"P003","COIN","food","餐飲與烹飪","2026-10-04","false","依已核讀的任務、活動或場景保留用途歸納；原作任務細節與分類依據一起提供。","原作階層為12 domains、180人類程序任務、778步驟定義。180個活動可作任務候選，不能直接當已實作的robot task。；YouTube 教學影片；原作12 domains是活動分類，未提供12個物理環境。","P003: PDF 1,3,4,5,7","4625e83e6d9eaecd1acdfb5c39fa7132bbe4c4c6a58e541473c24c9f738f6762"
"P003","COIN","craft","工藝與修繕","2026-10-04","false","依已核讀的任務、活動或場景保留用途歸納；原作任務細節與分類依據一起提供。","原作階層為12 domains、180人類程序任務、778步驟定義。180個活動可作任務候選，不能直接當已實作的robot task。；YouTube 教學影片；原作12 domains是活動分類，未提供12個物理環境。","P003: PDF 1,3,4,5,7","4625e83e6d9eaecd1acdfb5c39fa7132bbe4c4c6a58e541473c24c9f738f6762"
"P003","COIN","care","個人照護","2026-10-04","false","依已核讀的任務、活動或場景保留用途歸納；原作任務細節與分類依據一起提供。","原作階層為12 domains、180人類程序任務、778步驟定義。180個活動可作任務候選，不能直接當已實作的robot task。；YouTube 教學影片；原作12 domains是活動分類，未提供12個物理環境。","P003: PDF 1,3,4,5,7","4625e83e6d9eaecd1acdfb5c39fa7132bbe4c4c6a58e541473c24c9f738f6762"
"P003","COIN","transport","交通移動與車輛維修","2026-10-04","false","依已核讀的任務、活動或場景保留用途歸納；原作任務細節與分類依據一起提供。","原作階層為12 domains、180人類程序任務、778步驟定義。180個活動可作任務候選，不能直接當已實作的robot task。；YouTube 教學影片；原作12 domains是活動分類，未提供12個物理環境。","P003: PDF 1,3,4,5,7","4625e83e6d9eaecd1acdfb5c39fa7132bbe4c4c6a58e541473c24c9f738f6762"
"P003","COIN","leisure","休閒與運動","2026-10-04","false","依已核讀的任務、活動或場景保留用途歸納；原作任務細節與分類依據一起提供。","原作階層為12 domains、180人類程序任務、778步驟定義。180個活動可作任務候選，不能直接當已實作的robot task。；YouTube 教學影片；原作12 domains是活動分類，未提供12個物理環境。","P003: PDF 1,3,4,5,7","4625e83e6d9eaecd1acdfb5c39fa7132bbe4c4c6a58e541473c24c9f738f6762"
"P004","CrossTask","food","餐飲與烹飪","2026-10-04","false","依已核讀的任務、活動或場景保留用途歸納；原作任務細節與分類依據一起提供。","83個程序＝18個主要評測任務＋65個相關支援任務；主實驗不能寫成83個同地位測試任務。；wikiHow程序及YouTube影片；沒有原生物理場景ID總數。","P004: PDF 1,2,5,6,14","1613d28f8d75e86ceedd8b6f2a9c2a4bbf29e5ee8485026bfc7be29826ae7632"
"P004","CrossTask","craft","工藝與修繕","2026-10-04","false","依已核讀的任務、活動或場景保留用途歸納；原作任務細節與分類依據一起提供。","83個程序＝18個主要評測任務＋65個相關支援任務；主實驗不能寫成83個同地位測試任務。；wikiHow程序及YouTube影片；沒有原生物理場景ID總數。","P004: PDF 1,2,5,6,14","1613d28f8d75e86ceedd8b6f2a9c2a4bbf29e5ee8485026bfc7be29826ae7632"
"P004","CrossTask","transport","交通移動與車輛維修","2026-10-04","false","依已核讀的任務、活動或場景保留用途歸納；原作任務細節與分類依據一起提供。","83個程序＝18個主要評測任務＋65個相關支援任務；主實驗不能寫成83個同地位測試任務。；wikiHow程序及YouTube影片；沒有原生物理場景ID總數。","P004: PDF 1,2,5,6,14","1613d28f8d75e86ceedd8b6f2a9c2a4bbf29e5ee8485026bfc7be29826ae7632"
"P005","YouCook2","food","餐飲與烹飪","2026-10-04","false","依已核讀的任務、活動或場景保留用途歸納；原作任務細節與分類依據一起提供。","89道食譜；benchmark要求定位程序步驟及描述。食譜、步驟、影片為不同層次。；自然料理影片；非4個物理場景。Africa／Americas／Asia／Europe是料理來源分類。","P005: PDF 1,2,3,4,7,8","4ef636404bea37184e1fa056fa2a71a92705a1b3bc4ee58917a11806de17fbe3"
"P006","Breakfast","food","餐飲與烹飪","2026-10-04","false","依已核讀的任務、活動或場景保留用途歸納；原作任務細節與分類依據一起提供。","10個料理活動、48個coarse action units；活動與動作單元分開。；18個真實廚房；每處3–5台相機，視角不增加廚房數。","P006: PDF 1,3,5,6","79ea90c0870d5e1e29b880a953555fe8d9dbd2b825f0f46e13d28d51c33e138f"
"P007","Charades-Ego","home","居家整理與清潔","2026-10-04","false","依已核讀的任務、活動或場景保留用途歸納；原作任務細節與分類依據一起提供。","157個activity classes；監督及zero-shot第一人稱動作識別。；112個家、112位演員；第一／第三人稱依相同腳本重演，非同步錄製的精確配準視角。","P007: PDF 1,2,3","138cfb582bdf3ab17fb6aa3ad7f3dd09505f4410e6c31fd486f2aaf1c35beaf1"
"P008","EGTEA Gaze+","food","餐飲與烹飪","2026-10-04","false","依已核讀的任務、活動或場景保留用途歸納；原作任務細節與分類依據一起提供。","7個meal preparation tasks、106個action classes；凝視估計和動作識別為兩個端點。；自然廚房料理錄製；本文未在已讀段落提供獨立廚房總ID數。","P008: PDF 1,9,10,11","aa3d3ec1981ea4b1b430c3712e3f56d851ac8173cfc5a9db797478cf4d4e3454"
"P009","EPIC-KITCHENS","home","居家整理與清潔","2026-10-04","false","依已核讀的任務、活動或場景保留用途歸納；原作任務細節與分類依據一起提供。","3個端點：active-object detection、action recognition、action anticipation；§3.4詞彙125 verbs／331 nouns，詞彙數不是機器人任務數。；32位參與者／32個廚房；S2保留4位參與者的未見廚房。","P009: PDF 1,3,10,11,12,13,14,15","2b7fe522827a041638ef2d3b27c9508ace434bd504e22c3e3d43894ea144b7a7"
"P009","EPIC-KITCHENS","food","餐飲與烹飪","2026-10-04","false","依已核讀的任務、活動或場景保留用途歸納；原作任務細節與分類依據一起提供。","3個端點：active-object detection、action recognition、action anticipation；§3.4詞彙125 verbs／331 nouns，詞彙數不是機器人任務數。；32位參與者／32個廚房；S2保留4位參與者的未見廚房。","P009: PDF 1,3,10,11,12,13,14,15","2b7fe522827a041638ef2d3b27c9508ace434bd504e22c3e3d43894ea144b7a7"
"P010","EPIC-KITCHENS-100","home","居家整理與清潔","2026-10-04","false","依已核讀的任務、活動或場景保留用途歸納；原作任務細節與分類依據一起提供。","6個challenge：全監督／弱監督動作識別、偵測、anticipation、跨年無監督適應、跨模態檢索。97 verbs、300 nouns、4,053 action classes不是4,053個實體操作goal。；45個錄製環境；包含2018影片與新錄影片，不能和EPIC 2018廚房量直接相加。","P010: PDF 1,2,4,5,6,7,9,10,11,12,13","2ad975f70d5b074a2b2616960bb53410a6d66ce973346284574e7b49684ab629"
"P010","EPIC-KITCHENS-100","food","餐飲與烹飪","2026-10-04","false","依已核讀的任務、活動或場景保留用途歸納；原作任務細節與分類依據一起提供。","6個challenge：全監督／弱監督動作識別、偵測、anticipation、跨年無監督適應、跨模態檢索。97 verbs、300 nouns、4,053 action classes不是4,053個實體操作goal。；45個錄製環境；包含2018影片與新錄影片，不能和EPIC 2018廚房量直接相加。","P010: PDF 1,2,4,5,6,7,9,10,11,12,13","2ad975f70d5b074a2b2616960bb53410a6d66ce973346284574e7b49684ab629"
"P011","EPIC-KITCHENS VISOR","home","居家整理與清潔","2026-10-04","false","依已核讀的任務、活動或場景保留用途歸納；原作任務細節與分類依據一起提供。","3個challenge：VOS、手物關係分割、Where Did This Come From。最後一項有15種來源容器，非15個生活domain。；42個EPIC廚房；為上游環境子集，不是新增42個互動場景。","P011: PDF 1,3,4,6,7,8,9,10,25","912638891fd5608d681de38f6e902f5caa0b4a1925c4b22ffb564b92d69701c9"
"P011","EPIC-KITCHENS VISOR","food","餐飲與烹飪","2026-10-04","false","依已核讀的任務、活動或場景保留用途歸納；原作任務細節與分類依據一起提供。","3個challenge：VOS、手物關係分割、Where Did This Come From。最後一項有15種來源容器，非15個生活domain。；42個EPIC廚房；為上游環境子集，不是新增42個互動場景。","P011: PDF 1,3,4,6,7,8,9,10,25","912638891fd5608d681de38f6e902f5caa0b4a1925c4b22ffb564b92d69701c9"
"P012","HD-EPIC","home","居家整理與清潔","2026-10-04","false","依已核讀的任務、活動或場景保留用途歸納；原作任務細節與分類依據一起提供。","69食譜；VQA以7類註記建立30種問題prototype，另有動作／声音識別和長期VOS。；9個新錄廚房，413個fixture數位模型；fixture不是413個環境。","P012: PDF 1,5,6,7,28","d3648a8692d038cad2027290facf25c9f5d8ff12b65f912f4dc6d99b99118092"
"P012","HD-EPIC","food","餐飲與烹飪","2026-10-04","false","依已核讀的任務、活動或場景保留用途歸納；原作任務細節與分類依據一起提供。","69食譜；VQA以7類註記建立30種問題prototype，另有動作／声音識別和長期VOS。；9個新錄廚房，413個fixture數位模型；fixture不是413個環境。","P012: PDF 1,5,6,7,28","d3648a8692d038cad2027290facf25c9f5d8ff12b65f912f4dc6d99b99118092"
"P013","Ego4D","home","居家整理與清潔","2026-10-04","false","依已核讀的任務、活動或場景保留用途歸納；原作任務細節與分類依據一起提供。","5大benchmark：episodic memory、手物狀態變化、影音說話者、社交互動、forecasting。MQ有110活動類別，NLQ有13模板；都不是整個Ego4D的domain／任務總量。；74個全球location／9國；location不是去重後可載入場景ID。VQ3D專用子集另只使用4個掃描。","P013: PDF 1,6,7,8,9,24,29,30,48,49,70,71,72,73,75,77,79","d33d9e7a1d4a93ab8e9137e62966b3e2b7d631f4c5b98e481f6fc2220739c2fc"
"P013","Ego4D","food","餐飲與烹飪","2026-10-04","false","依已核讀的任務、活動或場景保留用途歸納；原作任務細節與分類依據一起提供。","5大benchmark：episodic memory、手物狀態變化、影音說話者、社交互動、forecasting。MQ有110活動類別，NLQ有13模板；都不是整個Ego4D的domain／任務總量。；74個全球location／9國；location不是去重後可載入場景ID。VQ3D專用子集另只使用4個掃描。","P013: PDF 1,6,7,8,9,24,29,30,48,49,70,71,72,73,75,77,79","d33d9e7a1d4a93ab8e9137e62966b3e2b7d631f4c5b98e481f6fc2220739c2fc"
"P013","Ego4D","craft","工藝與修繕","2026-10-04","false","依已核讀的任務、活動或場景保留用途歸納；原作任務細節與分類依據一起提供。","5大benchmark：episodic memory、手物狀態變化、影音說話者、社交互動、forecasting。MQ有110活動類別，NLQ有13模板；都不是整個Ego4D的domain／任務總量。；74個全球location／9國；location不是去重後可載入場景ID。VQ3D專用子集另只使用4個掃描。","P013: PDF 1,6,7,8,9,24,29,30,48,49,70,71,72,73,75,77,79","d33d9e7a1d4a93ab8e9137e62966b3e2b7d631f4c5b98e481f6fc2220739c2fc"
"P013","Ego4D","retail","零售與購物","2026-10-04","false","依已核讀的任務、活動或場景保留用途歸納；原作任務細節與分類依據一起提供。","5大benchmark：episodic memory、手物狀態變化、影音說話者、社交互動、forecasting。MQ有110活動類別，NLQ有13模板；都不是整個Ego4D的domain／任務總量。；74個全球location／9國；location不是去重後可載入場景ID。VQ3D專用子集另只使用4個掃描。","P013: PDF 1,6,7,8,9,24,29,30,48,49,70,71,72,73,75,77,79","d33d9e7a1d4a93ab8e9137e62966b3e2b7d631f4c5b98e481f6fc2220739c2fc"
"P013","Ego4D","transport","交通移動與車輛維修","2026-10-04","false","依已核讀的任務、活動或場景保留用途歸納；原作任務細節與分類依據一起提供。","5大benchmark：episodic memory、手物狀態變化、影音說話者、社交互動、forecasting。MQ有110活動類別，NLQ有13模板；都不是整個Ego4D的domain／任務總量。；74個全球location／9國；location不是去重後可載入場景ID。VQ3D專用子集另只使用4個掃描。","P013: PDF 1,6,7,8,9,24,29,30,48,49,70,71,72,73,75,77,79","d33d9e7a1d4a93ab8e9137e62966b3e2b7d631f4c5b98e481f6fc2220739c2fc"
"P013","Ego4D","garden","農業與園藝","2026-10-04","false","依已核讀的任務、活動或場景保留用途歸納；原作任務細節與分類依據一起提供。","5大benchmark：episodic memory、手物狀態變化、影音說話者、社交互動、forecasting。MQ有110活動類別，NLQ有13模板；都不是整個Ego4D的domain／任務總量。；74個全球location／9國；location不是去重後可載入場景ID。VQ3D專用子集另只使用4個掃描。","P013: PDF 1,6,7,8,9,24,29,30,48,49,70,71,72,73,75,77,79","d33d9e7a1d4a93ab8e9137e62966b3e2b7d631f4c5b98e481f6fc2220739c2fc"
"P013","Ego4D","leisure","休閒與運動","2026-10-04","false","依已核讀的任務、活動或場景保留用途歸納；原作任務細節與分類依據一起提供。","5大benchmark：episodic memory、手物狀態變化、影音說話者、社交互動、forecasting。MQ有110活動類別，NLQ有13模板；都不是整個Ego4D的domain／任務總量。；74個全球location／9國；location不是去重後可載入場景ID。VQ3D專用子集另只使用4個掃描。","P013: PDF 1,6,7,8,9,24,29,30,48,49,70,71,72,73,75,77,79","d33d9e7a1d4a93ab8e9137e62966b3e2b7d631f4c5b98e481f6fc2220739c2fc"
"P013","Ego4D","social","社交與溝通","2026-10-04","false","依已核讀的任務、活動或場景保留用途歸納；原作任務細節與分類依據一起提供。","5大benchmark：episodic memory、手物狀態變化、影音說話者、社交互動、forecasting。MQ有110活動類別，NLQ有13模板；都不是整個Ego4D的domain／任務總量。；74個全球location／9國；location不是去重後可載入場景ID。VQ3D專用子集另只使用4個掃描。","P013: PDF 1,6,7,8,9,24,29,30,48,49,70,71,72,73,75,77,79","d33d9e7a1d4a93ab8e9137e62966b3e2b7d631f4c5b98e481f6fc2220739c2fc"
"P013","Ego4D","wearable","穿戴互動與動作介面","2026-10-04","false","依已核讀的任務、活動或場景保留用途歸納；原作任務細節與分類依據一起提供。","第一人稱手物狀態、人體互動與未來動作等交互訊號。","P013: PDF 1,6,7,8,9,24,29,30,48,49,70,71,72,73,75,77,79","d33d9e7a1d4a93ab8e9137e62966b3e2b7d631f4c5b98e481f6fc2220739c2fc"
"P014","Ego-Exo4D","food","餐飲與烹飪","2026-10-04","false","依已核讀的任務、活動或場景保留用途歸納；原作任務細節與分類依據一起提供。","8原生domains、43活動、689 keysteps為整體概述；keystep標註子集17活動／664標籤，正式識別過濾後278葉節點。4大benchmark family內含跨視角關係、程序、熟練度、3D姿態等端點。；123個自然scene、13城市；多台ego／exo相機同步錄同take，視角不增加場景或活動次數。","P014: PDF 2,4,6,10,19,24,25,28,30,36,38,39,41,42,44,69,73,74","15e31586e111eb32fe54131840b7733b095fb3b20bebb14be9610d11967e26a8"
"P014","Ego-Exo4D","care","個人照護","2026-10-04","false","依已核讀的任務、活動或場景保留用途歸納；原作任務細節與分類依據一起提供。","8原生domains、43活動、689 keysteps為整體概述；keystep標註子集17活動／664標籤，正式識別過濾後278葉節點。4大benchmark family內含跨視角關係、程序、熟練度、3D姿態等端點。；123個自然scene、13城市；多台ego／exo相機同步錄同take，視角不增加場景或活動次數。","P014: PDF 2,4,6,10,19,24,25,28,30,36,38,39,41,42,44,69,73,74","15e31586e111eb32fe54131840b7733b095fb3b20bebb14be9610d11967e26a8"
"P014","Ego-Exo4D","transport","交通移動與車輛維修","2026-10-04","false","依已核讀的任務、活動或場景保留用途歸納；原作任務細節與分類依據一起提供。","8原生domains、43活動、689 keysteps為整體概述；keystep標註子集17活動／664標籤，正式識別過濾後278葉節點。4大benchmark family內含跨視角關係、程序、熟練度、3D姿態等端點。；123個自然scene、13城市；多台ego／exo相機同步錄同take，視角不增加場景或活動次數。","P014: PDF 2,4,6,10,19,24,25,28,30,36,38,39,41,42,44,69,73,74","15e31586e111eb32fe54131840b7733b095fb3b20bebb14be9610d11967e26a8"
"P014","Ego-Exo4D","leisure","休閒與運動","2026-10-04","false","依已核讀的任務、活動或場景保留用途歸納；原作任務細節與分類依據一起提供。","8原生domains、43活動、689 keysteps為整體概述；keystep標註子集17活動／664標籤，正式識別過濾後278葉節點。4大benchmark family內含跨視角關係、程序、熟練度、3D姿態等端點。；123個自然scene、13城市；多台ego／exo相機同步錄同take，視角不增加場景或活動次數。","P014: PDF 2,4,6,10,19,24,25,28,30,36,38,39,41,42,44,69,73,74","15e31586e111eb32fe54131840b7733b095fb3b20bebb14be9610d11967e26a8"
"P014","Ego-Exo4D","music","音樂與表演","2026-10-04","false","依已核讀的任務、活動或場景保留用途歸納；原作任務細節與分類依據一起提供。","8原生domains、43活動、689 keysteps為整體概述；keystep標註子集17活動／664標籤，正式識別過濾後278葉節點。4大benchmark family內含跨視角關係、程序、熟練度、3D姿態等端點。；123個自然scene、13城市；多台ego／exo相機同步錄同take，視角不增加場景或活動次數。","P014: PDF 2,4,6,10,19,24,25,28,30,36,38,39,41,42,44,69,73,74","15e31586e111eb32fe54131840b7733b095fb3b20bebb14be9610d11967e26a8"
"P014","Ego-Exo4D","wearable","穿戴互動與動作介面","2026-10-04","false","依已核讀的任務、活動或場景保留用途歸納；原作任務細節與分類依據一起提供。","Ego／Exo對應、3D手／身體姿態等動作介面資料。","P014: PDF 2,4,6,10,19,24,25,28,30,36,38,39,41,42,44,69,73,74","15e31586e111eb32fe54131840b7733b095fb3b20bebb14be9610d11967e26a8"
"P015","Assembly101","industry","裝配與生產作業","2026-10-04","false","依已核讀的任務、活動或場景保留用途歸納；原作任務細節與分類依據一起提供。","101種take-apart玩具，15玩具類別；202粗動作、1,380細動作標籤；4端點為識別、預測、分段、錯誤偵測。；固定多視角錄製配置；8外部＋4ego相機不是12個環境。","P015: PDF 1,3,4,5,6,7,8,15","f115520e2f1cb8ec65ecf3e197be18dd91e8f34b1ee58fcb36d18e1346d24c1e"
"P016","IKEA ASM","home","居家整理與清潔","2026-10-04","false","依已核讀的任務、活動或場景保留用途歸納；原作任務細節與分類依據一起提供。","4種家具（side table、coffee table、TV bench、drawer）與原子装配動作；不是1,113個任務。；5個真實環境，桌上／地上共10相機配置；3台同步RGB相機。","P016: PDF 1,3,4,5,6,8","5869f1542aa7372df85b6b4006127599aba58b0364d546d963dff8a3876080af"
"P016","IKEA ASM","industry","裝配與生產作業","2026-10-04","false","依已核讀的任務、活動或場景保留用途歸納；原作任務細節與分類依據一起提供。","4種家具（side table、coffee table、TV bench、drawer）與原子装配動作；不是1,113個任務。；5個真實環境，桌上／地上共10相機配置；3台同步RGB相機。","P016: PDF 1,3,4,5,6,8","5869f1542aa7372df85b6b4006127599aba58b0364d546d963dff8a3876080af"
"P017","HOI4D","home","居家整理與清潔","2026-10-04","false","依已核讀的任務、活動或場景保留用途歸納；原作任務細節與分類依據一起提供。","16物件類別、800實例；3端點：category-level pose tracking、4D segmentation、action segmentation。pose實驗只取4剛體＋1關節類別。；610個室內rooms（錄製環境）；4個參與者，不是610個已接入互動模擬器。","P017: PDF 1,2,7,8","82c5f0bf505f59eed426c1efa03f12a4155a5e18416ff03477d9e25c301be74f"
"P018","HOT3D","home","居家整理與清潔","2026-10-04","false","依已核讀的任務、活動或場景保留用途歸納；原作任務細節與分類依據一起提供。","33剛體物件；手pose、物件6DoF pose、in-hand分割、3D位置lifting。；同一mocap lab中的4種情境佈置：inspection、kitchen、office、living room；不是4處獨立真實住宅。","P018: PDF 1,3,4,5,6,7","cbe0c55d8c952c673dbff8633b5f23eb87963f7cf09429416eb2f1ac58236232"
"P018","HOT3D","food","餐飲與烹飪","2026-10-04","false","依已核讀的任務、活動或場景保留用途歸納；原作任務細節與分類依據一起提供。","33剛體物件；手pose、物件6DoF pose、in-hand分割、3D位置lifting。；同一mocap lab中的4種情境佈置：inspection、kitchen、office、living room；不是4處獨立真實住宅。","P018: PDF 1,3,4,5,6,7","cbe0c55d8c952c673dbff8633b5f23eb87963f7cf09429416eb2f1ac58236232"
"P018","HOT3D","office","辦公與教育","2026-10-04","false","依已核讀的任務、活動或場景保留用途歸納；原作任務細節與分類依據一起提供。","33剛體物件；手pose、物件6DoF pose、in-hand分割、3D位置lifting。；同一mocap lab中的4種情境佈置：inspection、kitchen、office、living room；不是4處獨立真實住宅。","P018: PDF 1,3,4,5,6,7","cbe0c55d8c952c673dbff8633b5f23eb87963f7cf09429416eb2f1ac58236232"
"P018","HOT3D","wearable","穿戴互動與動作介面","2026-10-04","false","依已核讀的任務、活動或場景保留用途歸納；原作任務細節與分類依據一起提供。","頭戴觀察中的手姿態、物件姿態與手中物分割。","P018: PDF 1,3,4,5,6,7","cbe0c55d8c952c673dbff8633b5f23eb87963f7cf09429416eb2f1ac58236232"
"P019","EgoBody","leisure","休閒與運動","2026-10-04","false","依已核讀的任務、活動或場景保留用途歸納；原作任務細節與分類依據一起提供。","5種社會互動分類用於蒐集；主benchmark為interactee的3D人體形狀／姿態估計，不是5個機器人任務。；15個室內scene，有掃描mesh；每次兩人互動，一人佩戴HoloLens2。","P019: PDF 1,2,4,6,7,8,9,10,11,12","2e3713a6294f2f6db2fb815fc25f0ce080ce1fec87b663ccac54ff669c7de501"
"P019","EgoBody","social","社交與溝通","2026-10-04","false","依已核讀的任務、活動或場景保留用途歸納；原作任務細節與分類依據一起提供。","5種社會互動分類用於蒐集；主benchmark為interactee的3D人體形狀／姿態估計，不是5個機器人任務。；15個室內scene，有掃描mesh；每次兩人互動，一人佩戴HoloLens2。","P019: PDF 1,2,4,6,7,8,9,10,11,12","2e3713a6294f2f6db2fb815fc25f0ce080ce1fec87b663ccac54ff669c7de501"
"P019","EgoBody","wearable","穿戴互動與動作介面","2026-10-04","false","依已核讀的任務、活動或場景保留用途歸納；原作任務細節與分類依據一起提供。","穿戴視角下互動對象的3D人體形狀與姿態。","P019: PDF 1,2,4,6,7,8,9,10,11,12","2e3713a6294f2f6db2fb815fc25f0ce080ce1fec87b663ccac54ff669c7de501"
"P020","EgoHumans","leisure","休閒與運動","2026-10-04","false","依已核讀的任務、活動或場景保留用途歸納；原作任務細節與分類依據一起提供。","籃球、擊劍、羽球、網球、排球、追逐、搭城堡；主要3D多人追蹤，並提供2D/3D姿態與mesh。；6個地點＝3室內＋3室外；7個活動sequence，20人，多人同時戴Aria。","P020: PDF 1,2,6","7d7f42b85231561ddb1a646fefbdec9fe97bc1e02455d7603006aa7ceac3de30"
"P020","EgoHumans","social","社交與溝通","2026-10-04","false","依已核讀的任務、活動或場景保留用途歸納；原作任務細節與分類依據一起提供。","籃球、擊劍、羽球、網球、排球、追逐、搭城堡；主要3D多人追蹤，並提供2D/3D姿態與mesh。；6個地點＝3室內＋3室外；7個活動sequence，20人，多人同時戴Aria。","P020: PDF 1,2,6","7d7f42b85231561ddb1a646fefbdec9fe97bc1e02455d7603006aa7ceac3de30"
"P020","EgoHumans","wearable","穿戴互動與動作介面","2026-10-04","false","依已核讀的任務、活動或場景保留用途歸納；原作任務細節與分類依據一起提供。","動態人群的3D追蹤、姿態與mesh表示。","P020: PDF 1,2,6","7d7f42b85231561ddb1a646fefbdec9fe97bc1e02455d7603006aa7ceac3de30"
"P021","Ego-ExoLearn","food","餐飲與烹飪","2026-10-04","false","依已核讀的任務、活動或場景保留用途歸納；原作任務細節與分類依據一起提供。","8程序＝5日常＋3實驗室；4大benchmark含association、action understanding、skill ranking、captioning；39粗步驟，planning取27類；anticipation取19 verbs／31 nouns。；4個廚房＋3個lab；ego示範跟做與exo教程非同步、非同一環境。","P021: PDF 1,2,3,4,5,6,7,8,11,12,14,16","bca30af05c678a221e17c8ff0fa92006870fc0b46f569e824b52c98aefc8a15b"
"P021","Ego-ExoLearn","lab","實驗室操作","2026-10-04","false","依已核讀的任務、活動或場景保留用途歸納；原作任務細節與分類依據一起提供。","8程序＝5日常＋3實驗室；4大benchmark含association、action understanding、skill ranking、captioning；39粗步驟，planning取27類；anticipation取19 verbs／31 nouns。；4個廚房＋3個lab；ego示範跟做與exo教程非同步、非同一環境。","P021: PDF 1,2,3,4,5,6,7,8,11,12,14,16","bca30af05c678a221e17c8ff0fa92006870fc0b46f569e824b52c98aefc8a15b"
"P022","CaptainCook4D","food","餐飲與烹飪","2026-10-04","false","依已核讀的任務、活動或場景保留用途歸納；原作任務細節與分類依據一起提供。","24個WikiHow食譜、7種錯誤：準備、測量、技術、時間、溫度、缺步、順序；錯誤類別不另算7生活domain。；10個真實廚房，8名參與者；Hololens2與GoPro同步。","P022: PDF 1,2,3,4,5,6,7,8,9,38","03be2a06a5c5cc778808214ae9232f3156dfd3ba60c07140d93d1a20222cc0ae"
"P023","EgoProceL","food","餐飲與烹飪","2026-10-04","false","依已核讀的任務、活動或場景保留用途歸納；原作任務細節與分類依據一起提供。","16個程序，平均8.7 key-steps；含料理、玩具機車、搭帳篷、PC組裝／拆解。；來源資料場景混合；沒有共同去重的獨立環境總數。","P023: PDF 1,3,4,5,6,8,9,10","533531617781659b6d42cbb81529f76f79277cb3cf1d05dad3504547b4ecdf9a"
"P023","EgoProceL","craft","工藝與修繕","2026-10-04","false","依已核讀的任務、活動或場景保留用途歸納；原作任務細節與分類依據一起提供。","16個程序，平均8.7 key-steps；含料理、玩具機車、搭帳篷、PC組裝／拆解。；來源資料場景混合；沒有共同去重的獨立環境總數。","P023: PDF 1,3,4,5,6,8,9,10","533531617781659b6d42cbb81529f76f79277cb3cf1d05dad3504547b4ecdf9a"
"P023","EgoProceL","industry","裝配與生產作業","2026-10-04","false","依已核讀的任務、活動或場景保留用途歸納；原作任務細節與分類依據一起提供。","16個程序，平均8.7 key-steps；含料理、玩具機車、搭帳篷、PC組裝／拆解。；來源資料場景混合；沒有共同去重的獨立環境總數。","P023: PDF 1,3,4,5,6,8,9,10","533531617781659b6d42cbb81529f76f79277cb3cf1d05dad3504547b4ecdf9a"
"P023","EgoProceL","garden","農業與園藝","2026-10-04","false","依已核讀的任務、活動或場景保留用途歸納；原作任務細節與分類依據一起提供。","16個程序，平均8.7 key-steps；含料理、玩具機車、搭帳篷、PC組裝／拆解。；來源資料場景混合；沒有共同去重的獨立環境總數。","P023: PDF 1,3,4,5,6,8,9,10","533531617781659b6d42cbb81529f76f79277cb3cf1d05dad3504547b4ecdf9a"
"P024","EPIC Fields","home","居家整理與清潔","2026-10-04","false","依已核讀的任務、活動或場景保留用途歸納；原作任務細節與分類依據一起提供。","D-NVS新視角合成、UDOS動態／半靜態物件分割、VOS；不是671個操作任務。；EPIC100的45個廚房；671影片成功重建，沒有新增671個獨立layout。","P024: PDF 1,2,3,5,6,7,8,22","c7c08e1c9614782d2dcddaeeec95b253c5d9f756ff2c4d30b712bcac6a90eebd"
"P024","EPIC Fields","food","餐飲與烹飪","2026-10-04","false","依已核讀的任務、活動或場景保留用途歸納；原作任務細節與分類依據一起提供。","D-NVS新視角合成、UDOS動態／半靜態物件分割、VOS；不是671個操作任務。；EPIC100的45個廚房；671影片成功重建，沒有新增671個獨立layout。","P024: PDF 1,2,3,5,6,7,8,22","c7c08e1c9614782d2dcddaeeec95b253c5d9f756ff2c4d30b712bcac6a90eebd"
"P025","EgoPet","animal","寵物照護與動物活動","2026-10-04","false","依已核讀的任務、活動或場景保留用途歸納；原作任務細節與分類依據一起提供。","VIP互動辨識／17種互動對象；LP預測未來4秒40個位置；VPP預測terrain latent的過去／未來。；動物網路影片無去重場景總量；VPP額外robot測試有office、park、beach三處。","P025: PDF 1,2,4,5,6,7,8,9,10","8be645841806230228c292995eb6538540f9be6d228b916b37e53fefeeca59ca"
"P026","EgoHOS","home","居家整理與清潔","2026-10-04","false","依已核讀的任務、活動或場景保留用途歸納；原作任務細節與分類依據一起提供。","左／右手、左／右／雙手接觸物分割；直接／間接接觸有標註，但本文主要評估直接接觸。；Ego4D、EPIC、THU-READ及自錄GoPro多來源；無共同scene ID總數。","P026: PDF 1,2,4,5,6,9,10,12","94b61333b3477ef582a94281cc28852c750d6fbe096ddfe90c9434ca39101f07"
"P026","EgoHOS","food","餐飲與烹飪","2026-10-04","false","依已核讀的任務、活動或場景保留用途歸納；原作任務細節與分類依據一起提供。","左／右手、左／右／雙手接觸物分割；直接／間接接觸有標註，但本文主要評估直接接觸。；Ego4D、EPIC、THU-READ及自錄GoPro多來源；無共同scene ID總數。","P026: PDF 1,2,4,5,6,9,10,12","94b61333b3477ef582a94281cc28852c750d6fbe096ddfe90c9434ca39101f07"
"P027","EgoPCA","home","居家整理與清潔","2026-10-04","false","依已核讀的任務、活動或場景保留用途歸納；原作任務細節與分類依據一起提供。","EPIC100、EGTEA、Ego4D-AR、Something-Else合併語義；pretrain394類、test204類，聯集401類含zero-shot。；來源影片混合，不提供新的可計數互動環境。","P027: PDF 1,2,4,5,6,8,14","b1562d6e36e0c788642711c6bcd038ed83e381ad8f9ae62cc5e341ee516c0a39"
"P027","EgoPCA","food","餐飲與烹飪","2026-10-04","false","依已核讀的任務、活動或場景保留用途歸納；原作任務細節與分類依據一起提供。","EPIC100、EGTEA、Ego4D-AR、Something-Else合併語義；pretrain394類、test204類，聯集401類含zero-shot。；來源影片混合，不提供新的可計數互動環境。","P027: PDF 1,2,4,5,6,8,14","b1562d6e36e0c788642711c6bcd038ed83e381ad8f9ae62cc5e341ee516c0a39"
"P028","EgoSchema","home","居家整理與清潔","2026-10-04","false","依已核讀的任務、活動或場景保留用途歸納；原作任務細節與分類依據一起提供。","長影片五選一QA；temporal certificate量必要證據時長，不能把3分鐘輸入長度直接當難度。；Ego4D影片子集，未另外提供去重後環境數。","P028: PDF 1,2,3,5,6,7,9,14","4ae865287c1d40b806c5f51e4b5101fe90f7d246a201668f14bbb9cab00b442f"
"P028","EgoSchema","food","餐飲與烹飪","2026-10-04","false","依已核讀的任務、活動或場景保留用途歸納；原作任務細節與分類依據一起提供。","長影片五選一QA；temporal certificate量必要證據時長，不能把3分鐘輸入長度直接當難度。；Ego4D影片子集，未另外提供去重後環境數。","P028: PDF 1,2,3,5,6,7,9,14","4ae865287c1d40b806c5f51e4b5101fe90f7d246a201668f14bbb9cab00b442f"
"P028","EgoSchema","craft","工藝與修繕","2026-10-04","false","依已核讀的任務、活動或場景保留用途歸納；原作任務細節與分類依據一起提供。","長影片五選一QA；temporal certificate量必要證據時長，不能把3分鐘輸入長度直接當難度。；Ego4D影片子集，未另外提供去重後環境數。","P028: PDF 1,2,3,5,6,7,9,14","4ae865287c1d40b806c5f51e4b5101fe90f7d246a201668f14bbb9cab00b442f"
"P028","EgoSchema","garden","農業與園藝","2026-10-04","false","依已核讀的任務、活動或場景保留用途歸納；原作任務細節與分類依據一起提供。","長影片五選一QA；temporal certificate量必要證據時長，不能把3分鐘輸入長度直接當難度。；Ego4D影片子集，未另外提供去重後環境數。","P028: PDF 1,2,3,5,6,7,9,14","4ae865287c1d40b806c5f51e4b5101fe90f7d246a201668f14bbb9cab00b442f"
"P029","EgoThink","home","居家整理與清潔","2026-10-04","false","依已核讀的任務、活動或場景保留用途歸納；原作任務細節與分類依據一起提供。","6能力／12細分維度：物件、活動、定位、推理、forecasting、planning；輸入為單張影像。；595個Ego4D母影片；scene統計是語義場景如kitchen，不能當相同數量的獨立物理房間。","P029: PDF 1,2,3,4,5,6,13,14","f52b14647c715c4187f0f53bb90bde9e7d6f2f5d10eefc5da2a39b714076e040"
"P029","EgoThink","food","餐飲與烹飪","2026-10-04","false","依已核讀的任務、活動或場景保留用途歸納；原作任務細節與分類依據一起提供。","6能力／12細分維度：物件、活動、定位、推理、forecasting、planning；輸入為單張影像。；595個Ego4D母影片；scene統計是語義場景如kitchen，不能當相同數量的獨立物理房間。","P029: PDF 1,2,3,4,5,6,13,14","f52b14647c715c4187f0f53bb90bde9e7d6f2f5d10eefc5da2a39b714076e040"
"P029","EgoThink","craft","工藝與修繕","2026-10-04","false","依已核讀的任務、活動或場景保留用途歸納；原作任務細節與分類依據一起提供。","6能力／12細分維度：物件、活動、定位、推理、forecasting、planning；輸入為單張影像。；595個Ego4D母影片；scene統計是語義場景如kitchen，不能當相同數量的獨立物理房間。","P029: PDF 1,2,3,4,5,6,13,14","f52b14647c715c4187f0f53bb90bde9e7d6f2f5d10eefc5da2a39b714076e040"
"P030","EgoPlan-Bench","home","居家整理與清潔","2026-10-04","false","依已核讀的任務、活動或場景保留用途歸納；原作任務細節與分類依據一起提供。","下一步planning QA；表2合計3,269 task goals與3,185候選action plans，兩者不等同題數。；原作報419 scenes（影片觀測場景），非419個已建模robot layouts。","P030: PDF 1,2,3,5,6,7,14","c15ca6dd2823dc0af2a6f55ce15cae49463268b814075cc9260e0d79ba751373"
"P030","EgoPlan-Bench","food","餐飲與烹飪","2026-10-04","false","依已核讀的任務、活動或場景保留用途歸納；原作任務細節與分類依據一起提供。","下一步planning QA；表2合計3,269 task goals與3,185候選action plans，兩者不等同題數。；原作報419 scenes（影片觀測場景），非419個已建模robot layouts。","P030: PDF 1,2,3,5,6,7,14","c15ca6dd2823dc0af2a6f55ce15cae49463268b814075cc9260e0d79ba751373"
"P031","EgoPlan-Bench2","home","居家整理與清潔","2026-10-04","false","依已核讀的任務、活動或場景保留用途歸納；原作任務細節與分類依據一起提供。","4原生domains（Work／Daily life／Hobbies／Recreation）；保留4–20步的goal；284 goal verbs不是284個正式任務。；24個語義scenario類別，非24個物理scene；來源1,113個Ego4D影片。","P031: PDF 1,2,3,4,5,6,7","86d13b4d204df0eee1eec14c5a5dde9f3cdc465b7e5b96009d4d8b7f4c48f353"
"P031","EgoPlan-Bench2","food","餐飲與烹飪","2026-10-04","false","依已核讀的任務、活動或場景保留用途歸納；原作任務細節與分類依據一起提供。","4原生domains（Work／Daily life／Hobbies／Recreation）；保留4–20步的goal；284 goal verbs不是284個正式任務。；24個語義scenario類別，非24個物理scene；來源1,113個Ego4D影片。","P031: PDF 1,2,3,4,5,6,7","86d13b4d204df0eee1eec14c5a5dde9f3cdc465b7e5b96009d4d8b7f4c48f353"
"P031","EgoPlan-Bench2","craft","工藝與修繕","2026-10-04","false","依已核讀的任務、活動或場景保留用途歸納；原作任務細節與分類依據一起提供。","4原生domains（Work／Daily life／Hobbies／Recreation）；保留4–20步的goal；284 goal verbs不是284個正式任務。；24個語義scenario類別，非24個物理scene；來源1,113個Ego4D影片。","P031: PDF 1,2,3,4,5,6,7","86d13b4d204df0eee1eec14c5a5dde9f3cdc465b7e5b96009d4d8b7f4c48f353"
"P031","EgoPlan-Bench2","retail","零售與購物","2026-10-04","false","依已核讀的任務、活動或場景保留用途歸納；原作任務細節與分類依據一起提供。","4原生domains（Work／Daily life／Hobbies／Recreation）；保留4–20步的goal；284 goal verbs不是284個正式任務。；24個語義scenario類別，非24個物理scene；來源1,113個Ego4D影片。","P031: PDF 1,2,3,4,5,6,7","86d13b4d204df0eee1eec14c5a5dde9f3cdc465b7e5b96009d4d8b7f4c48f353"
"P031","EgoPlan-Bench2","lab","實驗室操作","2026-10-04","false","依已核讀的任務、活動或場景保留用途歸納；原作任務細節與分類依據一起提供。","4原生domains（Work／Daily life／Hobbies／Recreation）；保留4–20步的goal；284 goal verbs不是284個正式任務。；24個語義scenario類別，非24個物理scene；來源1,113個Ego4D影片。","P031: PDF 1,2,3,4,5,6,7","86d13b4d204df0eee1eec14c5a5dde9f3cdc465b7e5b96009d4d8b7f4c48f353"
"P031","EgoPlan-Bench2","care","個人照護","2026-10-04","false","依已核讀的任務、活動或場景保留用途歸納；原作任務細節與分類依據一起提供。","4原生domains（Work／Daily life／Hobbies／Recreation）；保留4–20步的goal；284 goal verbs不是284個正式任務。；24個語義scenario類別，非24個物理scene；來源1,113個Ego4D影片。","P031: PDF 1,2,3,4,5,6,7","86d13b4d204df0eee1eec14c5a5dde9f3cdc465b7e5b96009d4d8b7f4c48f353"
"P031","EgoPlan-Bench2","transport","交通移動與車輛維修","2026-10-04","false","依已核讀的任務、活動或場景保留用途歸納；原作任務細節與分類依據一起提供。","4原生domains（Work／Daily life／Hobbies／Recreation）；保留4–20步的goal；284 goal verbs不是284個正式任務。；24個語義scenario類別，非24個物理scene；來源1,113個Ego4D影片。","P031: PDF 1,2,3,4,5,6,7","86d13b4d204df0eee1eec14c5a5dde9f3cdc465b7e5b96009d4d8b7f4c48f353"
"P031","EgoPlan-Bench2","garden","農業與園藝","2026-10-04","false","依已核讀的任務、活動或場景保留用途歸納；原作任務細節與分類依據一起提供。","4原生domains（Work／Daily life／Hobbies／Recreation）；保留4–20步的goal；284 goal verbs不是284個正式任務。；24個語義scenario類別，非24個物理scene；來源1,113個Ego4D影片。","P031: PDF 1,2,3,4,5,6,7","86d13b4d204df0eee1eec14c5a5dde9f3cdc465b7e5b96009d4d8b7f4c48f353"
"P031","EgoPlan-Bench2","leisure","休閒與運動","2026-10-04","false","依已核讀的任務、活動或場景保留用途歸納；原作任務細節與分類依據一起提供。","4原生domains（Work／Daily life／Hobbies／Recreation）；保留4–20步的goal；284 goal verbs不是284個正式任務。；24個語義scenario類別，非24個物理scene；來源1,113個Ego4D影片。","P031: PDF 1,2,3,4,5,6,7","86d13b4d204df0eee1eec14c5a5dde9f3cdc465b7e5b96009d4d8b7f4c48f353"
"P032","EgoTaskQA","home","居家整理與清潔","2026-10-04","false","依已核讀的任務、活動或場景保留用途歸納；原作任務細節與分類依據一起提供。","3個scope（world／intent／multi-agent）×4問法（描述／預測／解釋／反事實）；屬QA taxonomy，不是12個生活工作。；LEMMA多代理家務影片；沒有新的獨立場景全集。","P032: PDF 1,2,4,5,6,7,8,10","9a06fc9a9cfb5e7102f62ff34137fd261251eb9bd7c19ec19b07d4b8f36b5e87"
"P032","EgoTaskQA","food","餐飲與烹飪","2026-10-04","false","依已核讀的任務、活動或場景保留用途歸納；原作任務細節與分類依據一起提供。","3個scope（world／intent／multi-agent）×4問法（描述／預測／解釋／反事實）；屬QA taxonomy，不是12個生活工作。；LEMMA多代理家務影片；沒有新的獨立場景全集。","P032: PDF 1,2,4,5,6,7,8,10","9a06fc9a9cfb5e7102f62ff34137fd261251eb9bd7c19ec19b07d4b8f36b5e87"
"P032","EgoTaskQA","social","社交與溝通","2026-10-04","false","依已核讀的任務、活動或場景保留用途歸納；原作任務細節與分類依據一起提供。","3個scope（world／intent／multi-agent）×4問法（描述／預測／解釋／反事實）；屬QA taxonomy，不是12個生活工作。；LEMMA多代理家務影片；沒有新的獨立場景全集。","P032: PDF 1,2,4,5,6,7,8,10","9a06fc9a9cfb5e7102f62ff34137fd261251eb9bd7c19ec19b07d4b8f36b5e87"
"P033","EgoLife","home","居家整理與清潔","2026-10-04","false","依已核讀的任務、活動或場景保留用途歸納；原作任務細節與分類依據一起提供。","5題型：EntityLog、EventRecall、HabitInsight、RelationMap、TaskMaster。；1個自建EgoHouse、6人共同生活7天；15台外部相機不是15個環境。","P033: PDF 1,3,4,5,6,7","62089719b6879f1f7f10401989959c9a7e0531aa411284d10c9a713f0634c49a"
"P033","EgoLife","food","餐飲與烹飪","2026-10-04","false","依已核讀的任務、活動或場景保留用途歸納；原作任務細節與分類依據一起提供。","5題型：EntityLog、EventRecall、HabitInsight、RelationMap、TaskMaster。；1個自建EgoHouse、6人共同生活7天；15台外部相機不是15個環境。","P033: PDF 1,3,4,5,6,7","62089719b6879f1f7f10401989959c9a7e0531aa411284d10c9a713f0634c49a"
"P033","EgoLife","leisure","休閒與運動","2026-10-04","false","依已核讀的任務、活動或場景保留用途歸納；原作任務細節與分類依據一起提供。","5題型：EntityLog、EventRecall、HabitInsight、RelationMap、TaskMaster。；1個自建EgoHouse、6人共同生活7天；15台外部相機不是15個環境。","P033: PDF 1,3,4,5,6,7","62089719b6879f1f7f10401989959c9a7e0531aa411284d10c9a713f0634c49a"
"P033","EgoLife","social","社交與溝通","2026-10-04","false","依已核讀的任務、活動或場景保留用途歸納；原作任務細節與分類依據一起提供。","5題型：EntityLog、EventRecall、HabitInsight、RelationMap、TaskMaster。；1個自建EgoHouse、6人共同生活7天；15台外部相機不是15個環境。","P033: PDF 1,3,4,5,6,7","62089719b6879f1f7f10401989959c9a7e0531aa411284d10c9a713f0634c49a"
"P038","OpenEQA","home","居家整理與清潔","2026-10-04","false","依已核讀的任務、活動或場景保留用途歸納；原作任務細節與分類依據一起提供。","7問答類別；兩種設定EM-EQA／A-EQA。Active只允許導航探索，未包括開櫃等操作。；蒐集階段100個ScanNet scenes＋87個HM3D scans；這是生成候選history範圍，非已验证題目引用的152個history IDs。","P038: PDF 1,2,3,4,7","d2c714b7cfdcee8fe6cde607296c15689ecff298b752611c913458fd3964ca48"
"P038","OpenEQA","office","辦公與教育","2026-10-04","false","依已核讀的任務、活動或場景保留用途歸納；原作任務細節與分類依據一起提供。","7問答類別；兩種設定EM-EQA／A-EQA。Active只允許導航探索，未包括開櫃等操作。；蒐集階段100個ScanNet scenes＋87個HM3D scans；這是生成候選history範圍，非已验证題目引用的152個history IDs。","P038: PDF 1,2,3,4,7","d2c714b7cfdcee8fe6cde607296c15689ecff298b752611c913458fd3964ca48"
"P039","RoboVQA","home","居家整理與清潔","2026-10-04","false","依已核讀的任務、活動或場景保留用途歸納；原作任務細節與分類依據一起提供。","2,722 unique長指令、26,798 unique中程指令；字串去重不是共同語義任務去重。10種QA包含規劃、完成檢測、affordance、過去描述／未來預測。；3棟辦公樓，robot／人手／人持夾具3種embodiment。","P039: PDF 1,2,3,4,5,6,10","0d6f31eb8631105b7abfd15b617c7477404b7e7694955c0a3108fcff05d658bf"
"P039","RoboVQA","food","餐飲與烹飪","2026-10-04","false","依已核讀的任務、活動或場景保留用途歸納；原作任務細節與分類依據一起提供。","2,722 unique長指令、26,798 unique中程指令；字串去重不是共同語義任務去重。10種QA包含規劃、完成檢測、affordance、過去描述／未來預測。；3棟辦公樓，robot／人手／人持夾具3種embodiment。","P039: PDF 1,2,3,4,5,6,10","0d6f31eb8631105b7abfd15b617c7477404b7e7694955c0a3108fcff05d658bf"
"P039","RoboVQA","office","辦公與教育","2026-10-04","false","依已核讀的任務、活動或場景保留用途歸納；原作任務細節與分類依據一起提供。","2,722 unique長指令、26,798 unique中程指令；字串去重不是共同語義任務去重。10種QA包含規劃、完成檢測、affordance、過去描述／未來預測。；3棟辦公樓，robot／人手／人持夾具3種embodiment。","P039: PDF 1,2,3,4,5,6,10","0d6f31eb8631105b7abfd15b617c7477404b7e7694955c0a3108fcff05d658bf"
"P040","RoboBench","home","居家整理與清潔","2026-10-04","false","依已核讀的任務、活動或場景保留用途歸納；原作任務細節與分類依據一起提供。","5維度、14能力群、25評測端點；不同於25個生活工作任務。；多來源robot影片與自錄配置；未報可相加的去重物理layout總量。","P040: PDF 1,2,4,5,6,7,8,9,10,18,22","b34e12bf6f096b03930eb63d6e6580345d4fc1330c8c54c7f9660c501b7ff204"
"P041","EgoCross","craft","工藝與修繕","2026-10-04","false","依已核讀的任務、活動或場景保留用途歸納；原作任務細節與分類依據一起提供。","identification／localization／prediction／counting四類，15細分題型。；4個domain來自5資料集，不是4個環境；含內視鏡工具視角，不全是人類頭戴相機。","P041: PDF 1,3,4,7,10","f4c3606509844a990b9b1c2fc3df05bdab0cff9a08af8fa5446cc9080f49e743"
"P041","EgoCross","medical","醫療與手術支援","2026-10-04","false","依已核讀的任務、活動或場景保留用途歸納；原作任務細節與分類依據一起提供。","identification／localization／prediction／counting四類，15細分題型。；4個domain來自5資料集，不是4個環境；含內視鏡工具視角，不全是人類頭戴相機。","P041: PDF 1,3,4,7,10","f4c3606509844a990b9b1c2fc3df05bdab0cff9a08af8fa5446cc9080f49e743"
"P041","EgoCross","leisure","休閒與運動","2026-10-04","false","依已核讀的任務、活動或場景保留用途歸納；原作任務細節與分類依據一起提供。","identification／localization／prediction／counting四類，15細分題型。；4個domain來自5資料集，不是4個環境；含內視鏡工具視角，不全是人類頭戴相機。","P041: PDF 1,3,4,7,10","f4c3606509844a990b9b1c2fc3df05bdab0cff9a08af8fa5446cc9080f49e743"
"P041","EgoCross","animal","寵物照護與動物活動","2026-10-04","false","依已核讀的任務、活動或場景保留用途歸納；原作任務細節與分類依據一起提供。","identification／localization／prediction／counting四類，15細分題型。；4個domain來自5資料集，不是4個環境；含內視鏡工具視角，不全是人類頭戴相機。","P041: PDF 1,3,4,7,10","f4c3606509844a990b9b1c2fc3df05bdab0cff9a08af8fa5446cc9080f49e743"
"P042","RoboSpatial","home","居家整理與清潔","2026-10-04","false","依已核讀的任務、活動或場景保留用途歸納；原作任務細節與分類依據一起提供。","context／compatibility／configuration三類空間關係，ego／world／object三種reference frame。；訓練4,916 indoor scans＋190 tabletop scenes；validation40 scans＋77 scenes；來源重用而非新掃描5K個robot場景。","P042: PDF 1,2,3,4,5,6","58a5b655a8d69265586b817547ebe08770c6d88ea05ea17d50c2fb56ead76c22"
"P042","RoboSpatial","office","辦公與教育","2026-10-04","false","依已核讀的任務、活動或場景保留用途歸納；原作任務細節與分類依據一起提供。","context／compatibility／configuration三類空間關係，ego／world／object三種reference frame。；訓練4,916 indoor scans＋190 tabletop scenes；validation40 scans＋77 scenes；來源重用而非新掃描5K個robot場景。","P042: PDF 1,2,3,4,5,6","58a5b655a8d69265586b817547ebe08770c6d88ea05ea17d50c2fb56ead76c22"
"P045","ManipBench","garment","衣物與洗護","2026-10-04","false","依已核讀的任務、活動或場景保留用途歸納；原作任務細節與分類依據一起提供。","pick-place、articulated、deformable、tool、dynamic五種操作類別；布料10理解維度；另外7個真實機器人驗證任務。；DROID／Bridge原始場景、自錄布料工作站、SIMPLER／RLBench／SoftGym與新增IsaacSim ball場景。","P045: PDF 1,3,4,5,6,27","7cd33f53355500d085efdd4c1c80dd05509e3d3b24c6ec7232519a9481e53d53"
"P058","EgoPAT3Dv2","assistance","協助、交接與陪伴","2026-10-04","true","預測人手將接觸的位置，讓共享工作區的機器人提前配合；同時是頭戴裝置的動作意圖介面。","人戴頭盔操作物件；UR10E接近預測的3D目標；從第一人稱影片預測手部動作意圖","P058: PDF 1","7496f4c315189a824e5c490ba688d26788d161a66d4cbc6f93caf2d64665979c"
"P058","EgoPAT3Dv2","wearable","穿戴互動與動作介面","2026-10-04","true","預測人手將接觸的位置，讓共享工作區的機器人提前配合；同時是頭戴裝置的動作意圖介面。","人戴頭盔操作物件；UR10E接近預測的3D目標；從第一人稱影片預測手部動作意圖","P058: PDF 1","7496f4c315189a824e5c490ba688d26788d161a66d4cbc6f93caf2d64665979c"
"P061","Interact with me","social","社交與溝通","2026-10-04","false","依已核讀的任務、活動或場景保留用途歸納；原作任務細節與分類依據一起提供。","intent 3類、attitude 2類、action 10類；attitude是依action規則產生的標籤，不是獨立量測心理狀態。；沿用JPL人機互動影片；未報新增scene總數。","P061: PDF 1,2,3,4,5","35eabf84ae2cfa183887ab3924f91d9f15fa53aac29576e56407b4eee8da3642"
"P061","Interact with me","assistance","協助、交接與陪伴","2026-10-04","false","依已核讀的任務、活動或場景保留用途歸納；原作任務細節與分類依據一起提供。","人機接觸情境中的意圖、態度與動作辨識。","P061: PDF 1,2,3,4,5","35eabf84ae2cfa183887ab3924f91d9f15fa53aac29576e56407b4eee8da3642"
"P062","RLBench","home","居家整理與清潔","2026-10-04","false","依已核讀的任務、活動或場景保留用途歸納；原作任務細節與分類依據一起提供。","原文100手寫task，每task多variation（如目標色彩／物件），每variation再抽初態episode。；共用1個Panda桌面scene，載入各task資產；API的TaskEnvironment不等於獨立房間。","P062: PDF 1,3,4,5,6,7","fbb04509bea7bf6aa9b97b07c46d95e5c1a900987599693b3fae3fd84377db76"
"P062","RLBench","general","通用物件與機動作業","2026-10-04","false","依已核讀的任務、活動或場景保留用途歸納；原作任務細節與分類依據一起提供。","共享桌面上100種獨立操作task，作為跨任務控制底座。","P062: PDF 1,3,4,5,6,7","fbb04509bea7bf6aa9b97b07c46d95e5c1a900987599693b3fae3fd84377db76"
"P063","Meta-World","home","居家整理與清潔","2026-10-04","true","50個任務已有明確的用途線索：家居設備、餐飲、修繕／裝配、球類操作，以及通用取放。","開關門窗／抽屜、水龍頭、掃除與上架","P063: PDF 18","8ea4fd9e7a2f7a2cfc475ae7e7021e7a6c03b99ae3932b455def9197ff1197e8"
"P063","Meta-World","food","餐飲與烹飪","2026-10-04","true","50個任務已有明確的用途線索：家居設備、餐飲、修繕／裝配、球類操作，以及通用取放。","咖啡機按鈕、杯子移入／移出咖啡機、餐盤取放","P063: PDF 18","8ea4fd9e7a2f7a2cfc475ae7e7021e7a6c03b99ae3932b455def9197ff1197e8"
"P063","Meta-World","craft","工藝與修繕","2026-10-04","true","50個任務已有明確的用途線索：家居設備、餐飲、修繕／裝配、球類操作，以及通用取放。","鎚打螺絲、螺帽裝卸、插栓與拔栓","P063: PDF 18","8ea4fd9e7a2f7a2cfc475ae7e7021e7a6c03b99ae3932b455def9197ff1197e8"
"P063","Meta-World","industry","裝配與生產作業","2026-10-04","true","50個任務已有明確的用途線索：家居設備、餐飲、修繕／裝配、球類操作，以及通用取放。","鎚打螺絲、螺帽裝卸、插栓與拔栓","P063: PDF 18","8ea4fd9e7a2f7a2cfc475ae7e7021e7a6c03b99ae3932b455def9197ff1197e8"
"P063","Meta-World","leisure","休閒與運動","2026-10-04","true","50個任務已有明確的用途線索：家居設備、餐飲、修繕／裝配、球類操作，以及通用取放。","籃球入框、足球入門的簡化任務","P063: PDF 18","8ea4fd9e7a2f7a2cfc475ae7e7021e7a6c03b99ae3932b455def9197ff1197e8"
"P063","Meta-World","general","通用物件與機動作業","2026-10-04","true","50個任務已有明確的用途線索：家居設備、餐飲、修繕／裝配、球類操作，以及通用取放。","伸手至座標、推／拉puck、繞障取放","P063: PDF 18","8ea4fd9e7a2f7a2cfc475ae7e7021e7a6c03b99ae3932b455def9197ff1197e8"
"P064","LIBERO","home","居家整理與清潔","2026-10-04","false","依已核讀的任務、活動或場景保留用途歸納；原作任務細節與分類依據一起提供。","130＝Spatial10＋Object10＋Goal10＋LIBERO100；LIBERO100內90短程預訓練＋10長程。LIBERO-Long不是再額外增加10。；Robosuite場景配置；layout／objects由PDDL定義，本文已讀段落未報去重layout總數。","P064: PDF 1,2,3,4,5,6,9,10","ff7d943e2eb37760df684f3ae2931a5a35ef8ea465bd387e62afe49507b8e414"
"P065","CALVIN","home","居家整理與清潔","2026-10-04","true","開抽屜、控制燈與把物件收好屬居家整理；方塊轉動、推移與堆疊則保留為通用作業。","開關抽屜和滑門；按按鈕或開關控制燈；收納物件","P065: PDF 3","c8ad4741782fa8fb773377fbf61b8772b86574f255599a229d3f6ad4d878c60e"
"P065","CALVIN","general","通用物件與機動作業","2026-10-04","true","開抽屜、控制燈與把物件收好屬居家整理；方塊轉動、推移與堆疊則保留為通用作業。","方塊抓放、轉動、堆疊與多步語言指令","P065: PDF 3","c8ad4741782fa8fb773377fbf61b8772b86574f255599a229d3f6ad4d878c60e"
"P066","ManiSkill","home","居家整理與清潔","2026-10-04","false","依已核讀的任務、活動或場景保留用途歸納；原作任務細節與分類依據一起提供。","4 skills：OpenCabinetDoor、OpenCabinetDrawer、PushChair、MoveBucket；涵蓋單／雙臂mobile manipulation。；原作environment以一個物件資產為單位；表1為52門櫃、35抽屜櫃、36椅、39桶，櫃體可能含多door/drawer，不能當162獨立房間。","P066: PDF 1,3,4,5,6,7","90472755c9779e6088c8a94faaed0a4de3b9743d2d994c421973b0e7c402b374"
"P067","ManiSkill2","home","居家整理與清潔","2026-10-04","false","依已核讀的任務、活動或場景保留用途歸納；原作任務細節與分類依據一起提供。","20 families：6 soft、3精密插入、5 pick-place、5關節／mobile、1 AvoidObstacles；繼承ManiSkill1的4項。；SAPIEN／MPM配置及2,000+ object models；object assets非同量房屋。","P067: PDF 1,2,3,4,5,6,7,8,19,22","89fb794345d860ee696ca2f4d7a75059b15352b615794eeadb0e6075426136f0"
"P067","ManiSkill2","industry","裝配與生產作業","2026-10-04","false","依已核讀的任務、活動或場景保留用途歸納；原作任務細節與分類依據一起提供。","20 families：6 soft、3精密插入、5 pick-place、5關節／mobile、1 AvoidObstacles；繼承ManiSkill1的4項。；SAPIEN／MPM配置及2,000+ object models；object assets非同量房屋。","P067: PDF 1,2,3,4,5,6,7,8,19,22","89fb794345d860ee696ca2f4d7a75059b15352b615794eeadb0e6075426136f0"
"P067","ManiSkill2","general","通用物件與機動作業","2026-10-04","false","依已核讀的任務、活動或場景保留用途歸納；原作任務細節與分類依據一起提供。","取放、精密插入、關節操作及避障等基礎task families。","P067: PDF 1,2,3,4,5,6,7,8,19,22","89fb794345d860ee696ca2f4d7a75059b15352b615794eeadb0e6075426136f0"
"P068","ManiSkill3","home","居家整理與清潔","2026-10-04","false","依已核讀的任務、活動或場景保留用途歸納；原作任務細節與分類依據一起提供。","原作12 task categories包含tabletop/mobile、room-scale、locomotion、bimanual、multi-agent、drawing/cleaning、dexterous、tactile、classic control、digital twins、soft-body；這12類不是12生活domain。；GPU異質並行模擬；1024平行instances／cameras是運行規模，非1024不同生活場景。","P068: PDF 1,3,4,6,7,8,21,22,28","0482cef460af5ca0dd09d2b1d0f499b996287d9dadec31b13ca60377a49ee80c"
"P068","ManiSkill3","industry","裝配與生產作業","2026-10-04","false","依已核讀的任務、活動或場景保留用途歸納；原作任務細節與分類依據一起提供。","原作12 task categories包含tabletop/mobile、room-scale、locomotion、bimanual、multi-agent、drawing/cleaning、dexterous、tactile、classic control、digital twins、soft-body；這12類不是12生活domain。；GPU異質並行模擬；1024平行instances／cameras是運行規模，非1024不同生活場景。","P068: PDF 1,3,4,6,7,8,21,22,28","0482cef460af5ca0dd09d2b1d0f499b996287d9dadec31b13ca60377a49ee80c"
"P068","ManiSkill3","general","通用物件與機動作業","2026-10-04","false","依已核讀的任務、活動或場景保留用途歸納；原作任務細節與分類依據一起提供。","經典控制、locomotion、桌面與移動操作的通用任務平台。","P068: PDF 1,3,4,6,7,8,21,22,28","0482cef460af5ca0dd09d2b1d0f499b996287d9dadec31b13ca60377a49ee80c"
"P069","robosuite","home","居家整理與清潔","2026-10-04","false","依已核讀的任務、活動或場景保留用途歸納；原作任務細節與分類依據一起提供。","Lift、Stack、PickPlace、NutAssembly、Door、Wipe、TwoArmLift、TwoArmPegInHole、TwoArmHandover。；9標準task環境，共用可配置arena／robot；10robot模型不是10場域。","P069: PDF 1,7,10,11,12,13,14,15,16,17","3da1cc7ba84ee487a90d7013325dd6045eea7c2920bc50cdb8ff37db67426fd4"
"P069","robosuite","industry","裝配與生產作業","2026-10-04","false","依已核讀的任務、活動或場景保留用途歸納；原作任務細節與分類依據一起提供。","Lift、Stack、PickPlace、NutAssembly、Door、Wipe、TwoArmLift、TwoArmPegInHole、TwoArmHandover。；9標準task環境，共用可配置arena／robot；10robot模型不是10場域。","P069: PDF 1,7,10,11,12,13,14,15,16,17","3da1cc7ba84ee487a90d7013325dd6045eea7c2920bc50cdb8ff37db67426fd4"
"P069","robosuite","general","通用物件與機動作業","2026-10-04","false","依已核讀的任務、活動或場景保留用途歸納；原作任務細節與分類依據一起提供。","Lift、Stack、PickPlace等通用作業與装配／清潔並存。","P069: PDF 1,7,10,11,12,13,14,15,16,17","3da1cc7ba84ee487a90d7013325dd6045eea7c2920bc50cdb8ff37db67426fd4"
"P070","RoboCasa","home","居家整理與清潔","2026-10-04","false","依已核讀的任務、活動或場景保留用途歸納；原作任務細節與分類依據一起提供。","100＝25 atomic（8skills）＋75 composite（20料理活動標籤下生成並實作）。；10 floor plans×12 styles＝120 scenes；只能把10稱平面layout數。額外AI textures不新增layout。","P070: PDF 1,2,3,4,5,6,8","7aca93ca3f157e32a46e02d675b3b2c24e3073a7807c038f7f566b73db87bde3"
"P070","RoboCasa","food","餐飲與烹飪","2026-10-04","false","依已核讀的任務、活動或場景保留用途歸納；原作任務細節與分類依據一起提供。","100＝25 atomic（8skills）＋75 composite（20料理活動標籤下生成並實作）。；10 floor plans×12 styles＝120 scenes；只能把10稱平面layout數。額外AI textures不新增layout。","P070: PDF 1,2,3,4,5,6,8","7aca93ca3f157e32a46e02d675b3b2c24e3073a7807c038f7f566b73db87bde3"
"P071","RoboCasa365","home","居家整理與清潔","2026-10-04","false","依已核讀的任務、活動或場景保留用途歸納；原作任務細節與分類依據一起提供。","365＝65 atomic＋300 composite；60活動歸6家族；220任務需mobile、145不需。主要target評測50任務＝18 atomic＋16 seen composite＋16 unseen composite。；50新layouts×50styles＝2,500 pretrain scenes；另10 target layouts各配一style＝10 target scenes。2,500不是2,500 floor plans。","P071: PDF 1,2,3,4,5,6,7,22","f3e6877b8de3dd471afb6951c1e067729e2a57c53fcb3d6daaa0f4af5080206b"
"P071","RoboCasa365","food","餐飲與烹飪","2026-10-04","false","依已核讀的任務、活動或場景保留用途歸納；原作任務細節與分類依據一起提供。","365＝65 atomic＋300 composite；60活動歸6家族；220任務需mobile、145不需。主要target評測50任務＝18 atomic＋16 seen composite＋16 unseen composite。；50新layouts×50styles＝2,500 pretrain scenes；另10 target layouts各配一style＝10 target scenes。2,500不是2,500 floor plans。","P071: PDF 1,2,3,4,5,6,7,22","f3e6877b8de3dd471afb6951c1e067729e2a57c53fcb3d6daaa0f4af5080206b"
"P072","VLABench","home","居家整理與清潔","2026-10-04","false","依已核讀的任務、活動或場景保留用途歸納；原作任務細節與分類依據一起提供。","100＝60 primitive＋40 composite，10操作skills；包含整理桌面、料理、化學示範、紙牌規則等。；MuJoCo/dm_control程序配置；未提供可直接與住宅數比較的獨立scene總量。","P072: PDF 1,2,4,5,6,7,8,19","9dc4aa5cfa6dcb86a30099eda2482bf45814285a8d6662df624ed79f2382788b"
"P072","VLABench","food","餐飲與烹飪","2026-10-04","false","依已核讀的任務、活動或場景保留用途歸納；原作任務細節與分類依據一起提供。","100＝60 primitive＋40 composite，10操作skills；包含整理桌面、料理、化學示範、紙牌規則等。；MuJoCo/dm_control程序配置；未提供可直接與住宅數比較的獨立scene總量。","P072: PDF 1,2,4,5,6,7,8,19","9dc4aa5cfa6dcb86a30099eda2482bf45814285a8d6662df624ed79f2382788b"
"P072","VLABench","office","辦公與教育","2026-10-04","false","依已核讀的任務、活動或場景保留用途歸納；原作任務細節與分類依據一起提供。","100＝60 primitive＋40 composite，10操作skills；包含整理桌面、料理、化學示範、紙牌規則等。；MuJoCo/dm_control程序配置；未提供可直接與住宅數比較的獨立scene總量。","P072: PDF 1,2,4,5,6,7,8,19","9dc4aa5cfa6dcb86a30099eda2482bf45814285a8d6662df624ed79f2382788b"
"P072","VLABench","lab","實驗室操作","2026-10-04","false","依已核讀的任務、活動或場景保留用途歸納；原作任務細節與分類依據一起提供。","100＝60 primitive＋40 composite，10操作skills；包含整理桌面、料理、化學示範、紙牌規則等。；MuJoCo/dm_control程序配置；未提供可直接與住宅數比較的獨立scene總量。","P072: PDF 1,2,4,5,6,7,8,19","9dc4aa5cfa6dcb86a30099eda2482bf45814285a8d6662df624ed79f2382788b"
"P072","VLABench","leisure","休閒與運動","2026-10-04","false","依已核讀的任務、活動或場景保留用途歸納；原作任務細節與分類依據一起提供。","100＝60 primitive＋40 composite，10操作skills；包含整理桌面、料理、化學示範、紙牌規則等。；MuJoCo/dm_control程序配置；未提供可直接與住宅數比較的獨立scene總量。","P072: PDF 1,2,4,5,6,7,8,19","9dc4aa5cfa6dcb86a30099eda2482bf45814285a8d6662df624ed79f2382788b"
"P073","RoboTwin","home","居家整理與清潔","2026-10-04","true","從杯子擺放、蘋果收納、掃除、鎚擊與人際互動資料歸納，保留每種用途所對應的任務範圍。","Empty Cup Place；Apple Cabinet Storage；Block Sweep","P073: PDF 8","2c289e8ac5352f42de2908b166176fe6d01f045fbb4fb7214134a63e7c432c4f"
"P073","RoboTwin","food","餐飲與烹飪","2026-10-04","true","從杯子擺放、蘋果收納、掃除、鎚擊與人際互動資料歸納，保留每種用途所對應的任務範圍。","Empty Cup Place；Apple Cabinet Storage；Block Sweep","P073: PDF 8","2c289e8ac5352f42de2908b166176fe6d01f045fbb4fb7214134a63e7c432c4f"
"P073","RoboTwin","craft","工藝與修繕","2026-10-04","true","從杯子擺放、蘋果收納、掃除、鎚擊與人際互動資料歸納，保留每種用途所對應的任務範圍。","Block Hammer Beat；依鎚子功能部位生成姿態","P073: PDF 5,8","2c289e8ac5352f42de2908b166176fe6d01f045fbb4fb7214134a63e7c432c4f"
"P073","RoboTwin","assistance","協助、交接與陪伴","2026-10-04","true","從杯子擺放、蘋果收納、掃除、鎚擊與人際互動資料歸納，保留每種用途所對應的任務範圍。","17項資料任務中作者明列5項人際互動","P073: PDF 8","2c289e8ac5352f42de2908b166176fe6d01f045fbb4fb7214134a63e7c432c4f"
"P074","RoboTwin 2.0","home","居家整理與清潔","2026-10-04","false","依已核讀的任務、活動或場景保留用途歸納；原作任務細節與分類依據一起提供。","50 benchmark tasks；另外真實實驗4task×4conditions；RoboTwin-OD 147類731物件。；雙臂桌面程序配置；Easy/Hard為clutter／光照／texture／高度分布，不是兩個生活domain。","P074: PDF 1,2,3,6,10,11,19","316ae82a97968e1a2d88540665401645a190d2699d7d8652e8fc0053ba609bda"
"P075","VIMA","home","居家整理與清潔","2026-10-04","false","依已核讀的任務、活動或場景保留用途歸納；原作任務細節與分類依據一起提供。","17task templates歸6非互斥類：物件操作、視覺goal、新概念、示範模仿、視覺約束、推理／記憶。；Ravens桌面平台，物件／材質／位置程序變化；未報多房屋環境數。","P075: PDF 1,2,3,5,6,8,34,37","cf849f80368749b0310b43117519ce0abff3e8ae49744e78c4a29b9d17f0695f"
"P075","VIMA","general","通用物件與機動作業","2026-10-04","false","依已核讀的任務、活動或場景保留用途歸納；原作任務細節與分類依據一起提供。","依視覺提示搬移物件、匹配目標、模仿與避開限制。","P075: PDF 1,2,3,5,6,8,34,37","cf849f80368749b0310b43117519ce0abff3e8ae49744e78c4a29b9d17f0695f"
"P076","Ravens / Transporter Networks","home","居家整理與清潔","2026-10-04","false","依已核讀的任務、活動或場景保留用途歸納；原作任務細節與分類依據一起提供。","10task：block insertion、red-in-green、Hanoi、align corner、pyramid、palletizing、kits、packing、rope、sweeping。；UR5e＋0.5×1m桌面，3 RGB-D視角；real kit assembly／sweeping為額外實驗。","P076: PDF 1,5,6,7,8","3a5e78b5c8881863845c46bda0bf8c9071aa79a59a6f9a9f4d8732690482b228"
"P076","Ravens / Transporter Networks","industry","裝配與生產作業","2026-10-04","false","依已核讀的任務、活動或場景保留用途歸納；原作任務細節與分類依據一起提供。","10task：block insertion、red-in-green、Hanoi、align corner、pyramid、palletizing、kits、packing、rope、sweeping。；UR5e＋0.5×1m桌面，3 RGB-D視角；real kit assembly／sweeping為額外實驗。","P076: PDF 1,5,6,7,8","3a5e78b5c8881863845c46bda0bf8c9071aa79a59a6f9a9f4d8732690482b228"
"P076","Ravens / Transporter Networks","logistics","包裝、倉儲與物流","2026-10-04","false","依已核讀的任務、活動或場景保留用途歸納；原作任務細節與分類依據一起提供。","10task：block insertion、red-in-green、Hanoi、align corner、pyramid、palletizing、kits、packing、rope、sweeping。；UR5e＋0.5×1m桌面，3 RGB-D視角；real kit assembly／sweeping為額外實驗。","P076: PDF 1,5,6,7,8","3a5e78b5c8881863845c46bda0bf8c9071aa79a59a6f9a9f4d8732690482b228"
"P076","Ravens / Transporter Networks","general","通用物件與機動作業","2026-10-04","false","依已核讀的任務、活動或場景保留用途歸納；原作任務細節與分類依據一起提供。","幾何插入、Hanoi、對齊等通用題與packing／palletizing並存。","P076: PDF 1,5,6,7,8","3a5e78b5c8881863845c46bda0bf8c9071aa79a59a6f9a9f4d8732690482b228"
"P079","FMB","industry","裝配與生產作業","2026-10-04","false","依已核讀的任務、活動或場景保留用途歸納；原作任務細節與分類依據一起提供。","functional grasp／reposition／insert三大能力；single-object與multi-object兩類流程，3套multi-object互鎖裝配。表1有6個primitive。；可重製Franka工作站，物件與board初態依規定區域和姿態；不是66個環境。","P079: PDF 1,3,4,5,7,8,10,12","c0d7c39378cfc46b87289276d517c5e9ef6aa5932fece6c5d2b0b4a4f120f9e8"
"P080","DexArt","home","居家整理與清潔","2026-10-04","false","依已核讀的任務、活動或場景保留用途歸納；原作任務細節與分類依據一起提供。","Faucet、Bucket、Laptop、Toilet四task；資產18／19／17／28，共82。；SAPIEN中XArm6＋16DoF Allegro；物件資產不同，非多house layout。","P080: PDF 1,2,3,4,5,6","44354c0496a14f9ef90e19cd93f1521075adb6daff5f0a882cc045a649fbff7e"
"P081","ARNOLD","home","居家整理與清潔","2026-10-04","false","依已核讀的任務、活動或場景保留用途歸納；原作任務細節與分類依據一起提供。","8task×各4個數量goal（保留1個novel state）；抬物、重定向、開關drawer/cabinet、pour／transfer water。；20個scene、40物件；Isaac Sim／PhysX5、固定Panda base。","P081: PDF 1,3,4,5,6,8","5a2b6c0126bde99772c888036524fd071cf3890034be184e26c437bd42f50fdb"
"P081","ARNOLD","general","通用物件與機動作業","2026-10-04","false","依已核讀的任務、活動或場景保留用途歸納；原作任務細節與分類依據一起提供。","以數量化目標控制位置、方向、關節及水量。","P081: PDF 1,3,4,5,6,8","5a2b6c0126bde99772c888036524fd071cf3890034be184e26c437bd42f50fdb"
"P082","RoboVerse","home","居家整理與清潔","2026-10-04","false","依已核讀的任務、活動或場景保留用途歸納；原作任務細節與分類依據一起提供。","表I遷移276 manipulation task categories，另導航／人形。RLBench取80、CALVIN7、LIBERO10等為其遷移子集，不是全源benchmark相加。；操作多底座遷移；導航重用90個Matterport3D scenes；59camera候選不是59環境。","P082: PDF 1,2,3,5,6,7,8,9,10,34","8c0cb543ef3f0c9a033f06cbbd73a86f2f1177029751e72e86a54d366c355008"
"P082","RoboVerse","garment","衣物與洗護","2026-10-04","false","依已核讀的任務、活動或場景保留用途歸納；原作任務細節與分類依據一起提供。","表I遷移276 manipulation task categories，另導航／人形。RLBench取80、CALVIN7、LIBERO10等為其遷移子集，不是全源benchmark相加。；操作多底座遷移；導航重用90個Matterport3D scenes；59camera候選不是59環境。","P082: PDF 1,2,3,5,6,7,8,9,10,34","8c0cb543ef3f0c9a033f06cbbd73a86f2f1177029751e72e86a54d366c355008"
"P082","RoboVerse","industry","裝配與生產作業","2026-10-04","false","依已核讀的任務、活動或場景保留用途歸納；原作任務細節與分類依據一起提供。","表I遷移276 manipulation task categories，另導航／人形。RLBench取80、CALVIN7、LIBERO10等為其遷移子集，不是全源benchmark相加。；操作多底座遷移；導航重用90個Matterport3D scenes；59camera候選不是59環境。","P082: PDF 1,2,3,5,6,7,8,9,10,34","8c0cb543ef3f0c9a033f06cbbd73a86f2f1177029751e72e86a54d366c355008"
"P082","RoboVerse","general","通用物件與機動作業","2026-10-04","false","依已核讀的任務、活動或場景保留用途歸納；原作任務細節與分類依據一起提供。","多來源操作／導航／人形技能的跨機體通用作業整合。","P082: PDF 1,2,3,5,6,7,8,9,10,34","8c0cb543ef3f0c9a033f06cbbd73a86f2f1177029751e72e86a54d366c355008"
"P083","RoboDojo","home","居家整理與清潔","2026-10-04","false","依已核讀的任務、活動或場景保留用途歸納；原作任務細節與分類依據一起提供。","42simulation tasks（12 generalization、6 memory、8 long、8 precision、8 open）＋18real tasks；同名/同goal的sim/real不能先假定60語義去重任務。；Isaac Sim雙臂工作站和3類真機平台；各task有公共reset layouts和hidden驗證布局。","P083: PDF 1,2,3,4,5,6,7,8,9,16,28,45","e07c215f30169dde6a792c34b046b1f54818d09331763988732dcf9ead89a9d4"
"P083","RoboDojo","garment","衣物與洗護","2026-10-04","false","依已核讀的任務、活動或場景保留用途歸納；原作任務細節與分類依據一起提供。","42simulation tasks（12 generalization、6 memory、8 long、8 precision、8 open）＋18real tasks；同名/同goal的sim/real不能先假定60語義去重任務。；Isaac Sim雙臂工作站和3類真機平台；各task有公共reset layouts和hidden驗證布局。","P083: PDF 1,2,3,4,5,6,7,8,9,16,28,45","e07c215f30169dde6a792c34b046b1f54818d09331763988732dcf9ead89a9d4"
"P083","RoboDojo","industry","裝配與生產作業","2026-10-04","false","依已核讀的任務、活動或場景保留用途歸納；原作任務細節與分類依據一起提供。","42simulation tasks（12 generalization、6 memory、8 long、8 precision、8 open）＋18real tasks；同名/同goal的sim/real不能先假定60語義去重任務。；Isaac Sim雙臂工作站和3類真機平台；各task有公共reset layouts和hidden驗證布局。","P083: PDF 1,2,3,4,5,6,7,8,9,16,28,45","e07c215f30169dde6a792c34b046b1f54818d09331763988732dcf9ead89a9d4"
"P083","RoboDojo","general","通用物件與機動作業","2026-10-04","false","依已核讀的任務、活動或場景保留用途歸納；原作任務細節與分類依據一起提供。","42個模擬task含記憶、長流程、精度與泛化作業。","P083: PDF 1,2,3,4,5,6,7,8,9,16,28,45","e07c215f30169dde6a792c34b046b1f54818d09331763988732dcf9ead89a9d4"
"P084","KinDER","home","居家整理與清潔","2026-10-04","false","依已核讀的任務、活動或場景保留用途歸納；原作任務細節與分類依據一起提供。","工具、nonprehensile、多物體、幾何、動力約束；KinDERBench主實驗只取8代表環境，13baselines。；25 procedural task-environments：6 Kinematic2D＋4 Dynamic2D＋5 Kinematic3D＋10 Dynamic3D；不是25生活场域。","P084: PDF 1,3,4,5,6,7,14","39d1283a971b7b903edb7885cabdc9dea9c412bd3cfcc8431f0c39154ba44900"
"P084","KinDER","logistics","包裝、倉儲與物流","2026-10-04","false","依已核讀的任務、活動或場景保留用途歸納；原作任務細節與分類依據一起提供。","工具、nonprehensile、多物體、幾何、動力約束；KinDERBench主實驗只取8代表環境，13baselines。；25 procedural task-environments：6 Kinematic2D＋4 Dynamic2D＋5 Kinematic3D＋10 Dynamic3D；不是25生活场域。","P084: PDF 1,3,4,5,6,7,14","39d1283a971b7b903edb7885cabdc9dea9c412bd3cfcc8431f0c39154ba44900"
"P084","KinDER","general","通用物件與機動作業","2026-10-04","false","依已核讀的任務、活動或場景保留用途歸納；原作任務細節與分類依據一起提供。","工具、幾何、動力與多物件控制的代表性問題。","P084: PDF 1,3,4,5,6,7,14","39d1283a971b7b903edb7885cabdc9dea9c412bd3cfcc8431f0c39154ba44900"
"P085","SoftGym","garment","衣物與洗護","2026-10-04","false","依已核讀的任務、活動或場景保留用途歸納；原作任務細節與分類依據一起提供。","10任務＝6 Medium（transport/pour water、straighten rope、spread/fold/drop cloth）＋4 Hard（pour amount、fold crumpled、drop-fold、rope configuration）。；FleX程序物理環境；主Medium/Hard直接控制picker或杯子，非完整手臂；SoftGym-Robot另列。","P085: PDF 1,3,4,5,6,7,8,14","0e0bd8b74b7d8b3aa1a203694debf47d425adbfe2eab8bf4555b198525e89903"
"P086","DeformableRavens","garment","衣物與洗護","2026-10-04","false","依已核讀的任務、活動或場景保留用途歸納；原作任務細節與分類依據一起提供。","12＝5 cable、3 fabric、4 bag；有goal image和無goal圖兩種設定，bag含打開→裝物→搬運。；共用UR5桌面，PyBullet繩索／布料／袋子；理想nearest-vertex抓持。","P086: PDF 1,3,4,5,6,7,13,14","7227984ec317cff8190a29c2f53794d0e399fbbb7ed78c8ee21c7b27f78d65f8"
"P086","DeformableRavens","logistics","包裝、倉儲與物流","2026-10-04","false","依已核讀的任務、活動或場景保留用途歸納；原作任務細節與分類依據一起提供。","12＝5 cable、3 fabric、4 bag；有goal image和無goal圖兩種設定，bag含打開→裝物→搬運。；共用UR5桌面，PyBullet繩索／布料／袋子；理想nearest-vertex抓持。","P086: PDF 1,3,4,5,6,7,13,14","7227984ec317cff8190a29c2f53794d0e399fbbb7ed78c8ee21c7b27f78d65f8"
"P087","GarmentLab","home","居家整理與清潔","2026-10-04","false","依已核讀的任務、活動或場景保留用途歸納；原作任務細節與分類依據一起提供。","20tasks歸5interaction groups：garment-garment/fluid/FEM/rigid/avatar；含摺、展、掛、吹乾、洗、收納、穿衣。；20scene與9,000+object models資產庫；PhysX多物理方法，scene/asset數不等於實評數。","P087: PDF 1,2,3,4,5,6,7,8,9,16,17,20","8b0cea58cae1f425754a11a328f6082eafc8066dd93300c8255ba4ae17ffa999"
"P087","GarmentLab","garment","衣物與洗護","2026-10-04","false","依已核讀的任務、活動或場景保留用途歸納；原作任務細節與分類依據一起提供。","20tasks歸5interaction groups：garment-garment/fluid/FEM/rigid/avatar；含摺、展、掛、吹乾、洗、收納、穿衣。；20scene與9,000+object models資產庫；PhysX多物理方法，scene/asset數不等於實評數。","P087: PDF 1,2,3,4,5,6,7,8,9,16,17,20","8b0cea58cae1f425754a11a328f6082eafc8066dd93300c8255ba4ae17ffa999"
"P087","GarmentLab","care","個人照護","2026-10-04","false","依已核讀的任務、活動或場景保留用途歸納；原作任務細節與分類依據一起提供。","20tasks歸5interaction groups：garment-garment/fluid/FEM/rigid/avatar；含摺、展、掛、吹乾、洗、收納、穿衣。；20scene與9,000+object models資產庫；PhysX多物理方法，scene/asset數不等於實評數。","P087: PDF 1,2,3,4,5,6,7,8,9,16,17,20","8b0cea58cae1f425754a11a328f6082eafc8066dd93300c8255ba4ae17ffa999"
"P092","ICRA cloth competition","garment","衣物與洗護","2026-10-04","false","依已核讀的任務、活動或場景保留用途歸納；原作任務細節與分類依據一起提供。","1個核心任務：懸掛布料選grasp後stretch展開；34garment items不是34task。；雙UR5e＋單stereo camera標準工作站；訓練在lab、比賽在會場，cloth初態無法精確複製。","P092: PDF 1,2,5,6,7,8,11","c44a1dff77f6fe471123e7e70b03b6735ed494e18190396a44c5c4232962b274"
"P093","MoDeSuite","home","居家整理與清潔","2026-10-04","false","依已核讀的任務、活動或場景保留用途歸納；原作任務細節與分類依據一起提供。","8＝新5elastic（Place/Bend/Transport/Drag/Lift）＋3既有cloth-like（Cover/Uncover/Curtain）；需base與arm協同。；IsaacSim／PhysX；Ridgeback-Franka與Spot arm，走廊／桌面配置。","P093: PDF 1,3,4,5,6","7487d599b51f5e6b76f91382e89b71c431f6314db66766625b35dda08d345dca"
"P093","MoDeSuite","garment","衣物與洗護","2026-10-04","false","依已核讀的任務、活動或場景保留用途歸納；原作任務細節與分類依據一起提供。","8＝新5elastic（Place/Bend/Transport/Drag/Lift）＋3既有cloth-like（Cover/Uncover/Curtain）；需base與arm協同。；IsaacSim／PhysX；Ridgeback-Franka與Spot arm，走廊／桌面配置。","P093: PDF 1,3,4,5,6","7487d599b51f5e6b76f91382e89b71c431f6314db66766625b35dda08d345dca"
"P094","R2R / VLN","home","居家整理與清潔","2026-10-04","false","依已核讀的任務、活動或場景保留用途歸納；原作任務細節與分類依據一起提供。","1個指令導航task family；7,189 route goals、21,567語言指令（通常每path3條）。；90個Matterport3D建築scene；panorama graph離散移動，非真輪式動力學。","P094: PDF 1,2,4,5,6,7","b7589865ee573d4753ee9e25bdc494cbbb199e6ec17d0a349091aed0fd86c420"
"P094","R2R / VLN","office","辦公與教育","2026-10-04","false","依已核讀的任務、活動或場景保留用途歸納；原作任務細節與分類依據一起提供。","1個指令導航task family；7,189 route goals、21,567語言指令（通常每path3條）。；90個Matterport3D建築scene；panorama graph離散移動，非真輪式動力學。","P094: PDF 1,2,4,5,6,7","b7589865ee573d4753ee9e25bdc494cbbb199e6ec17d0a349091aed0fd86c420"
"P095","RxR","home","居家整理與清潔","2026-10-04","false","依已核讀的任務、活動或場景保留用途歸納；原作任務細節與分類依據一起提供。","16,522 paths；English/Hindi/Telugu三語，同一path有多語／多描述與guide/follower traces。；同Matterport3D90個室內場景；不是比R2R又新增90。","P095: PDF 1,2,3,4,5,6,9","8a964d95106ff267f934acf705a6b0be304a193f84745fe0ad55f51133d61bd8"
"P095","RxR","office","辦公與教育","2026-10-04","false","依已核讀的任務、活動或場景保留用途歸納；原作任務細節與分類依據一起提供。","16,522 paths；English/Hindi/Telugu三語，同一path有多語／多描述與guide/follower traces。；同Matterport3D90個室內場景；不是比R2R又新增90。","P095: PDF 1,2,3,4,5,6,9","8a964d95106ff267f934acf705a6b0be304a193f84745fe0ad55f51133d61bd8"
"P096","ALFRED","home","居家整理與清潔","2026-10-04","false","依已核讀的任務、活動或場景保留用途歸納；原作任務細節與分類依據一起提供。","7types：pick-place、stack-place、pick-two、clean-place、heat-place、cool-place、examine-in-light；2,685 task parameter combinations。；AI2-THOR120 rooms＝kitchen/bathroom/bedroom/living各30；不是120房屋。","P096: PDF 1,2,3,4,7,8","84b314c06de82f5a1ff853676d391e05394a2e517986b03faadcbca325c9ee0b"
"P096","ALFRED","food","餐飲與烹飪","2026-10-04","false","依已核讀的任務、活動或場景保留用途歸納；原作任務細節與分類依據一起提供。","7types：pick-place、stack-place、pick-two、clean-place、heat-place、cool-place、examine-in-light；2,685 task parameter combinations。；AI2-THOR120 rooms＝kitchen/bathroom/bedroom/living各30；不是120房屋。","P096: PDF 1,2,3,4,7,8","84b314c06de82f5a1ff853676d391e05394a2e517986b03faadcbca325c9ee0b"
"P097","TEACh","home","居家整理與清潔","2026-10-04","false","依已核讀的任務、活動或場景保留用途歸納；原作任務細節與分類依據一起提供。","12task types、438參數variants（收集池）；3端點EDH／TfD／TATC，最後一種要同時建模Commander/Follower。；AI2-THOR；表2成功收集池覆蓋109 rooms，重用ALFRED場景與unseen split。","P097: PDF 1,2,3,4,5,6,7,9,21","512d9ea49367fc5ec3559ab9b866c1aaafb015585dd2363bc7e918b20e42e40a"
"P097","TEACh","food","餐飲與烹飪","2026-10-04","false","依已核讀的任務、活動或場景保留用途歸納；原作任務細節與分類依據一起提供。","12task types、438參數variants（收集池）；3端點EDH／TfD／TATC，最後一種要同時建模Commander/Follower。；AI2-THOR；表2成功收集池覆蓋109 rooms，重用ALFRED場景與unseen split。","P097: PDF 1,2,3,4,5,6,7,9,21","512d9ea49367fc5ec3559ab9b866c1aaafb015585dd2363bc7e918b20e42e40a"
"P097","TEACh","assistance","協助、交接與陪伴","2026-10-04","false","依已核讀的任務、活動或場景保留用途歸納；原作任務細節與分類依據一起提供。","Commander／Follower對話協作完成家務。","P097: PDF 1,2,3,4,5,6,7,9,21","512d9ea49367fc5ec3559ab9b866c1aaafb015585dd2363bc7e918b20e42e40a"
"P098","Habitat 2.0","home","居家整理與清潔","2026-10-04","false","依已核讀的任務、活動或場景保留用途歸納；原作任務細節與分類依據一起提供。","HAB3families：TidyHouse、PrepareGroceries、SetTable；另Pick基礎實驗。任務goal為object起終3D位置，不是自然語言理解。；ReplicaCAD111 layouts建立於單一apartment backdrop；正文105新layout variations與原始配置分量需分清，非111獨立住宅。","P098: PDF 1,2,4,5,6,7,9,10,11,29","92f9c30479fe4203f656c218fa228c7e5fd71f23a9821b3afa47e06dbe5ab317"
"P098","Habitat 2.0","food","餐飲與烹飪","2026-10-04","false","依已核讀的任務、活動或場景保留用途歸納；原作任務細節與分類依據一起提供。","HAB3families：TidyHouse、PrepareGroceries、SetTable；另Pick基礎實驗。任務goal為object起終3D位置，不是自然語言理解。；ReplicaCAD111 layouts建立於單一apartment backdrop；正文105新layout variations與原始配置分量需分清，非111獨立住宅。","P098: PDF 1,2,4,5,6,7,9,10,11,29","92f9c30479fe4203f656c218fa228c7e5fd71f23a9821b3afa47e06dbe5ab317"
"P099","HomeRobot","home","居家整理與清潔","2026-10-04","false","依已核讀的任務、活動或場景保留用途歸納；原作任務細節與分類依據一起提供。","1個OVMM family：find object→pick→find receptacle→place；129物件類別與21receptacle類，不是129/21個新任務。；HSSD原庫200+，本文實驗只用60scenes＝38train/12val/10test；real為1個3-room apartment。","P099: PDF 1,2,4,5,6,7,17,18,19,20,24,27","518b6ba6f64a2c51a1bda3b92902e6ad0d2cbf5567d6d07e93207a28155d61e3"
"P100","BEHAVIOR-1K","home","居家整理與清潔","2026-10-04","false","依已核讀的任務、活動或場景保留用途歸納；原作任務細節與分類依據一起提供。","1,000 BDDL activities＝人類需求排序選909＋沿用BEHAVIOR100的91項；2,090是survey候選池，不是已實作任務。；50scenes／373rooms／8scene types；包含house、garden、restaurant、office等；不能把rooms和scenes相加。","P100: PDF 1,2,3,4,6,7,20,24","ab4033f3e8a8187ad2cfdf11f1979d33996ecce1e81fa3d62af33a92bbb17a2b"
"P100","BEHAVIOR-1K","food","餐飲與烹飪","2026-10-04","false","依已核讀的任務、活動或場景保留用途歸納；原作任務細節與分類依據一起提供。","1,000 BDDL activities＝人類需求排序選909＋沿用BEHAVIOR100的91項；2,090是survey候選池，不是已實作任務。；50scenes／373rooms／8scene types；包含house、garden、restaurant、office等；不能把rooms和scenes相加。","P100: PDF 1,2,3,4,6,7,20,24","ab4033f3e8a8187ad2cfdf11f1979d33996ecce1e81fa3d62af33a92bbb17a2b"
"P100","BEHAVIOR-1K","garment","衣物與洗護","2026-10-04","false","依已核讀的任務、活動或場景保留用途歸納；原作任務細節與分類依據一起提供。","1,000 BDDL activities＝人類需求排序選909＋沿用BEHAVIOR100的91項；2,090是survey候選池，不是已實作任務。；50scenes／373rooms／8scene types；包含house、garden、restaurant、office等；不能把rooms和scenes相加。","P100: PDF 1,2,3,4,6,7,20,24","ab4033f3e8a8187ad2cfdf11f1979d33996ecce1e81fa3d62af33a92bbb17a2b"
"P100","BEHAVIOR-1K","office","辦公與教育","2026-10-04","false","依已核讀的任務、活動或場景保留用途歸納；原作任務細節與分類依據一起提供。","1,000 BDDL activities＝人類需求排序選909＋沿用BEHAVIOR100的91項；2,090是survey候選池，不是已實作任務。；50scenes／373rooms／8scene types；包含house、garden、restaurant、office等；不能把rooms和scenes相加。","P100: PDF 1,2,3,4,6,7,20,24","ab4033f3e8a8187ad2cfdf11f1979d33996ecce1e81fa3d62af33a92bbb17a2b"
"P100","BEHAVIOR-1K","retail","零售與購物","2026-10-04","false","依已核讀的任務、活動或場景保留用途歸納；原作任務細節與分類依據一起提供。","1,000 BDDL activities＝人類需求排序選909＋沿用BEHAVIOR100的91項；2,090是survey候選池，不是已實作任務。；50scenes／373rooms／8scene types；包含house、garden、restaurant、office等；不能把rooms和scenes相加。","P100: PDF 1,2,3,4,6,7,20,24","ab4033f3e8a8187ad2cfdf11f1979d33996ecce1e81fa3d62af33a92bbb17a2b"
"P100","BEHAVIOR-1K","garden","農業與園藝","2026-10-04","false","依已核讀的任務、活動或場景保留用途歸納；原作任務細節與分類依據一起提供。","1,000 BDDL activities＝人類需求排序選909＋沿用BEHAVIOR100的91項；2,090是survey候選池，不是已實作任務。；50scenes／373rooms／8scene types；包含house、garden、restaurant、office等；不能把rooms和scenes相加。","P100: PDF 1,2,3,4,6,7,20,24","ab4033f3e8a8187ad2cfdf11f1979d33996ecce1e81fa3d62af33a92bbb17a2b"
"P101","Embodied Agent Interface","home","居家整理與清潔","2026-10-04","false","依已核讀的任務、活動或場景保留用途歸納；原作任務細節與分類依據一起提供。","4 modules：goal interpretation、subgoal decomposition、action sequencing、transition modeling。VirtualHome表2為26task names／338instructions；BEHAVIOR100為100。；VirtualHome與EvalGibson兩後端；EvalGibson為BEHAVIOR100建立的符號transition simulator，不是BEHAVIOR1K全物理執行。","P101: PDF 1,4,5,6,7,21,89,90,102,103","d10c7fee3594c88ff9f6a061a68b64a380a82d36c6652f3b08c42179044e2a9f"
"P101","Embodied Agent Interface","food","餐飲與烹飪","2026-10-04","false","依已核讀的任務、活動或場景保留用途歸納；原作任務細節與分類依據一起提供。","4 modules：goal interpretation、subgoal decomposition、action sequencing、transition modeling。VirtualHome表2為26task names／338instructions；BEHAVIOR100為100。；VirtualHome與EvalGibson兩後端；EvalGibson為BEHAVIOR100建立的符號transition simulator，不是BEHAVIOR1K全物理執行。","P101: PDF 1,4,5,6,7,21,89,90,102,103","d10c7fee3594c88ff9f6a061a68b64a380a82d36c6652f3b08c42179044e2a9f"
"P101","Embodied Agent Interface","office","辦公與教育","2026-10-04","false","依已核讀的任務、活動或場景保留用途歸納；原作任務細節與分類依據一起提供。","4 modules：goal interpretation、subgoal decomposition、action sequencing、transition modeling。VirtualHome表2為26task names／338instructions；BEHAVIOR100為100。；VirtualHome與EvalGibson兩後端；EvalGibson為BEHAVIOR100建立的符號transition simulator，不是BEHAVIOR1K全物理執行。","P101: PDF 1,4,5,6,7,21,89,90,102,103","d10c7fee3594c88ff9f6a061a68b64a380a82d36c6652f3b08c42179044e2a9f"
"P102","NavVerse","public","公共場館與服務","2026-10-04","false","依已核讀的任務、活動或場景保留用途歸納；原作任務細節與分類依據一起提供。","ObjNav／PlaceNav／VLN三類；PlaceNav沒有純室內split，不能機械做3×3完整coverage。；100 indoor GRScenes＋50 outdoor城市＋50 indoor-outdoor組合；混合scene重用前兩組幾何，不是200獨立底層環境。","P102: PDF 1,2,3,4,5,6,8,12,13","9e578a0112fb1c6b3969bc02b262c7f35fa90e3321692f5dfa0ad033fef1fc68"
"P103","Follow-Bench","logistics","包裝、倉儲與物流","2026-10-04","true","跟隨指定人是陪伴服務；原作亦明列照護、巡邏、導覽與物流的應用方向。","eldercare；security patrols／guided tours；logistics","P103: PDF 1","d0c3862a5ceea33af287b35df24c711ee5e923e829b298b2688ed9c280e18ace"
"P103","Follow-Bench","care","個人照護","2026-10-04","true","跟隨指定人是陪伴服務；原作亦明列照護、巡邏、導覽與物流的應用方向。","eldercare；security patrols／guided tours；logistics","P103: PDF 1","d0c3862a5ceea33af287b35df24c711ee5e923e829b298b2688ed9c280e18ace"
"P103","Follow-Bench","public","公共場館與服務","2026-10-04","true","跟隨指定人是陪伴服務；原作亦明列照護、巡邏、導覽與物流的應用方向。","eldercare；security patrols／guided tours；logistics","P103: PDF 1","d0c3862a5ceea33af287b35df24c711ee5e923e829b298b2688ed9c280e18ace"
"P103","Follow-Bench","assistance","協助、交接與陪伴","2026-10-04","true","跟隨指定人是陪伴服務；原作亦明列照護、巡邏、導覽與物流的應用方向。","持續跟隨指定人；在人群與轉角維持距離、重新找回目標","P103: PDF 1,6","d0c3862a5ceea33af287b35df24c711ee5e923e829b298b2688ed9c280e18ace"
"P104","SIMPLER","home","居家整理與清潔","2026-10-04","false","依已核讀的任務、活動或場景保留用途歸納；原作任務細節與分類依據一起提供。","Google圖6四組（pick、move-near、open/close drawer、open+place）；WidowX圖7四組放置／堆疊，含grasp子項。原作按group而非唯一語義task計。；2個real robot setups：Google Robot與WidowX/Bridge；4 robot texture版本是視覺補償，不是4個新環境。","P104: PDF 1,3,4,5,6,7,8,18,20","6a9481f3c0fc43fa6736e5f5fc8ddb72ebf05aad7dbd0ff31721e4d6bffec9e5"
"P105","LIBERO-Plus","home","居家整理與清潔","2026-10-04","true","LIBERO-Plus改變觀測與初態條件，未改掉原任務的餐具擺放、廚房設備及收納用途。","沿用LIBERO的目標，改變相機、語言、燈光、材質與物件布局；廚房／桌面物件取放、餐具與收納目標","P105: PDF 2 | P064: PDF 3,4","661de08e0ed1bb4bb4774177cac9fafa94f06b5385fa2f4107a1927b9a4aada7"
"P105","LIBERO-Plus","food","餐飲與烹飪","2026-10-04","true","LIBERO-Plus改變觀測與初態條件，未改掉原任務的餐具擺放、廚房設備及收納用途。","沿用LIBERO的目標，改變相機、語言、燈光、材質與物件布局；廚房／桌面物件取放、餐具與收納目標","P105: PDF 2 | P064: PDF 3,4","661de08e0ed1bb4bb4774177cac9fafa94f06b5385fa2f4107a1927b9a4aada7"
"P106","MetaWorld+","home","居家整理與清潔","2026-10-04","true","MetaWorld+保留原50項任務並修正版本和評測協定，因此沿用具體任務支持的用途。","原50項Sawyer任務；door／drawer／coffee／assembly／pick-place；開關門窗／抽屜、水龍頭、掃除與上架","P106: PDF 4 | P063: PDF 18","60d7c336669aaab9834d2e8a6156b410b5cfa28c0c7fe3da0b1da6881af9fc33"
"P106","MetaWorld+","food","餐飲與烹飪","2026-10-04","true","MetaWorld+保留原50項任務並修正版本和評測協定，因此沿用具體任務支持的用途。","原50項Sawyer任務；door／drawer／coffee／assembly／pick-place；咖啡機按鈕、杯子移入／移出咖啡機、餐盤取放","P106: PDF 4 | P063: PDF 18","60d7c336669aaab9834d2e8a6156b410b5cfa28c0c7fe3da0b1da6881af9fc33"
"P106","MetaWorld+","craft","工藝與修繕","2026-10-04","true","MetaWorld+保留原50項任務並修正版本和評測協定，因此沿用具體任務支持的用途。","原50項Sawyer任務；door／drawer／coffee／assembly／pick-place；鎚打螺絲、螺帽裝卸、插栓與拔栓","P106: PDF 4 | P063: PDF 18","60d7c336669aaab9834d2e8a6156b410b5cfa28c0c7fe3da0b1da6881af9fc33"
"P106","MetaWorld+","industry","裝配與生產作業","2026-10-04","true","MetaWorld+保留原50項任務並修正版本和評測協定，因此沿用具體任務支持的用途。","原50項Sawyer任務；door／drawer／coffee／assembly／pick-place；鎚打螺絲、螺帽裝卸、插栓與拔栓","P106: PDF 4 | P063: PDF 18","60d7c336669aaab9834d2e8a6156b410b5cfa28c0c7fe3da0b1da6881af9fc33"
"P106","MetaWorld+","leisure","休閒與運動","2026-10-04","true","MetaWorld+保留原50項任務並修正版本和評測協定，因此沿用具體任務支持的用途。","原50項Sawyer任務；door／drawer／coffee／assembly／pick-place；籃球入框、足球入門的簡化任務","P106: PDF 4 | P063: PDF 18","60d7c336669aaab9834d2e8a6156b410b5cfa28c0c7fe3da0b1da6881af9fc33"
"P106","MetaWorld+","general","通用物件與機動作業","2026-10-04","true","MetaWorld+保留原50項任務並修正版本和評測協定，因此沿用具體任務支持的用途。","原50項Sawyer任務；door／drawer／coffee／assembly／pick-place；伸手至座標、推／拉puck、繞障取放","P106: PDF 4 | P063: PDF 18","60d7c336669aaab9834d2e8a6156b410b5cfa28c0c7fe3da0b1da6881af9fc33"
"P107","COLOSSEUM","home","居家整理與清潔","2026-10-04","false","依已核讀的任務、活動或場景保留用途歸納；原作任務細節與分類依據一起提供。","20基本操作tasks、14perturbation factors；原文20,371 unique task instances為生成配置規模。；RLBench/PyRep場景，外觀、camera、質量與friction擾動；不是20,371獨立房屋。","P107: PDF 1,4,5,6,7,9,18","ae71956329278bc299039eaa133876b4b132772081418a26c733c4810169edf2"
"P107","COLOSSEUM","general","通用物件與機動作業","2026-10-04","false","依已核讀的任務、活動或場景保留用途歸納；原作任務細節與分類依據一起提供。","20個基本操作task上的物件／場景擾動。","P107: PDF 1,4,5,6,7,9,18","ae71956329278bc299039eaa133876b4b132772081418a26c733c4810169edf2"
"P108","RoboArena","home","居家整理與清潔","2026-10-04","false","依已核讀的任務、活動或場景保留用途歸納；原作任務細節與分類依據一起提供。","開放指令集合，涵蓋數百task instructions；不是固定17task，17是外部窄基準比較。；7個學術機構使用DROID平台，evaluators自行選scene/task；沒有固定封閉的環境總數。","P108: PDF 1,4,5,6,7,8","0f793633ba5767b6e93f01056dcd5c3357dabcaf70844cd0a157a364fa843698"
"P108","RoboArena","food","餐飲與烹飪","2026-10-04","false","依已核讀的任務、活動或場景保留用途歸納；原作任務細節與分類依據一起提供。","開放指令集合，涵蓋數百task instructions；不是固定17task，17是外部窄基準比較。；7個學術機構使用DROID平台，evaluators自行選scene/task；沒有固定封閉的環境總數。","P108: PDF 1,4,5,6,7,8","0f793633ba5767b6e93f01056dcd5c3357dabcaf70844cd0a157a364fa843698"
"P109","REFLECT / RoboFail","home","居家整理與清潔","2026-10-04","false","依已核讀的任務、活動或場景保留用途歸納；原作任務細節與分類依據一起提供。","10simulation tasks、11real tasks；規劃失敗與執行失敗兩大群。；AI2-THOR simulation與UR5e toy kitchen；sim用GT物件／狀態辨識，real靠感知。","P109: PDF 1,2,4,5,6,7","6018e97d117acefc2b31a0df616b29eb479b95035bf47ea2fd5882a6631ae6c3"
"P109","REFLECT / RoboFail","food","餐飲與烹飪","2026-10-04","false","依已核讀的任務、活動或場景保留用途歸納；原作任務細節與分類依據一起提供。","10simulation tasks、11real tasks；規劃失敗與執行失敗兩大群。；AI2-THOR simulation與UR5e toy kitchen；sim用GT物件／狀態辨識，real靠感知。","P109: PDF 1,2,4,5,6,7","6018e97d117acefc2b31a0df616b29eb479b95035bf47ea2fd5882a6631ae6c3"
"P111","RoboReward","home","居家整理與清潔","2026-10-04","false","依已核讀的任務、活動或場景保留用途歸納；原作任務細節與分類依據一起提供。","給task description＋rollout video預測1–5progress；反事實重寫指令和截短影片擴增負例，不自動新增實體失敗任務。；多OXE來源與RoboArena實拍；14embodiments是機體種類，非14生活環境。","P111: PDF 1,2,3,6,7,8,9,22,27","601200a96f8e30137cd3166d6d330ff9ff2ceb0de6a4c43949d808e6e9c0d29a"
"P112","EgoOops","craft","工藝與修繕","2026-10-04","false","依已核讀的任務、活動或場景保留用途歸納；原作任務細節與分類依據一起提供。","5task：電路、混色、離子反應、積木、紙板工藝；6執行錯誤類型，未涵蓋所有順序／漏步錯誤。；固定坐姿工作站，原物件／工具／程序文字位置固定；4名學生佩戴ego camera。","P112: PDF 1,3,4,6,7,15","fcf3b48c7dea45c46f41391de07a874453ef74d8762655f4104e34d8dfa9bb23"
"P112","EgoOops","industry","裝配與生產作業","2026-10-04","false","依已核讀的任務、活動或場景保留用途歸納；原作任務細節與分類依據一起提供。","5task：電路、混色、離子反應、積木、紙板工藝；6執行錯誤類型，未涵蓋所有順序／漏步錯誤。；固定坐姿工作站，原物件／工具／程序文字位置固定；4名學生佩戴ego camera。","P112: PDF 1,3,4,6,7,15","fcf3b48c7dea45c46f41391de07a874453ef74d8762655f4104e34d8dfa9bb23"
"P112","EgoOops","lab","實驗室操作","2026-10-04","false","依已核讀的任務、活動或場景保留用途歸納；原作任務細節與分類依據一起提供。","5task：電路、混色、離子反應、積木、紙板工藝；6執行錯誤類型，未涵蓋所有順序／漏步錯誤。；固定坐姿工作站，原物件／工具／程序文字位置固定；4名學生佩戴ego camera。","P112: PDF 1,3,4,6,7,15","fcf3b48c7dea45c46f41391de07a874453ef74d8762655f4104e34d8dfa9bb23"
"P113","REPAIR-Bench","medical","醫療與手術支援","2026-10-04","false","依已核讀的任務、活動或場景保留用途歸納；原作任務細節與分類依據一起提供。","3端點：失敗時刻、失敗類型、使用者偏好恢復策略；4誘發failure conditions＋success。；lab與hospital的crash-cart guidance互動；不是完整醫療操作或手術任務。","P113: PDF 1,2,3,4,5,6","c63b11a21f43bad4c9a0709836fb1f9ca225602ea2192d55be74dd59ea385cfd"
"P113","REPAIR-Bench","assistance","協助、交接與陪伴","2026-10-04","false","依已核讀的任務、活動或場景保留用途歸納；原作任務細節與分類依據一起提供。","互動失敗後辨識使用者偏好的恢復策略。","P113: PDF 1,2,3,4,5,6","c63b11a21f43bad4c9a0709836fb1f9ca225602ea2192d55be74dd59ea385cfd"
"P114","RobotArena infinity","home","居家整理與清潔","2026-10-04","false","依已核讀的任務、活動或場景保留用途歸納；原作任務細節與分類依據一起提供。","由真實demo生成task＋digital twin，再擾動初態/texture；未給共同語義task類別總數。；BridgeSim70環境；另DROIDSim、RH20TSim。總量僅概述hundreds，不能用70代稱三套全庫。","P114: PDF 1,3,5,6,7,8,9,25","d08b1e9db69b3e2efbb9e51be4044370272927d0d53c97807368bfdb42892ba9"
"P115","RoboMME-Interference","industry","裝配與生產作業","2026-10-04","true","依示範選物、搬方塊、重畫路徑與插栓，歸入通用作業復現與装配基礎作業。","InsertPeg：記住哪個插栓及如何插入","P115: PDF 3","95baa91cdd2a1d6c0791a31627a8daee1d9e9ff70d58d60e76f53e4e3d142c40"
"P115","RoboMME-Interference","general","通用物件與機動作業","2026-10-04","true","依示範選物、搬方塊、重畫路徑與插栓，歸入通用作業復現與装配基礎作業。","VideoRepick／VideoPlaceOrder／VideoUnmask；MoveCube／PatternLock／RouteStick","P115: PDF 2,3","95baa91cdd2a1d6c0791a31627a8daee1d9e9ff70d58d60e76f53e4e3d142c40"
"P116","OopsieVerse","home","居家整理與清潔","2026-10-04","false","依已核讀的任務、活動或場景保留用途歸納；原作任務細節與分類依據一起提供。","32task instantiations對應21unique task designs；不是32不同語義任務。；OmniGibson與RoboCasa/Robosuite兩後端；熱／流體傷害只在支援相應物理的後端可用。","P116: PDF 1,2,4,5,6,7","cbef5a184d84ac4490de9dbbfde077c3b9a7905c1d6bc581e739540b078af3d2"
"P116","OopsieVerse","food","餐飲與烹飪","2026-10-04","false","依已核讀的任務、活動或場景保留用途歸納；原作任務細節與分類依據一起提供。","32task instantiations對應21unique task designs；不是32不同語義任務。；OmniGibson與RoboCasa/Robosuite兩後端；熱／流體傷害只在支援相應物理的後端可用。","P116: PDF 1,2,4,5,6,7","cbef5a184d84ac4490de9dbbfde077c3b9a7905c1d6bc581e739540b078af3d2"
"P119","EgoDex","home","居家整理與清潔","2026-10-04","false","依已核讀的任務、活動或場景保留用途歸納；原作任務細節與分類依據一起提供。","194human manipulation tasks；3種reset類型；正式兩端點為未來手軌跡及給future goal圖的inverse dynamics。；tabletop錄製；原文明示場景多樣性不是重點，沒有獨立layout總數。","P119: PDF 1,2,3,4,5,6,7,8","7ea269e5885392e65a7e206c2d6b5792022ec499367a070c2c269cbcf187e2b8"
"P119","EgoDex","garment","衣物與洗護","2026-10-04","false","依已核讀的任務、活動或場景保留用途歸納；原作任務細節與分類依據一起提供。","194human manipulation tasks；3種reset類型；正式兩端點為未來手軌跡及給future goal圖的inverse dynamics。；tabletop錄製；原文明示場景多樣性不是重點，沒有獨立layout總數。","P119: PDF 1,2,3,4,5,6,7,8","7ea269e5885392e65a7e206c2d6b5792022ec499367a070c2c269cbcf187e2b8"
"P119","EgoDex","industry","裝配與生產作業","2026-10-04","false","依已核讀的任務、活動或場景保留用途歸納；原作任務細節與分類依據一起提供。","194human manipulation tasks；3種reset類型；正式兩端點為未來手軌跡及給future goal圖的inverse dynamics。；tabletop錄製；原文明示場景多樣性不是重點，沒有獨立layout總數。","P119: PDF 1,2,3,4,5,6,7,8","7ea269e5885392e65a7e206c2d6b5792022ec499367a070c2c269cbcf187e2b8"
"P119","EgoDex","wearable","穿戴互動與動作介面","2026-10-04","false","依已核讀的任務、活動或場景保留用途歸納；原作任務細節與分類依據一起提供。","Apple Vision Pro手部示範、未來軌跡與inverse dynamics。","P119: PDF 1,2,3,4,5,6,7,8","7ea269e5885392e65a7e206c2d6b5792022ec499367a070c2c269cbcf187e2b8"
"P123","WatchAct","home","居家整理與清潔","2026-10-04","false","依已核讀的任務、活動或場景保留用途歸納；原作任務細節與分類依據一起提供。","14task scenarios歸4認知domains；event、procedure、implicit intent、episodic，含模仿、反轉、恢復舊位置、續作、修錯、條件分支。；LIBERO配對真實桌面影片；11桌面regions＋6container regions只是命名區域，非17個環境。","P123: PDF 1,2,3,4,5,6,8,14,15","42a137d5b56c9e1dd7d421cba16f8f06fe42cace6418e7338136400df3e7954c"
"P123","WatchAct","general","通用物件與機動作業","2026-10-04","false","依已核讀的任務、活動或場景保留用途歸納；原作任務細節與分類依據一起提供。","物件操作中的示範模仿、反向執行、記憶與條件流程。","P123: PDF 1,2,3,4,5,6,8,14,15","42a137d5b56c9e1dd7d421cba16f8f06fe42cace6418e7338136400df3e7954c"
"P124","RoboReel","home","居家整理與清潔","2026-10-04","false","依已核讀的任務、活動或場景保留用途歸納；原作任務細節與分類依據一起提供。","10task（推/抓方塊、抽屜、鍋蓋、烤麵包機、碗盤、籃子、玩具收納、堆杯）；4suites ND/WD/ED/PD，不是40語義task。；1個實際桌面rig與ManiSkill3/SAPIEN配對場景，4人類camera views；calibration與distractors另分setting。","P124: PDF 1,2,3,4,5,6,7,9,21,24,25,27,29","4f0b2629e1e663390e169e7ae24496406246958dbec7bb20f3973de31a9e34ff"
"P129","RH20T","home","居家整理與清潔","2026-10-04","false","依已核讀的任務、活動或場景保留用途歸納；原作任務細節與分類依據一起提供。","147tasks＝48選自RLBench＋29MetaWorld＋70自定義；42verbs是skill標籤，不是147完全獨立新設計。；7robot configurations、>50table covers；covers不是不同場景layout。","P129: PDF 1,2,3,4,5,6","6156500a1340a2e976681f0f8deea8ce493fb4af227d8a5b2696cb3c384bb755"
"P129","RH20T","industry","裝配與生產作業","2026-10-04","false","依已核讀的任務、活動或場景保留用途歸納；原作任務細節與分類依據一起提供。","147tasks＝48選自RLBench＋29MetaWorld＋70自定義；42verbs是skill標籤，不是147完全獨立新設計。；7robot configurations、>50table covers；covers不是不同場景layout。","P129: PDF 1,2,3,4,5,6","6156500a1340a2e976681f0f8deea8ce493fb4af227d8a5b2696cb3c384bb755"
"P129","RH20T","general","通用物件與機動作業","2026-10-04","false","依已核讀的任務、活動或場景保留用途歸納；原作任務細節與分類依據一起提供。","包含RLBench、Meta-World及自定義的147項操作。","P129: PDF 1,2,3,4,5,6","6156500a1340a2e976681f0f8deea8ce493fb4af227d8a5b2696cb3c384bb755"
"P141","HoloAssist","food","餐飲與烹飪","2026-10-04","false","依已核讀的任務、活動或場景保留用途歸納；原作任務細節與分類依據一起提供。","20程序；414coarse action classes；mistake detection、intervention type、3D手預測及action recognition。；HoloLens2 wearer＋遠端instructor；16物件種類，非16場景。","P141: PDF 1,3,4,5,6,7,8,9","af4fda7dcdcc0e5c9e4e4649f19bea3da6b3afe52e7a83d1adc8e7a79c011421"
"P141","HoloAssist","office","辦公與教育","2026-10-04","false","依已核讀的任務、活動或場景保留用途歸納；原作任務細節與分類依據一起提供。","20程序；414coarse action classes；mistake detection、intervention type、3D手預測及action recognition。；HoloLens2 wearer＋遠端instructor；16物件種類，非16場景。","P141: PDF 1,3,4,5,6,7,8,9","af4fda7dcdcc0e5c9e4e4649f19bea3da6b3afe52e7a83d1adc8e7a79c011421"
"P141","HoloAssist","craft","工藝與修繕","2026-10-04","false","依已核讀的任務、活動或場景保留用途歸納；原作任務細節與分類依據一起提供。","20程序；414coarse action classes；mistake detection、intervention type、3D手預測及action recognition。；HoloLens2 wearer＋遠端instructor；16物件種類，非16場景。","P141: PDF 1,3,4,5,6,7,8,9","af4fda7dcdcc0e5c9e4e4649f19bea3da6b3afe52e7a83d1adc8e7a79c011421"
"P141","HoloAssist","industry","裝配與生產作業","2026-10-04","false","依已核讀的任務、活動或場景保留用途歸納；原作任務細節與分類依據一起提供。","20程序；414coarse action classes；mistake detection、intervention type、3D手預測及action recognition。；HoloLens2 wearer＋遠端instructor；16物件種類，非16場景。","P141: PDF 1,3,4,5,6,7,8,9","af4fda7dcdcc0e5c9e4e4649f19bea3da6b3afe52e7a83d1adc8e7a79c011421"
"P141","HoloAssist","assistance","協助、交接與陪伴","2026-10-04","false","依已核讀的任務、活動或場景保留用途歸納；原作任務細節與分類依據一起提供。","真人執行者與遠端指導者的協助／介入流程。","P141: PDF 1,3,4,5,6,7,8,9","af4fda7dcdcc0e5c9e4e4649f19bea3da6b3afe52e7a83d1adc8e7a79c011421"
"P142","Habitat 3.0","home","居家整理與清潔","2026-10-04","false","依已核讀的任務、活動或場景保留用途歸納；原作任務細節與分類依據一起提供。","2families：social navigation找/跟人；social rearrangement兩代理搬2物件。；HSSD211源scene中的59實驗scene＝37train/12val/10test；12base avatars不是12場景。","P142: PDF 1,2,5,6,7,8,20,25,26","6383018901acbf7677050585da9a30707437cf7119def797be500f33a68021af"
"P142","Habitat 3.0","assistance","協助、交接與陪伴","2026-10-04","false","依已核讀的任務、活動或場景保留用途歸納；原作任務細節與分類依據一起提供。","找人、跟人及兩代理社交整理。","P142: PDF 1,2,5,6,7,8,20,25,26","6383018901acbf7677050585da9a30707437cf7119def797be500f33a68021af"
"P143","PARTNR","home","居家整理與清潔","2026-10-04","false","依已核讀的任務、活動或場景保留用途歸納；原作任務細節與分類依據一起提供。","4非互斥特性：constraint-free/spatial/temporal/heterogeneous；原作task以unique scene-goal pair計，100K不是100K語義family。；60HSSD houses（37train/13val/10test），5,819OVMM objects；與其他HSSD來源重用。","P143: PDF 1,2,3,4,5,6,7,8,24,40","7da62f6f2b031d78908d6f063d44b6eaeb491bb31d03536218f6ee61dd300efd"
"P143","PARTNR","food","餐飲與烹飪","2026-10-04","false","依已核讀的任務、活動或場景保留用途歸納；原作任務細節與分類依據一起提供。","4非互斥特性：constraint-free/spatial/temporal/heterogeneous；原作task以unique scene-goal pair計，100K不是100K語義family。；60HSSD houses（37train/13val/10test），5,819OVMM objects；與其他HSSD來源重用。","P143: PDF 1,2,3,4,5,6,7,8,24,40","7da62f6f2b031d78908d6f063d44b6eaeb491bb31d03536218f6ee61dd300efd"
"P143","PARTNR","assistance","協助、交接與陪伴","2026-10-04","false","依已核讀的任務、活動或場景保留用途歸納；原作任務細節與分類依據一起提供。","人類與機器人的互補限制及協作家務。","P143: PDF 1,2,3,4,5,6,7,8,24,40","7da62f6f2b031d78908d6f063d44b6eaeb491bb31d03536218f6ee61dd300efd"
"P144","CAP / EgoGym","home","居家整理與清潔","2026-10-04","false","依已核讀的任務、活動或場景保留用途歸納；原作任務細節與分類依據一起提供。","3utility task families：Pick、Open、Close；不因接觸座標不同自動變新語義任務。；資料報424environments＝Pick289/Open87/Close48，為作者收集配置口徑；EgoGym是程序生成MuJoCo套件。","P144: PDF 1,2,4,5,6,7,8,11","b0428cf26ad882127851059de2fafebb3ae164e38f631b9d941ca8ac0ebbeda4"
"P144","CAP / EgoGym","office","辦公與教育","2026-10-04","false","依已核讀的任務、活動或場景保留用途歸納；原作任務細節與分類依據一起提供。","3utility task families：Pick、Open、Close；不因接觸座標不同自動變新語義任務。；資料報424environments＝Pick289/Open87/Close48，為作者收集配置口徑；EgoGym是程序生成MuJoCo套件。","P144: PDF 1,2,4,5,6,7,8,11","b0428cf26ad882127851059de2fafebb3ae164e38f631b9d941ca8ac0ebbeda4"
"P145","NIABench","home","居家整理與清潔","2026-10-04","false","依已核讀的任務、活動或場景保留用途歸納；原作任務細節與分類依據一起提供。","7test tasks：cut tomato、toast bread、watch TV、work、sleep、study、shower；2,000訓練script episodes，human主程序不允許被中断。；AI2-THOR四room categories；4是類型，非精確四個scene IDs。主model採文字state，沒有raw visual perception。","P145: PDF 1,2,3,4,5,6","add5ffdd033bc8c450f79b317f31c0df3735d7a4789a9e8f833e3dbcab4f5b12"
"P145","NIABench","food","餐飲與烹飪","2026-10-04","false","依已核讀的任務、活動或場景保留用途歸納；原作任務細節與分類依據一起提供。","7test tasks：cut tomato、toast bread、watch TV、work、sleep、study、shower；2,000訓練script episodes，human主程序不允許被中断。；AI2-THOR四room categories；4是類型，非精確四個scene IDs。主model採文字state，沒有raw visual perception。","P145: PDF 1,2,3,4,5,6","add5ffdd033bc8c450f79b317f31c0df3735d7a4789a9e8f833e3dbcab4f5b12"
"P145","NIABench","office","辦公與教育","2026-10-04","false","依已核讀的任務、活動或場景保留用途歸納；原作任務細節與分類依據一起提供。","7test tasks：cut tomato、toast bread、watch TV、work、sleep、study、shower；2,000訓練script episodes，human主程序不允許被中断。；AI2-THOR四room categories；4是類型，非精確四個scene IDs。主model採文字state，沒有raw visual perception。","P145: PDF 1,2,3,4,5,6","add5ffdd033bc8c450f79b317f31c0df3735d7a4789a9e8f833e3dbcab4f5b12"
"P145","NIABench","assistance","協助、交接與陪伴","2026-10-04","false","依已核讀的任務、活動或場景保留用途歸納；原作任務細節與分類依據一起提供。","配合人正在進行的活動，提供不中斷對方的協助。","P145: PDF 1,2,3,4,5,6","add5ffdd033bc8c450f79b317f31c0df3735d7a4789a9e8f833e3dbcab4f5b12"
"P146","DexH2R","assistance","協助、交接與陪伴","2026-10-04","true","核心就是把人手中的物件交給機器人，歸入協助與交接用途。","human-to-robot handover；動態接近、接收抓握與姿態對齊","P146: PDF 1,3","c48a1c58f5201ee324223c711cba95a429ea7446bc43e4d59f452e829eda1709"
"P147","HRIBench","assistance","協助、交接與陪伴","2026-10-04","true","按人的指令、時機和動作完成協作，涵蓋交接、同步、讓行及受干預後續作。","Instructor／Collaborator／Intruder角色；handover timing、shared-object synchronization、yielding、recovery","P147: PDF 3,4","d779bea84ddd0cbca254797e628b09dbf95118efa086cfe333dd6156a4a2ded2"
"P148","Assistax","care","個人照護","2026-10-04","false","依已核讀的任務、活動或場景保留用途歸納；原作任務細節與分類依據一起提供。","Scratch、Tooth Brushing、Feeding、Bed Bathing、Arm Assist；force/speed/contact偏好另外參數化。；MJX/JAX五種assistive配置，使用簡化rigid geometry；不是臨床或柔性皮膚物理驗證。","P148: PDF 1,3,4,5,6,7,8,9","53953a170eca350244258f44b0b043e960f2bcece29e1074e805ab251bc95547"
"P148","Assistax","assistance","協助、交接與陪伴","2026-10-04","false","依已核讀的任務、活動或場景保留用途歸納；原作任務細節與分類依據一起提供。","餵食、刷牙、擦身與手臂協助等服務。","P148: PDF 1,3,4,5,6,7,8,9","53953a170eca350244258f44b0b043e960f2bcece29e1074e805ab251bc95547"
"P151","H2R-Bench","garment","衣物與洗護","2026-10-04","false","依已核讀的任務、活動或場景保留用途歸納；原作任務細節與分類依據一起提供。","6物理變化families：rigid、mechanism、insertion、deformable、bulk、surface；目標2種embodiment。；EgoDex test來源影片，沒有配對可執行robot simulator環境。","P151: PDF 1,2,3,4,5,6,11,14","ec3fb6258fea92eda2ba4240561afd8f307606a133031b63ad12d666306af015"
"P151","H2R-Bench","general","通用物件與機動作業","2026-10-04","false","依已核讀的任務、活動或場景保留用途歸納；原作任務細節與分類依據一起提供。","剛體、機構、插入等通用作業效果的影片生成評測。","P151: PDF 1,2,3,4,5,6,11,14","ec3fb6258fea92eda2ba4240561afd8f307606a133031b63ad12d666306af015"
"P152","RoboWM-Bench","food","餐飲與烹飪","2026-10-04","false","依已核讀的任務、活動或場景保留用途歸納；原作任務細節與分類依據一起提供。","主表8human-hand及8robot-task條件，附錄另6simulation-native條件；含同名重用，不直接加成22語義task。；LeHome/IsaacSim原生與real-to-sim桌面；固定camera、隨機物件初態。","P152: PDF 1,3,4,5,6,7,14,15","4450ceffa72850511da6c91b3ce6f73bc070d372104dc8f60ce6fbf8f84ed566"
"P152","RoboWM-Bench","garment","衣物與洗護","2026-10-04","false","依已核讀的任務、活動或場景保留用途歸納；原作任務細節與分類依據一起提供。","主表8human-hand及8robot-task條件，附錄另6simulation-native條件；含同名重用，不直接加成22語義task。；LeHome/IsaacSim原生與real-to-sim桌面；固定camera、隨機物件初態。","P152: PDF 1,3,4,5,6,7,14,15","4450ceffa72850511da6c91b3ce6f73bc070d372104dc8f60ce6fbf8f84ed566"
"P152","RoboWM-Bench","general","通用物件與機動作業","2026-10-04","false","依已核讀的任務、活動或場景保留用途歸納；原作任務細節與分類依據一起提供。","人手與機器人操作條件下的通用動作效果預測。","P152: PDF 1,3,4,5,6,7,14,15","4450ceffa72850511da6c91b3ce6f73bc070d372104dc8f60ce6fbf8f84ed566"
"P164","The Imitator Game","home","居家整理與清潔","2026-10-04","false","依已核讀的任務、活動或場景保留用途歸納；原作任務細節與分類依據一起提供。","50+base tasks，6生活/工作domains（分量12+7+17+4+6+7=53）；實驗10tasks（5seen+5unseen）×4levels。；200+ paired task-scene variants；同human clip可對多level robot場景，非全新independent demonstration。","P164: PDF 1,4,5,6,7,8,20","f38c19c22603063351fd35a218cc5a1477609c973c0a79cbe972a2bb78f01e1b"
"P164","The Imitator Game","food","餐飲與烹飪","2026-10-04","false","依已核讀的任務、活動或場景保留用途歸納；原作任務細節與分類依據一起提供。","50+base tasks，6生活/工作domains（分量12+7+17+4+6+7=53）；實驗10tasks（5seen+5unseen）×4levels。；200+ paired task-scene variants；同human clip可對多level robot場景，非全新independent demonstration。","P164: PDF 1,4,5,6,7,8,20","f38c19c22603063351fd35a218cc5a1477609c973c0a79cbe972a2bb78f01e1b"
"P164","The Imitator Game","logistics","包裝、倉儲與物流","2026-10-04","false","依已核讀的任務、活動或場景保留用途歸納；原作任務細節與分類依據一起提供。","50+base tasks，6生活/工作domains（分量12+7+17+4+6+7=53）；實驗10tasks（5seen+5unseen）×4levels。；200+ paired task-scene variants；同human clip可對多level robot場景，非全新independent demonstration。","P164: PDF 1,4,5,6,7,8,20","f38c19c22603063351fd35a218cc5a1477609c973c0a79cbe972a2bb78f01e1b"
"P164","The Imitator Game","retail","零售與購物","2026-10-04","false","依已核讀的任務、活動或場景保留用途歸納；原作任務細節與分類依據一起提供。","50+base tasks，6生活/工作domains（分量12+7+17+4+6+7=53）；實驗10tasks（5seen+5unseen）×4levels。；200+ paired task-scene variants；同human clip可對多level robot場景，非全新independent demonstration。","P164: PDF 1,4,5,6,7,8,20","f38c19c22603063351fd35a218cc5a1477609c973c0a79cbe972a2bb78f01e1b"
"P164","The Imitator Game","lab","實驗室操作","2026-10-04","false","依已核讀的任務、活動或場景保留用途歸納；原作任務細節與分類依據一起提供。","50+base tasks，6生活/工作domains（分量12+7+17+4+6+7=53）；實驗10tasks（5seen+5unseen）×4levels。；200+ paired task-scene variants；同human clip可對多level robot場景，非全新independent demonstration。","P164: PDF 1,4,5,6,7,8,20","f38c19c22603063351fd35a218cc5a1477609c973c0a79cbe972a2bb78f01e1b"
"P164","The Imitator Game","medical","醫療與手術支援","2026-10-04","false","依已核讀的任務、活動或場景保留用途歸納；原作任務細節與分類依據一起提供。","50+base tasks，6生活/工作domains（分量12+7+17+4+6+7=53）；實驗10tasks（5seen+5unseen）×4levels。；200+ paired task-scene variants；同human clip可對多level robot場景，非全新independent demonstration。","P164: PDF 1,4,5,6,7,8,20","f38c19c22603063351fd35a218cc5a1477609c973c0a79cbe972a2bb78f01e1b"
"P165","LIBERO-Recover","home","居家整理與清潔","2026-10-04","false","依已核讀的任務、活動或場景保留用途歸納；原作任務細節與分類依據一起提供。","130上游tasks、4recovery levels；LIBERO100再拆90/10報告，不能另加兩suite。；LIBERO自然rollout失敗的state snapshots；不是2178不同room layouts。","P165: PDF 1,2,3,4,5,6,9","ee23bf31934cc0e262b4b30458be149df135ec3695c866939c482c0b55fe414a"
"P166","SafeVLA-Bench","home","居家整理與清潔","2026-10-04","false","依已核讀的任務、活動或場景保留用途歸納；原作任務細節與分類依據一起提供。","58tasks＝LIBERO四10-task suites＋RoboCasa365 atomic-seen18tasks；8safety families歸scene/object/robot三group。；LIBERO＋RoboCasa365兩host，事後instrumentation保留原生觀測/動作/初態/success。","P166: PDF 1,3,4,5,6,34,46","ecb59f541415c25bcb45263b2c7058d15a124829c8dab6d7b5eac681f36c1f4a"
"P166","SafeVLA-Bench","food","餐飲與烹飪","2026-10-04","false","依已核讀的任務、活動或場景保留用途歸納；原作任務細節與分類依據一起提供。","58tasks＝LIBERO四10-task suites＋RoboCasa365 atomic-seen18tasks；8safety families歸scene/object/robot三group。；LIBERO＋RoboCasa365兩host，事後instrumentation保留原生觀測/動作/初態/success。","P166: PDF 1,3,4,5,6,34,46","ecb59f541415c25bcb45263b2c7058d15a124829c8dab6d7b5eac681f36c1f4a"
"P167","DexGarmentLab","garment","衣物與洗護","2026-10-04","false","依已核讀的任務、活動或場景保留用途歸納；原作任務細節與分類依據一起提供。","15定義含fling/fold/hang/wear/store；主simulation實驗14task（wear glove未在主表），不能報全15同程度測完。；雙UR10e＋ShadowHand，15task scene設定；>2500garments/8類不是2500不同task。","P167: PDF 1,2,4,5,6,7,8,9,10,18,20,32","447ce546d76be47536883a64aac1e9fc7ea1f214433bc6915d9acce2eab57f65"
"P167","DexGarmentLab","care","個人照護","2026-10-04","false","依已核讀的任務、活動或場景保留用途歸納；原作任務細節與分類依據一起提供。","15定義含fling/fold/hang/wear/store；主simulation實驗14task（wear glove未在主表），不能報全15同程度測完。；雙UR10e＋ShadowHand，15task scene設定；>2500garments/8類不是2500不同task。","P167: PDF 1,2,4,5,6,7,8,9,10,18,20,32","447ce546d76be47536883a64aac1e9fc7ea1f214433bc6915d9acce2eab57f65"
"P168","HRIBench (perception, 2025)","social","社交與溝通","2026-10-04","false","依已核讀的任務、活動或場景保留用途歸納；原作任務細節與分類依據一起提供。","nonverbal、verbal intent、human-robot-object relation、social navigation、person identification五種。；Kuri/Quori自錄非語言互動＋既有公開資料；5domains是能力群，非5物理環境。","P168: PDF 1,2,3,4,5","7148bb0244bccd22b8b8050d609fa6304f05059d5224f76470c5b87616428af7"
"P168","HRIBench (perception, 2025)","assistance","協助、交接與陪伴","2026-10-04","false","依已核讀的任務、活動或場景保留用途歸納；原作任務細節與分類依據一起提供。","非語言／語言意圖、人機物關係及社交導航。","P168: PDF 1,2,3,4,5","7148bb0244bccd22b8b8050d609fa6304f05059d5224f76470c5b87616428af7"
"P169","X2Real","home","居家整理與清潔","2026-10-04","false","依已核讀的任務、活動或場景保留用途歸納；原作任務細節與分類依據一起提供。","44simulation tasks／10能力維度；含3mobile tasks與3challenge tasks，能力數不是生活domain數。；Mana/IsaacLab場景；多embodiments与green-booth訓練配置，appearance/task/embodiment分別擾動。","P169: PDF 1,3,4,5,6,13,14,23,24,27,28,29","5cff92f0d0a008824b9299b9e8f9259404e6177fd54a55c4d4eede0aff18f521"
"P169","X2Real","general","通用物件與機動作業","2026-10-04","false","依已核讀的任務、活動或場景保留用途歸納；原作任務細節與分類依據一起提供。","桌面／移動等44項基礎操作與能力維度。","P169: PDF 1,3,4,5,6,13,14,23,24,27,28,29","5cff92f0d0a008824b9299b9e8f9259404e6177fd54a55c4d4eede0aff18f521"
"P170","MotionForge","industry","裝配與生產作業","2026-10-04","false","依已核讀的任務、活動或場景保留用途歸納；原作任務細節與分類依據一起提供。","40semantic tasks、11motion patterns；17long/23short，僅改速度的variants合併為同family。；4scene families：Factory Conveyor、Circular Motion、Home Tabletop、Embodied Interaction；5K背景variation非5Klayouts。","P170: PDF 1,2,3,4,5,6,7","26bf90c839b269529d60ec9d7b97df9c98670c0297089faf96f14d7e2bfc8c1a"
"P170","MotionForge","logistics","包裝、倉儲與物流","2026-10-04","false","依已核讀的任務、活動或場景保留用途歸納；原作任務細節與分類依據一起提供。","40semantic tasks、11motion patterns；17long/23short，僅改速度的variants合併為同family。；4scene families：Factory Conveyor、Circular Motion、Home Tabletop、Embodied Interaction；5K背景variation非5Klayouts。","P170: PDF 1,2,3,4,5,6,7","26bf90c839b269529d60ec9d7b97df9c98670c0297089faf96f14d7e2bfc8c1a"
"P171","Bench2Dex","industry","裝配與生產作業","2026-10-04","false","依已核讀的任務、活動或場景保留用途歸納；原作任務細節與分類依據一起提供。","26task-embodiment settings，不能先乘12手型為312已完成tasks。；IsaacLab bimanual配置；12hand morphologies、6views，無獨立房屋總數。","P171: PDF 1,2,3,4,5,6,7,8,10","f70ca3ecb4dd8fc9a1acc6410a0bd4e370203ca65331b3fcc76209996fb8ed03"
"P171","Bench2Dex","general","通用物件與機動作業","2026-10-04","false","依已核讀的任務、活動或場景保留用途歸納；原作任務細節與分類依據一起提供。","多手型下26種任務—機體操作設定。","P171: PDF 1,2,3,4,5,6,7,8,10","f70ca3ecb4dd8fc9a1acc6410a0bd4e370203ca65331b3fcc76209996fb8ed03"
"P172","LabUtopia","lab","實驗室操作","2026-10-04","false","依已核讀的任務、活動或場景保留用途歸納；原作任務細節與分類依據一起提供。","摘要30distinct tasks、結論>30，§4另稱>50；5levels從atomic到mobile，但level3主要是generalization條件，並非全是新語義task。；約100expert-reviewed lab scene assets，另程序填入儀器；物件類別/scene數不得相加。","P172: PDF 1,3,4,5,6,7,8,9,10","b0b27a506f9ec028871b09e93a5a3aead74e382739b65fa5092af90ab062e862"
"P173","LabDex","lab","實驗室操作","2026-10-04","false","依已核讀的任務、活動或場景保留用途歸納；原作任務細節與分類依據一起提供。","概述7atomic categories、30+atomic、10+composite、1workflow；實驗明列26atomic、表3九composite、1七步workflow。附錄定義composite10項。；FR3/XHand實際工作站與配對simulation；3camera views非3場景。","P173: PDF 1,3,4,5,6,7,11,12,13","0d4be91ff766826af94f01245c225e27a15cfb88fae60183c9393f1af17ee41c"
"P174","Labimus","lab","實驗室操作","2026-10-04","false","依已核讀的任務、活動或場景保留用途歸納；原作任務細節與分類依據一起提供。","6atomic operations＋1個7step solid-weighing workflow；Tier2重評原task精度，不能算兩個新操作。；Tianyi humanoid於fume-hood工作站；digital twin與procedural layouts，>30functional assets。","P174: PDF 1,2,5,6,9,10,11,12,14","103d1eb5ee800d0306734bab26f9242f067cff584fb84c9929cd3ea3869e7e3a"
"P175","Pipette","lab","實驗室操作","2026-10-04","false","依已核讀的任務、活動或場景保留用途歸納；原作任務細節與分類依據一起提供。","12wet-lab tasks＝4sample/culture、4lid/hatch、4placement；pipette-to-petri positioning不等同已量測真正移液量。；IsaacSim/IsaacLab場景；3robots、12tools、26equipment、55consumables、9instruments為資產分量。","P175: PDF 1,2,3,4,5,6,7,11,12,17","72ad55814d9958242cd534f45f540f9bcd86bcd2bfbf21beaa2278e6c2bb93a3"
"P176","AutoBio","lab","實驗室操作","2026-10-04","false","依已核讀的任務、活動或場景保留用途歸納；原作任務細節與分類依據一起提供。","16定義分3difficulty levels；實驗每level3項，共9tasks，非全部16。；MuJoCo/Blender，single/dual-arm工作站；Aloha及UR5e不同end-effectors。","P176: PDF 1,4,5,6,7,8","987d557fe26642e96a1d4c9b3021c3d373717d4a5bc3f9eae48b5bc9de84df91"
"P177","H2RBench（human transfer）","industry","裝配與生產作業","2026-10-04","false","依已核讀的任務、活動或場景保留用途歸納；原作任務細節與分類依據一起提供。","4families：mug-to-plate、bowl stacking、donut insertion、sequential blocks-to-box。；4個real-to-sim task環境，PolaRiS/Marble/IsaacLab，real human由第三人稱multi-view錄製。","P177: PDF 1,4,5,6,7,17","dd841fb3a72307c335d2c7268ac813f8209a448dd2242d6e49db90da7a0169d1"
"P177","H2RBench（human transfer）","general","通用物件與機動作業","2026-10-04","false","依已核讀的任務、活動或場景保留用途歸納；原作任務細節與分類依據一起提供。","杯碗處理之外，另有donut插入、方塊順序裝盒的通用作業。","P177: PDF 1,4,5,6,7,17","dd841fb3a72307c335d2c7268ac813f8209a448dd2242d6e49db90da7a0169d1"
"P178","RoboRecover","home","居家整理與清潔","2026-10-04","false","依已核讀的任務、活動或場景保留用途歸納；原作任務細節與分類依據一起提供。","原任務上的恢復情境；4階段×4偏差類型只有9個有資料的測試組，不能算16個完整任務家族。；RoboTwin和LIBERO兩個既有模擬後端，透過action prefix重播取得失敗狀態。","P178: PDF 1,3,4,5,6,13","63986a4660ca344bb479e10ce0aa378f0c5b8a2ce86623d7725c5474f9a51faf"
"P179","REBOOT","industry","裝配與生產作業","2026-10-04","false","依已核讀的任務、活動或場景保留用途歸納；原作任務細節與分類依據一起提供。","表2為9物件×安裝/移除＝18tasks；精度、對稱性及5操作phase是task屬性。；真實雙臂WidowX/Trossen工作站；NIST Assembly Task Board #1。","P179: PDF 1,3,4,5,6,7,8","1f5401dfe2a8209a83cb96780a43fbfa0938f8a743eb8285be793fbdd60cf6f5"
"P180","SafeManip","home","居家整理與清潔","2026-10-04","false","依已核讀的任務、活動或場景保留用途歸納；原作任務細節與分類依據一起提供。","50 RoboCasa+40 LIBERO＝90 host task entries；8 safety categories、10 LTLf templates，只綁定適用task。；RoboCasa365及LIBERO；主RoboCasa多task實驗在pretraining scenes，target-scene實驗另列。","P180: PDF 1,4,5,6,14,15","561f1135594da0aca29135e76d5abec42f8cac6a946d0f92c6380b1c213488fc"
"P181","RoboFolDeX","home","居家整理與清潔","2026-10-04","false","依已核讀的任務、活動或場景保留用途歸納；原作任務細節與分類依據一起提供。","資料20+tasks；主摺疊評測4類衣物Shirt/Skirt/Pants/Towel，涵蓋取出、翻整、攤平、摺疊和堆疊。；多個真實robot平台/場景，10+embodiments；精確獨立工作站數未報。","P181: PDF 1,3,4,5,6,7","b7760baa843b43e164d224d5132fc13f534cb5e4bd834d7276340ee3f7d65553"
"P181","RoboFolDeX","garment","衣物與洗護","2026-10-04","false","依已核讀的任務、活動或場景保留用途歸納；原作任務細節與分類依據一起提供。","資料20+tasks；主摺疊評測4類衣物Shirt/Skirt/Pants/Towel，涵蓋取出、翻整、攤平、摺疊和堆疊。；多個真實robot平台/場景，10+embodiments；精確獨立工作站數未報。","P181: PDF 1,3,4,5,6,7","b7760baa843b43e164d224d5132fc13f534cb5e4bd834d7276340ee3f7d65553"
"P182","SoftVTBench","food","餐飲與烹飪","2026-10-04","true","歸納為易損物取放的通用作業；烘焙品形狀物件的放置情境另標餐飲處理方向。","naturalistic bakery-style objects的搬放","P182: PDF 5","1f353c40268ba3a98d5a2f51892e92c042f89ea87c7ccbe49c10c3ce956fe827"
"P182","SoftVTBench","general","通用物件與機動作業","2026-10-04","true","歸納為易損物取放的通用作業；烘焙品形狀物件的放置情境另標餐飲處理方向。","40個物件／位置變化的pick-and-place設定；完成搬放且形變受限","P182: PDF 5,6","1f353c40268ba3a98d5a2f51892e92c042f89ea87c7ccbe49c10c3ce956fe827"
"P183","WireCraft","industry","裝配與生產作業","2026-10-04","false","依已核讀的任務、活動或場景保留用途歸納；原作任務細節與分類依據一起提供。","3families：connector insertion、clip routing、channel seating；insertion選4connector shapes，其他代表場景仍有限。；IsaacLab/IsaacSim；chain或FEM wire、UR5/Franka/Trossen三robot；可生成配置，無固定環境總數。","P183: PDF 1,2,3,4,5,6,7,23,25","7f2bbb231c2ff416c001d7c06e6efc0d68691404f48ed4e22afde76e1ff48e9a"
"P184","DLO-Lab","industry","裝配與生產作業","2026-10-04","false","依已核讀的任務、活動或場景保留用途歸納；原作任務細節與分類依據一起提供。","10tasks：8固定horizon與2長流程Letter Art/Wiring Ring；主要實驗state-based，不全是視覺策略。；Taichi/Genesis的rod與rigid/MPM coupling；近點kinematic抓持簡化，不是完整摩擦抓持。","P184: PDF 1,2,3,4,5,6,7,18,19","91128b16d310632077dd23caa908483ba75b8851a77808b98368fbce1dcea0b0"
"P185","RGBench","garment","衣物與洗護","2026-10-04","false","依已核讀的任務、活動或場景保留用途歸納；原作任務細節與分類依據一起提供。","3manipulation primitives：Grasp/Fling/Fold；9garment types的real GT比較，主表是其中子集。；配對真實dual-Piper/Jaka工作站與garment simulation；direct-vertex與robot-URDF modes分開。","P185: PDF 1,2,3,4,5,6,13,15","abc60e4860b3f9e166eeb0391fbf21186ec162cf7ffa413ed321ba8851b61970"
"P192","Phys-Liquid","lab","實驗室操作","2026-10-04","false","依已核讀的任務、活動或場景保留用途歸納；原作任務細節與分類依據一起提供。","單/多視角液體形狀與體積重建，未直接評robot pouring控制。；Blender/Mantaflow的5lab scenes、20containers、8lights、5colors、6orthographic views。","P192: PDF 1,2,3,4,5,6,11","827b09bcc3b8968cc32b21f332b5b31286c3784578fc04a00435cb0dd6b6700b"
"P196","Deform360","garment","衣物與洗護","2026-10-04","false","依已核讀的任務、活動或場景保留用途歸納；原作任務細節與分類依據一起提供。","3D重建/重模擬、future prediction、episode及object generalization；198objects不是198語義task。；一套41camera環繞capture rig；41視角不是41環境。人類持UMI tactile grippers操作。","P196: PDF 1,4,5,6,8,9,10,11,12,13,27","3f23966cb31f3614a8b27aba9ae558ef4684e812dd86ef6cd072d1788c6faf95"
"P197","EgoSim / MultiEgoView","wearable","穿戴互動與動作介面","2026-10-04","true","身體攝影機用來恢復使用者動作及支援互動輸入，歸入穿戴互動與動作介面。","頭、腰、手腕、膝部六視角；全身3D姿態與相機定位；immersive Mixed Reality／手部動作輸入","P197: PDF 1,5","db15f931833027b80e416c0bdb47bd3c7695ef3cce6733988110484295f4f7d2"
"P198","TACO","home","居家整理與清潔","2026-10-04","true","用原作工具—動作—物件組合歸納：倒液與攪拌屬餐飲，清潔器具屬居家，手物動作建模亦服務AR／VR介面。","以spatula在pan攪拌；水壺向碗倒液；刷、刮、除塵等器具處理","P198: PDF 2,5","2cd9fef96e133851d367c485aad1578b4979baef4d9b57037a1a246476735efd"
"P198","TACO","food","餐飲與烹飪","2026-10-04","true","用原作工具—動作—物件組合歸納：倒液與攪拌屬餐飲，清潔器具屬居家，手物動作建模亦服務AR／VR介面。","以spatula在pan攪拌；水壺向碗倒液；刷、刮、除塵等器具處理","P198: PDF 2,5","2cd9fef96e133851d367c485aad1578b4979baef4d9b57037a1a246476735efd"
"P198","TACO","wearable","穿戴互動與動作介面","2026-10-04","true","用原作工具—動作—物件組合歸納：倒液與攪拌屬餐飲，清潔器具屬居家，手物動作建模亦服務AR／VR介面。","VR／AR的雙手—物件互動建模","P198: PDF 2","2cd9fef96e133851d367c485aad1578b4979baef4d9b57037a1a246476735efd"
"P199","OpenEgo","home","居家整理與清潔","2026-10-04","false","依已核讀的任務、活動或場景保留用途歸納；原作任務細節與分類依據一起提供。","290 source task labels＝六來源原生task數相加；不等於290正規化機器人目標。；作者列10kitchens與610indoor rooms／600+environments；是多來源合併，未證明全庫去重。","P199: PDF 1,2,3,4","84068f8b5d7e8add70826aacda59a02d425f56125bcf3f1c450fe966db7f7e65"
"P199","OpenEgo","wearable","穿戴互動與動作介面","2026-10-04","false","依已核讀的任務、活動或場景保留用途歸納；原作任務細節與分類依據一起提供。","多個ego來源的統一手部關節與語言動作介面。","P199: PDF 1,2,3,4","84068f8b5d7e8add70826aacda59a02d425f56125bcf3f1c450fe966db7f7e65"
"P200","SABER","logistics","包裝、倉儲與物流","2026-10-04","false","依已核讀的任務、活動或場景保留用途歸納；原作任務細節與分類依據一起提供。","影片列12核心retail活動；下游10tasks＝fridge2、board-to-board3、floor2、basket3，主要搬放與開關。；多真實超市的頭戴/360°影片；camera capture無robot。精確店面數未報；下游是RoboBenchMart模擬。","P200: PDF 1,2,3,5,6,9,10,11,12,13","e4556b7aadaed076ac2792ec2c15b91853acad3f5eac7403898badc1396e8f98"
"P200","SABER","retail","零售與購物","2026-10-04","false","依已核讀的任務、活動或場景保留用途歸納；原作任務細節與分類依據一起提供。","影片列12核心retail活動；下游10tasks＝fridge2、board-to-board3、floor2、basket3，主要搬放與開關。；多真實超市的頭戴/360°影片；camera capture無robot。精確店面數未報；下游是RoboBenchMart模擬。","P200: PDF 1,2,3,5,6,9,10,11,12,13","e4556b7aadaed076ac2792ec2c15b91853acad3f5eac7403898badc1396e8f98"
"P201","EgoSAT","home","居家整理與清潔","2026-10-04","false","依已核讀的任務、活動或場景保留用途歸納；原作任務細節與分類依據一起提供。","present narration/state switch、short/multi-step anticipation、short/multi-step retrieval，共6題型。；Ego4D的56scenario labels；不是56有資產的機器人環境。","P201: PDF 1,3,9,10,11,12,13,14,22,28","3cdd4d6866e119e6133a58a10ad4eff1ec3dd77fc61f49704b61835d9c312199"
"P202","EgoMonth","home","居家整理與清潔","2026-10-04","false","依已核讀的任務、活動或場景保留用途歸納；原作任務細節與分類依據一起提供。","14QA types、3認知層級；6activity用途類別。層級是作者設計，不是已校準的機器人難度。；20participants各20–120天生活紀錄；室內外場景無可去重實體場所總數。","P202: PDF 1,4,5,6,7,19","6747ddc4c6f9303ea3e7ed2e427b1e8707235e60cd4cf05e45abfd4d13cdffc1"
"P202","EgoMonth","food","餐飲與烹飪","2026-10-04","false","依已核讀的任務、活動或場景保留用途歸納；原作任務細節與分類依據一起提供。","14QA types、3認知層級；6activity用途類別。層級是作者設計，不是已校準的機器人難度。；20participants各20–120天生活紀錄；室內外場景無可去重實體場所總數。","P202: PDF 1,4,5,6,7,19","6747ddc4c6f9303ea3e7ed2e427b1e8707235e60cd4cf05e45abfd4d13cdffc1"
"P202","EgoMonth","office","辦公與教育","2026-10-04","false","依已核讀的任務、活動或場景保留用途歸納；原作任務細節與分類依據一起提供。","14QA types、3認知層級；6activity用途類別。層級是作者設計，不是已校準的機器人難度。；20participants各20–120天生活紀錄；室內外場景無可去重實體場所總數。","P202: PDF 1,4,5,6,7,19","6747ddc4c6f9303ea3e7ed2e427b1e8707235e60cd4cf05e45abfd4d13cdffc1"
"P202","EgoMonth","retail","零售與購物","2026-10-04","false","依已核讀的任務、活動或場景保留用途歸納；原作任務細節與分類依據一起提供。","14QA types、3認知層級；6activity用途類別。層級是作者設計，不是已校準的機器人難度。；20participants各20–120天生活紀錄；室內外場景無可去重實體場所總數。","P202: PDF 1,4,5,6,7,19","6747ddc4c6f9303ea3e7ed2e427b1e8707235e60cd4cf05e45abfd4d13cdffc1"
"P202","EgoMonth","transport","交通移動與車輛維修","2026-10-04","false","依已核讀的任務、活動或場景保留用途歸納；原作任務細節與分類依據一起提供。","14QA types、3認知層級；6activity用途類別。層級是作者設計，不是已校準的機器人難度。；20participants各20–120天生活紀錄；室內外場景無可去重實體場所總數。","P202: PDF 1,4,5,6,7,19","6747ddc4c6f9303ea3e7ed2e427b1e8707235e60cd4cf05e45abfd4d13cdffc1"
"P202","EgoMonth","leisure","休閒與運動","2026-10-04","false","依已核讀的任務、活動或場景保留用途歸納；原作任務細節與分類依據一起提供。","14QA types、3認知層級；6activity用途類別。層級是作者設計，不是已校準的機器人難度。；20participants各20–120天生活紀錄；室內外場景無可去重實體場所總數。","P202: PDF 1,4,5,6,7,19","6747ddc4c6f9303ea3e7ed2e427b1e8707235e60cd4cf05e45abfd4d13cdffc1"
"P203","EGOSTREAM","home","居家整理與清潔","2026-10-04","false","依已核讀的任務、活動或場景保留用途歸納；原作任務細節與分類依據一起提供。","7記憶題型：detail/spatial/temporal/event/social/causal/prospective；7recall時間區間另是條件。；Ego4D VQA、EgoLife、EgoTempo、Multi-Hop EgoQA、HD-EPIC五來源；無新增可執行場景。","P203: PDF 1,3,4,5,6,8","2b7fad2f7b3b003fe66a26ce10fe8f4c0b2950ae9a0a072a3f9215790a59ef17"
"P204","S-EMBER","home","居家整理與清潔","2026-10-04","false","依已核讀的任務、活動或場景保留用途歸納；原作任務細節與分類依據一起提供。","8memory QA categories；answer generation與temporal grounding兩endpoint。；613使用者Ray-Ban Meta capture；2,090fine-grained scenario labels合併33activity categories，非2090實體scene資產。","P204: PDF 1,3,4,5,6,7,8,14","a19dd911977b7b7ad2651673df90d5ea20fbd44471297b335afdb6e3a0884e04"
"P204","S-EMBER","food","餐飲與烹飪","2026-10-04","false","依已核讀的任務、活動或場景保留用途歸納；原作任務細節與分類依據一起提供。","8memory QA categories；answer generation與temporal grounding兩endpoint。；613使用者Ray-Ban Meta capture；2,090fine-grained scenario labels合併33activity categories，非2090實體scene資產。","P204: PDF 1,3,4,5,6,7,8,14","a19dd911977b7b7ad2651673df90d5ea20fbd44471297b335afdb6e3a0884e04"
"P204","S-EMBER","retail","零售與購物","2026-10-04","false","依已核讀的任務、活動或場景保留用途歸納；原作任務細節與分類依據一起提供。","8memory QA categories；answer generation與temporal grounding兩endpoint。；613使用者Ray-Ban Meta capture；2,090fine-grained scenario labels合併33activity categories，非2090實體scene資產。","P204: PDF 1,3,4,5,6,7,8,14","a19dd911977b7b7ad2651673df90d5ea20fbd44471297b335afdb6e3a0884e04"
"P205","CapMem","home","居家整理與清潔","2026-10-04","false","依已核讀的任務、活動或場景保留用途歸納；原作任務細節與分類依據一起提供。","CleanQA/DirectVideoQA/CaptionQA是同題三種資訊條件；50question templates與5diagnostic分析維度不等於50task goals。；4application domains、16scenario labels、75公共ego videos；無實體scene union。","P205: PDF 1,3,4,5,8,16,18,22","f65b30af25bbaa68d3825316d901fac09df58f2fe57b133428750addc1aeec4e"
"P205","CapMem","animal","寵物照護與動物活動","2026-10-04","false","依已核讀的任務、活動或場景保留用途歸納；原作任務細節與分類依據一起提供。","CleanQA/DirectVideoQA/CaptionQA是同題三種資訊條件；50question templates與5diagnostic分析維度不等於50task goals。；4application domains、16scenario labels、75公共ego videos；無實體scene union。","P205: PDF 1,3,4,5,8,16,18,22","f65b30af25bbaa68d3825316d901fac09df58f2fe57b133428750addc1aeec4e"
"P206","EmbodiedMemory-Bench","home","居家整理與清潔","2026-10-04","false","依已核讀的任務、活動或場景保留用途歸納；原作任務細節與分類依據一起提供。","4families：Passive Observation、Dynamic Tracking、Interaction Failure、Experience Generalization；125visible object types/83target/33receptacle是資產類別。；1,118source scenes；AI2-THOR單房間組成virtualhome并保存狀態、ProcTHOR multi-room篩選。不是1118全部新建獨立house。","P206: PDF 1,3,4,5,6,15,18,27","14adce97c24c0e4080ec7f707206f2dcc6ff9155bacf63b0d6cf84287eba4580"
"P207","EgoCoT-Bench","home","居家整理與清潔","2026-10-04","false","依已核讀的任務、活動或場景保留用途歸納；原作任務細節與分類依據一起提供。","4研究groups/12subtasks，從object grounding到state回顧、預測、progress與goal tracking。；Ego4D、EPIC、MECCANO、Charades-Ego、HD-EPIC及自錄；351clips不是351獨立環境。","P207: PDF 1,3,4,5,6","98ac34ca6c5e5e85367bbc76844e70d30939b29b4c58188ffdbe431af5e9b237"
"P207","EgoCoT-Bench","food","餐飲與烹飪","2026-10-04","false","依已核讀的任務、活動或場景保留用途歸納；原作任務細節與分類依據一起提供。","4研究groups/12subtasks，從object grounding到state回顧、預測、progress與goal tracking。；Ego4D、EPIC、MECCANO、Charades-Ego、HD-EPIC及自錄；351clips不是351獨立環境。","P207: PDF 1,3,4,5,6","98ac34ca6c5e5e85367bbc76844e70d30939b29b4c58188ffdbe431af5e9b237"
"P207","EgoCoT-Bench","industry","裝配與生產作業","2026-10-04","false","依已核讀的任務、活動或場景保留用途歸納；原作任務細節與分類依據一起提供。","4研究groups/12subtasks，從object grounding到state回顧、預測、progress與goal tracking。；Ego4D、EPIC、MECCANO、Charades-Ego、HD-EPIC及自錄；351clips不是351獨立環境。","P207: PDF 1,3,4,5,6","98ac34ca6c5e5e85367bbc76844e70d30939b29b4c58188ffdbe431af5e9b237"
"P208","DYAD","industry","裝配與生產作業","2026-10-04","false","依已核讀的任務、活動或場景保留用途歸納；原作任務細節與分類依據一起提供。","3endpoint：causal8步辨識、介入前verbal/physical mode預測、oracle context下回應生成；不是完整robot助手。；同一gearbox組裝工作站、20performers與同一trainedhelper；6pilot sessions不納正式20。","P208: PDF 1,2,3,4,5,6","698811f9c48df7ba4dfef3eab17ed4c8336186b171cbc82e4ea597e06349fdf0"
"P208","DYAD","assistance","協助、交接與陪伴","2026-10-04","false","依已核讀的任務、活動或場景保留用途歸納；原作任務細節與分類依據一起提供。","同場協助者的口頭與身體介入，以及接收者需求。","P208: PDF 1,2,3,4,5,6","698811f9c48df7ba4dfef3eab17ed4c8336186b171cbc82e4ea597e06349fdf0"
"P209","HUI360","public","公共場館與服務","2026-10-04","false","依已核讀的任務、活動或場景保留用途歸納；原作任務細節與分類依據一起提供。","預測是否將發生與平台的物理interaction；不是廣義社交意圖。不同anticipation horizons重評同tracks。；HUI360有9真實場所、30robot placements/setups；SSUP-A兩public-space field sessions另列。","P209: PDF 1,3,4,5,6,8","9b4575648e06d38fb681f06af41179b35afb217270d1526216532130f6c3026f"
"P209","HUI360","assistance","協助、交接與陪伴","2026-10-04","false","依已核讀的任務、活動或場景保留用途歸納；原作任務細節與分類依據一起提供。","預測人將對服務平台取放或接觸，支援合時互動。","P209: PDF 1,3,4,5,6,8","9b4575648e06d38fb681f06af41179b35afb217270d1526216532130f6c3026f"
"P210","RoCo Challenge","industry","裝配與生產作業","2026-10-04","false","依已核讀的任務、活動或場景保留用途歸納；原作任務細節與分類依據一起提供。","1gearbox workflow的3scenario：從零組裝、partial state續作、error recovery。real只3planet gears，sim含sun/ring更多parts。；IsaacSim工作站與Galaxea R1 Lite實機；simulation人類參與由初始化partial state模擬。","P210: PDF 1,3,4,5,6,12","1b91dade9b97b3cbbde4f382166932d5d38a29b4038328808755568fc5b47c29"
"P210","RoCo Challenge","assistance","協助、交接與陪伴","2026-10-04","false","依已核讀的任務、活動或場景保留用途歸納；原作任務細節與分類依據一起提供。","從人交付的部分裝配狀態續作和錯誤修復。","P210: PDF 1,3,4,5,6,12","1b91dade9b97b3cbbde4f382166932d5d38a29b4038328808755568fc5b47c29"
"P211","AssemblyGrid","industry","裝配與生產作業","2026-10-04","false","依已核讀的任務、活動或場景保留用途歸納；原作任務細節與分類依據一起提供。","Flow/Coalition/Concurrency三workload families×easy/medium/hard＝9official scenarios，程度為family內配置，不保證每policy單調。；抽象grid生產模擬，geometry/reach/workspace限制；不模擬robot-specific接觸physics。","P211: PDF 1,10,11,12,13,14,15,16,17,18,19,20,21,22,54,56","8661b2c5550168645f05f00d371e18fbdb54c431355ebf45b56a117ba5934f2d"
"P212","ARB4WM","home","居家整理與清潔","2026-10-04","true","同時涵蓋物件操作與行走／平衡控制，歸入通用作業；門窗與咖啡／餐盤任務另標對應用途。","window-open／window-close；coffee-pull與plate-slide","P212: PDF 8","7164d9a676e577b14d43e71e8cc37115faf37eba06430b824a84b05822e11b4b"
"P212","ARB4WM","food","餐飲與烹飪","2026-10-04","true","同時涵蓋物件操作與行走／平衡控制，歸入通用作業；門窗與咖啡／餐盤任務另標對應用途。","window-open／window-close；coffee-pull與plate-slide","P212: PDF 8","7164d9a676e577b14d43e71e8cc37115faf37eba06430b824a84b05822e11b4b"
"P212","ARB4WM","general","通用物件與機動作業","2026-10-04","true","同時涵蓋物件操作與行走／平衡控制，歸入通用作業；門窗與咖啡／餐盤任務另標對應用途。","reacher、walker、hopper、cartpole、finger；reach、handle-press、plate-slide","P212: PDF 8","7164d9a676e577b14d43e71e8cc37115faf37eba06430b824a84b05822e11b4b"
"P214","COIN（interactive）","home","居家整理與清潔","2026-10-04","true","開櫃、找書、操作微波爐都有可辨認用途；純互動推理與幾何控制題保留在通用作業。","Open-Drawer／Open-Cabinet；Open-Microwave／Close-Microwave；FindBook-FromShelf","P214: PDF 20,23","0e8f4586f184eb25ae2bd4bc596b3385b4e27319784a61dfa8c67bd98ba07f3c"
"P214","COIN（interactive）","food","餐飲與烹飪","2026-10-04","true","開櫃、找書、操作微波爐都有可辨認用途；純互動推理與幾何控制題保留在通用作業。","Open-Drawer／Open-Cabinet；Open-Microwave／Close-Microwave；FindBook-FromShelf","P214: PDF 20,23","0e8f4586f184eb25ae2bd4bc596b3385b4e27319784a61dfa8c67bd98ba07f3c"
"P214","COIN（interactive）","general","通用物件與機動作業","2026-10-04","true","開櫃、找書、操作微波爐都有可辨認用途；純互動推理與幾何控制題保留在通用作業。","根據互動取得隱藏資訊，再調整操作；object-centric／robot-centric／compositional reasoning","P214: PDF 4,17","0e8f4586f184eb25ae2bd4bc596b3385b4e27319784a61dfa8c67bd98ba07f3c"
"P002","HowTo100M","food","餐飲與烹飪","2026-10-04","false","依已核讀的任務、活動或場景保留用途歸納；原作任務細節與分類依據一起提供。","23,611 visual tasks是WikiHow搜尋活動標籤，未正規化成robot goals。；YouTube instructional/vlog等影片；12 WikiHow用途類別，不是12個物理場景。","P002: PDF 1,2,3,4,5,6","f55dbcb6598acecdedd0178243457eed6daf14626744e9bc50b0622cdbf58894"
"P002","HowTo100M","office","辦公與教育","2026-10-04","false","依已核讀的任務、活動或場景保留用途歸納；原作任務細節與分類依據一起提供。","23,611 visual tasks是WikiHow搜尋活動標籤，未正規化成robot goals。；YouTube instructional/vlog等影片；12 WikiHow用途類別，不是12個物理場景。","P002: PDF 1,2,3,4,5,6","f55dbcb6598acecdedd0178243457eed6daf14626744e9bc50b0622cdbf58894"
"P002","HowTo100M","craft","工藝與修繕","2026-10-04","false","依已核讀的任務、活動或場景保留用途歸納；原作任務細節與分類依據一起提供。","23,611 visual tasks是WikiHow搜尋活動標籤，未正規化成robot goals。；YouTube instructional/vlog等影片；12 WikiHow用途類別，不是12個物理場景。","P002: PDF 1,2,3,4,5,6","f55dbcb6598acecdedd0178243457eed6daf14626744e9bc50b0622cdbf58894"
"P002","HowTo100M","care","個人照護","2026-10-04","false","依已核讀的任務、活動或場景保留用途歸納；原作任務細節與分類依據一起提供。","23,611 visual tasks是WikiHow搜尋活動標籤，未正規化成robot goals。；YouTube instructional/vlog等影片；12 WikiHow用途類別，不是12個物理場景。","P002: PDF 1,2,3,4,5,6","f55dbcb6598acecdedd0178243457eed6daf14626744e9bc50b0622cdbf58894"
"P002","HowTo100M","transport","交通移動與車輛維修","2026-10-04","false","依已核讀的任務、活動或場景保留用途歸納；原作任務細節與分類依據一起提供。","23,611 visual tasks是WikiHow搜尋活動標籤，未正規化成robot goals。；YouTube instructional/vlog等影片；12 WikiHow用途類別，不是12個物理場景。","P002: PDF 1,2,3,4,5,6","f55dbcb6598acecdedd0178243457eed6daf14626744e9bc50b0622cdbf58894"
"P002","HowTo100M","garden","農業與園藝","2026-10-04","false","依已核讀的任務、活動或場景保留用途歸納；原作任務細節與分類依據一起提供。","23,611 visual tasks是WikiHow搜尋活動標籤，未正規化成robot goals。；YouTube instructional/vlog等影片；12 WikiHow用途類別，不是12個物理場景。","P002: PDF 1,2,3,4,5,6","f55dbcb6598acecdedd0178243457eed6daf14626744e9bc50b0622cdbf58894"
"P002","HowTo100M","leisure","休閒與運動","2026-10-04","false","依已核讀的任務、活動或場景保留用途歸納；原作任務細節與分類依據一起提供。","23,611 visual tasks是WikiHow搜尋活動標籤，未正規化成robot goals。；YouTube instructional/vlog等影片；12 WikiHow用途類別，不是12個物理場景。","P002: PDF 1,2,3,4,5,6","f55dbcb6598acecdedd0178243457eed6daf14626744e9bc50b0622cdbf58894"
"P002","HowTo100M","animal","寵物照護與動物活動","2026-10-04","false","依已核讀的任務、活動或場景保留用途歸納；原作任務細節與分類依據一起提供。","23,611 visual tasks是WikiHow搜尋活動標籤，未正規化成robot goals。；YouTube instructional/vlog等影片；12 WikiHow用途類別，不是12個物理場景。","P002: PDF 1,2,3,4,5,6","f55dbcb6598acecdedd0178243457eed6daf14626744e9bc50b0622cdbf58894"
"P034","EgoVLP","home","居家整理與清潔","2026-10-04","false","依已核讀的任務、活動或場景保留用途歸納；原作任務細節與分類依據一起提供。","EgoMCQ包含inter-video/intra-video兩種五選一video-text配對；EgoClip是訓練庫。；Ego4D的129scenario labels；來源環境重用。","P034: PDF 1,3,4,5,6,7","cd7cf25aa25da8a2a88d0875ec2f0a5cf56f99a045eb7c11957a6e27784f584f"
"P034","EgoVLP","craft","工藝與修繕","2026-10-04","false","依已核讀的任務、活動或場景保留用途歸納；原作任務細節與分類依據一起提供。","EgoMCQ包含inter-video/intra-video兩種五選一video-text配對；EgoClip是訓練庫。；Ego4D的129scenario labels；來源環境重用。","P034: PDF 1,3,4,5,6,7","cd7cf25aa25da8a2a88d0875ec2f0a5cf56f99a045eb7c11957a6e27784f584f"
"P037","EgoEnv","home","居家整理與清潔","2026-10-04","false","依已核讀的任務、活動或場景保留用途歸納；原作任務細節與分類依據一起提供。","room prediction與NLQ兩端點；21real room classes，MP3D9classes不是新的生活domain。；pretraining 900 HM3D scenes；HouseTours選886houses，MP3D90scenes；各自保留source單位。","P037: PDF 1,6,7,8","30fca03c8d8d57b800a30c4d921db35c49f8d6339b1679c30268654e7783ba47"
"P051","USST / EgoPAT3D trajectories","home","居家整理與清潔","2026-10-04","false","依已核讀的任務、活動或場景保留用途歸納；原作任務細節與分類依據一起提供。","3D hand-centroid trajectory forecasting；2D projection另報，不是完整手指控制。；EgoPAT3D-DT 14scenes＝11seen+3unseen；H2O重用原capture。","P051: PDF 1,5,6","592b977dc3d758aa321266c4f5e7588d29c8fd207b4630fa191021a49d73b634"
"P051","USST / EgoPAT3D trajectories","wearable","穿戴互動與動作介面","2026-10-04","false","依已核讀的任務、活動或場景保留用途歸納；原作任務細節與分類依據一起提供。","第一人稱3D手部軌跡預測。","P051: PDF 1,5,6","592b977dc3d758aa321266c4f5e7588d29c8fd207b4630fa191021a49d73b634"
"P053","HandsOnVLM","food","餐飲與烹飪","2026-10-04","false","依已核讀的任務、活動或場景保留用途歸納；原作任務細節與分類依據一起提供。","VHP顯式動作指令與RBHP隱式意圖兩預測任務；10observed→4future frames，4fps。；EPIC/H2O/FPHA/Ego4D原影片環境，無新增可執行robot scenes。","P053: PDF 1,5,6,7","9ad31595678bd06e9139e118c6a693354034f7c08a91f74988de80f3e5836948"
"P053","HandsOnVLM","wearable","穿戴互動與動作介面","2026-10-04","false","依已核讀的任務、活動或場景保留用途歸納；原作任務細節與分類依據一起提供。","依明示或隱含語言需求預測手部軌跡。","P053: PDF 1,5,6,7","9ad31595678bd06e9139e118c6a693354034f7c08a91f74988de80f3e5836948"
"P054","EgoVid-5M / EgoDreamer","home","居家整理與清潔","2026-10-04","false","依已核讀的任務、活動或場景保留用途歸納；原作任務細節與分類依據一起提供。","文字與camera kinematics條件下video generation；kinematic label不是robot action。；重用Ego4D來源，場景總數未報。","P054: PDF 1,4,5,6,7,8","c878ace0c6d18cf230b26b97a809cdaeda44659ed1cdf693245c44b6681b7f9d"
"P054","EgoVid-5M / EgoDreamer","office","辦公與教育","2026-10-04","false","依已核讀的任務、活動或場景保留用途歸納；原作任務細節與分類依據一起提供。","文字與camera kinematics條件下video generation；kinematic label不是robot action。；重用Ego4D來源，場景總數未報。","P054: PDF 1,4,5,6,7,8","c878ace0c6d18cf230b26b97a809cdaeda44659ed1cdf693245c44b6681b7f9d"
"P054","EgoVid-5M / EgoDreamer","craft","工藝與修繕","2026-10-04","false","依已核讀的任務、活動或場景保留用途歸納；原作任務細節與分類依據一起提供。","文字與camera kinematics條件下video generation；kinematic label不是robot action。；重用Ego4D來源，場景總數未報。","P054: PDF 1,4,5,6,7,8","c878ace0c6d18cf230b26b97a809cdaeda44659ed1cdf693245c44b6681b7f9d"
"P054","EgoVid-5M / EgoDreamer","leisure","休閒與運動","2026-10-04","false","依已核讀的任務、活動或場景保留用途歸納；原作任務細節與分類依據一起提供。","文字與camera kinematics條件下video generation；kinematic label不是robot action。；重用Ego4D來源，場景總數未報。","P054: PDF 1,4,5,6,7,8","c878ace0c6d18cf230b26b97a809cdaeda44659ed1cdf693245c44b6681b7f9d"
"P057","Motor attention and action forecasting","food","餐飲與烹飪","2026-10-04","false","依已核讀的任務、活動或場景保留用途歸納；原作任務細節與分類依據一起提供。","action anticipation、motor attention、interaction hotspot三端點。；EGTEA與EPIC-Kitchens原capture。","P057: PDF 1,7,8,9,11","91f5c905b44c16ebb6de7ac8c6523846a0254a218889c9afb2fc8305e061fc33"
"P057","Motor attention and action forecasting","wearable","穿戴互動與動作介面","2026-10-04","false","依已核讀的任務、活動或場景保留用途歸納；原作任務細節與分類依據一起提供。","手部motor attention與接觸位置預測。","P057: PDF 1,7,8,9,11","91f5c905b44c16ebb6de7ac8c6523846a0254a218889c9afb2fc8305e061fc33"
"P060","Continuous 4D interaction forecasting","food","餐飲與烹飪","2026-10-04","false","依已核讀的任務、活動或場景保留用途歸納；原作任務細節與分類依據一起提供。","3D interaction location＋full-body pose聯合預測；Cooking/Health/BikeRepair三用途。；Ego-Exo4D的787takes，不等於787獨立場地。","P060: PDF 1,2,4,5,6","831ddd738803ba93751f328695856f63519cd1327b28140774d76cb95ae0ba35"
"P060","Continuous 4D interaction forecasting","medical","醫療與手術支援","2026-10-04","false","依已核讀的任務、活動或場景保留用途歸納；原作任務細節與分類依據一起提供。","3D interaction location＋full-body pose聯合預測；Cooking/Health/BikeRepair三用途。；Ego-Exo4D的787takes，不等於787獨立場地。","P060: PDF 1,2,4,5,6","831ddd738803ba93751f328695856f63519cd1327b28140774d76cb95ae0ba35"
"P060","Continuous 4D interaction forecasting","transport","交通移動與車輛維修","2026-10-04","false","依已核讀的任務、活動或場景保留用途歸納；原作任務細節與分類依據一起提供。","3D interaction location＋full-body pose聯合預測；Cooking/Health/BikeRepair三用途。；Ego-Exo4D的787takes，不等於787獨立場地。","P060: PDF 1,2,4,5,6","831ddd738803ba93751f328695856f63519cd1327b28140774d76cb95ae0ba35"
"P060","Continuous 4D interaction forecasting","wearable","穿戴互動與動作介面","2026-10-04","false","依已核讀的任務、活動或場景保留用途歸納；原作任務細節與分類依據一起提供。","3D互動位置與全身姿態的聯合預測。","P060: PDF 1,2,4,5,6","831ddd738803ba93751f328695856f63519cd1327b28140774d76cb95ae0ba35"
"P077","CLIPort","logistics","包裝、倉儲與物流","2026-10-04","false","依已核讀的任務、活動或場景保留用途歸納；原作任務細節與分類依據一起提供。","10language-conditioned tasks；8有seen/unseen semantic variants。；PyBullet Ravens UR5e桌面；3noiseless cameras融合RGB-D。","P077: PDF 1,2,4,5,6","3cc19664beabda203cb1a1ad86659f75f60a099189820d92d59d20067c9ab003"
"P077","CLIPort","general","通用物件與機動作業","2026-10-04","false","依已核讀的任務、活動或場景保留用途歸納；原作任務細節與分類依據一起提供。","語言條件下物件取放、組合與視覺屬性泛化。","P077: PDF 1,2,4,5,6","3cc19664beabda203cb1a1ad86659f75f60a099189820d92d59d20067c9ab003"
"P088","FlingBot","garment","衣物與洗護","2026-10-04","false","依已核讀的任務、活動或場景保留用途歸納；原作任務細節與分類依據一起提供。","主要1個unfolding目標；三clothtypes是材料/形狀泛化設定。；simulation cloths與dualUR5真實工作站；NormalRect/LargeRect/Shirt三object regimes。","P088: PDF 1,6,7","ad6e502825c044a1ce13911164ae7817e00628ba7ac3e46358cc277c9d25dc8e"
"P089","SpeedFolding","garment","衣物與洗護","2026-10-04","false","依已核讀的任務、活動或場景保留用途歸納；原作任務細節與分類依據一起提供。","smoothing→folding，instruction/2-second/Fling-to-fold三策略並非三個生活domain。；ABB YuMi工作站；known shirt、unseen shirt、towel。","P089: PDF 1,5,6,7","2421f14228d394a1a2f683d8156f4ff953dee3dd1deefef64ce0037854b86be1"
"P090","Cloth Funnels","garment","衣物與洗護","2026-10-04","false","依已核讀的任務、活動或場景保留用途歸納；原作任務細節與分類依據一起提供。","canonicalized alignment，另支援folding/ironing；highcoverage不保證對齊。；CLOTH3D simulation與真實衣物工作站，5garment categories。","P090: PDF 1,2,4,5,6","06417ac85cf98e06ede6fd96b746e6e1ce3ad99ca09fcd9f61789122d0ecfcdb"
"P091","UniFolding","garment","衣物與洗護","2026-10-04","false","依已核讀的任務、活動或場景保留用途歸納；原作任務細節與分類依據一起提供。","兩類衣物的unfold+fold流程；60realgarments的train/test40/20。；RFUniverse/ClothDynamics及雙Flexiv工作站；2garment categories。","P091: PDF 1,2,5,6","b51de4cbad0c9715a18e88ce74af68a21192ad10e130a1b956715c87706d8049"
"P110","AHA","home","居家整理與清潔","2026-10-04","false","依已核讀的任務、活動或場景保留用途歸納；原作任務細節與分類依據一起提供。","7failure modes的Yes/No判斷＋原因解釋；識別失敗不等同真正恢復。；RLBench、ManiSkill與realRoboFail；非新增三套物理環境。","P110: PDF 1,2,4,5,6,7,8","d647c7bff1ccb2d0ae805bab761177aba8cd50d81d0418ca174e9ae97054791b"
"P125","Open X-Embodiment","home","居家整理與清潔","2026-10-04","false","依已核讀的任務、活動或場景保留用途歸納；原作任務細節與分類依據一起提供。","結論報527skills／160,266tasks；方法用語言抽取skills，不能直接當160,266正規化goal definitions。；60來源datasets、22embodiments；場所數由各dataset metadata而來，非60新環境。","P125: PDF 1,2,3,4,6","13f16aff5afdee583dc25b3c570e9bb0cf6baefb59b539928d919588cd8d9246"
"P125","Open X-Embodiment","food","餐飲與烹飪","2026-10-04","false","依已核讀的任務、活動或場景保留用途歸納；原作任務細節與分類依據一起提供。","結論報527skills／160,266tasks；方法用語言抽取skills，不能直接當160,266正規化goal definitions。；60來源datasets、22embodiments；場所數由各dataset metadata而來，非60新環境。","P125: PDF 1,2,3,4,6","13f16aff5afdee583dc25b3c570e9bb0cf6baefb59b539928d919588cd8d9246"
"P125","Open X-Embodiment","general","通用物件與機動作業","2026-10-04","false","依已核讀的任務、活動或場景保留用途歸納；原作任務細節與分類依據一起提供。","多機體、技能與物件的通用robot作業資料整合。","P125: PDF 1,2,3,4,6","13f16aff5afdee583dc25b3c570e9bb0cf6baefb59b539928d919588cd8d9246"
"P126","DROID","home","居家整理與清潔","2026-10-04","false","依已核讀的任務、活動或場景保留用途歸納；原作任務細節與分類依據一起提供。","86是unique verb/task口徑；下游主實驗6tasks/4locations，不是全86實測。；564workspace scenes分52buildings；換物件擺位不增加scene。","P126: PDF 1,2,3,7","9e40a9c934ce78ea315d2c05593d60f9e18edf6dcd3785cd66439518965c3b07"
"P126","DROID","food","餐飲與烹飪","2026-10-04","false","依已核讀的任務、活動或場景保留用途歸納；原作任務細節與分類依據一起提供。","86是unique verb/task口徑；下游主實驗6tasks/4locations，不是全86實測。；564workspace scenes分52buildings；換物件擺位不增加scene。","P126: PDF 1,2,3,7","9e40a9c934ce78ea315d2c05593d60f9e18edf6dcd3785cd66439518965c3b07"
"P126","DROID","office","辦公與教育","2026-10-04","false","依已核讀的任務、活動或場景保留用途歸納；原作任務細節與分類依據一起提供。","86是unique verb/task口徑；下游主實驗6tasks/4locations，不是全86實測。；564workspace scenes分52buildings；換物件擺位不增加scene。","P126: PDF 1,2,3,7","9e40a9c934ce78ea315d2c05593d60f9e18edf6dcd3785cd66439518965c3b07"
"P127","BridgeData V2","home","居家整理與清潔","2026-10-04","false","依已核讀的任務、活動或場景保留用途歸納；原作任務細節與分類依據一起提供。","13skills；同skill換object可成不同原作task，未報全庫正規化task總數。；24environments，含7toy kitchens及tabletops/sinks/laundrysetups，4環境類別。","P127: PDF 1,3,4,5,6","aa5fdac48bf9122b22f88150d45575cb0685f2a2f761ca6fc570be743022819b"
"P127","BridgeData V2","food","餐飲與烹飪","2026-10-04","false","依已核讀的任務、活動或場景保留用途歸納；原作任務細節與分類依據一起提供。","13skills；同skill換object可成不同原作task，未報全庫正規化task總數。；24environments，含7toy kitchens及tabletops/sinks/laundrysetups，4環境類別。","P127: PDF 1,3,4,5,6","aa5fdac48bf9122b22f88150d45575cb0685f2a2f761ca6fc570be743022819b"
"P127","BridgeData V2","garment","衣物與洗護","2026-10-04","false","依已核讀的任務、活動或場景保留用途歸納；原作任務細節與分類依據一起提供。","13skills；同skill換object可成不同原作task，未報全庫正規化task總數。；24environments，含7toy kitchens及tabletops/sinks/laundrysetups，4環境類別。","P127: PDF 1,3,4,5,6","aa5fdac48bf9122b22f88150d45575cb0685f2a2f761ca6fc570be743022819b"
"P128","RoboNet","general","通用物件與機動作業","2026-10-04","true","核心目標是把未知物件推或抓放到指定位置，歸入跨場域物件搬移作業。","object relocation：pushing 或 grasping-and-placing；跨機器人、物件、場景與視角復用","P128: PDF 3,5","01a03705dfb76192445b8c09fa3e85d67a1d9165b2c00df3672cfd10cc66052a"
"P186","BiFold","garment","衣物與洗護","2026-10-04","false","依已核讀的任務、活動或場景保留用途歸納；原作任務細節與分類依據一起提供。","language-guided single/bimanual folding；新方向/位置規則与instructionparaphrase分開。；VR-Folding/CLOTH3D重渲染，SoftGym；真實RGB-D衣物觀測。","P186: PDF 1,3,4","f80ff8748e8d36c77c1f3decfdff8b86e43da9909071a194e963c876c3ce56f3"
"P188","DRAPER","garment","衣物與洗護","2026-10-04","false","依已核讀的任務、活動或場景保留用途歸納；原作任務細節與分類依據一起提供。","flattening及3種foldpatterns：allcornersinward、corners-edgeinward、diagonal-cross。；RealAdapt Towels改SoftGym grasp近似；Franka與UR3e對照，camera/gripper差異顯式處理。","P188: PDF 1,4,5,6","82f9a63cec8b5a6595ee60eff3f5f7d00bfb25d91cfd2fbe557897633d230632"
"P191","ClothesNet","garment","衣物與洗護","2026-10-04","false","依已核讀的任務、活動或場景保留用途歸納；原作任務細節與分類依據一起提供。","分類、boundarysegmentation、keypoints三感知端點；simfold直接控制vertices，dressing/hanging多為可支援用途。；約4,400garment meshes/11categories；ClothesNetM3,051可用subset，mesh不是環境。","P191: PDF 1,2,4,6,7,8","bdbcb57fbe8831c335e596f96e984f928bbd504a8bdd7e0be8ec0bcb191f02c9"
"P193","GRIP","general","通用物件與機動作業","2026-10-04","true","產生穩定抓握並預測物件受力，歸入通用抓取與易損物處理作業。","單／雙手穩定抓取；穿透與接觸距離檢查；杯碗等可變形物的應力預測","P193: PDF 4,5,6","04cf205cc12587bbc6680049d1eaa00b17736f5efde4581b6e2043a79bd684a5"
"P120","EgoScale","home","居家整理與清潔","2026-10-04","false","依已核讀的任務、活動或場景保留用途歸納；原作任務細節與分類依據一起提供。","人類6,015task labels、對齊midtraining344tabletop tasks；主實機只5dexterous goals。；作者報9,869scenes的人類影片；語義場所/影片scene定義及與其他corpora交集待核。","P120: PDF 1,3,4,6,7","39c691baf374a154e26ffc0098b97037875909495013d4017d97761716ff2735"
"P120","EgoScale","garment","衣物與洗護","2026-10-04","false","依已核讀的任務、活動或場景保留用途歸納；原作任務細節與分類依據一起提供。","人類6,015task labels、對齊midtraining344tabletop tasks；主實機只5dexterous goals。；作者報9,869scenes的人類影片；語義場所/影片scene定義及與其他corpora交集待核。","P120: PDF 1,3,4,6,7","39c691baf374a154e26ffc0098b97037875909495013d4017d97761716ff2735"
"P120","EgoScale","office","辦公與教育","2026-10-04","false","依已核讀的任務、活動或場景保留用途歸納；原作任務細節與分類依據一起提供。","人類6,015task labels、對齊midtraining344tabletop tasks；主實機只5dexterous goals。；作者報9,869scenes的人類影片；語義場所/影片scene定義及與其他corpora交集待核。","P120: PDF 1,3,4,6,7","39c691baf374a154e26ffc0098b97037875909495013d4017d97761716ff2735"
"P120","EgoScale","industry","裝配與生產作業","2026-10-04","false","依已核讀的任務、活動或場景保留用途歸納；原作任務細節與分類依據一起提供。","人類6,015task labels、對齊midtraining344tabletop tasks；主實機只5dexterous goals。；作者報9,869scenes的人類影片；語義場所/影片scene定義及與其他corpora交集待核。","P120: PDF 1,3,4,6,7","39c691baf374a154e26ffc0098b97037875909495013d4017d97761716ff2735"
"P120","EgoScale","retail","零售與購物","2026-10-04","false","依已核讀的任務、活動或場景保留用途歸納；原作任務細節與分類依據一起提供。","人類6,015task labels、對齊midtraining344tabletop tasks；主實機只5dexterous goals。；作者報9,869scenes的人類影片；語義場所/影片scene定義及與其他corpora交集待核。","P120: PDF 1,3,4,6,7","39c691baf374a154e26ffc0098b97037875909495013d4017d97761716ff2735"
"P120","EgoScale","lab","實驗室操作","2026-10-04","false","依已核讀的任務、活動或場景保留用途歸納；原作任務細節與分類依據一起提供。","人類6,015task labels、對齊midtraining344tabletop tasks；主實機只5dexterous goals。；作者報9,869scenes的人類影片；語義場所/影片scene定義及與其他corpora交集待核。","P120: PDF 1,3,4,6,7","39c691baf374a154e26ffc0098b97037875909495013d4017d97761716ff2735"
"P132","RT-1","home","居家整理與清潔","2026-10-04","false","依已核讀的任務、活動或場景保留用途歸納；原作任務細節與分類依據一起提供。","Table1有744language instructions，依verb分skill；不等同744工作家族。；三evalenvironments：robotclassroom與兩個realofficekitchens；13robots不是13獨立場景。","P132: PDF 1,4,5,7,8,9","81efe669c8fa50ffc7097886dc78a442fa7a8f7f2451684b93069cb9fbeda767"
"P132","RT-1","food","餐飲與烹飪","2026-10-04","false","依已核讀的任務、活動或場景保留用途歸納；原作任務細節與分類依據一起提供。","Table1有744language instructions，依verb分skill；不等同744工作家族。；三evalenvironments：robotclassroom與兩個realofficekitchens；13robots不是13獨立場景。","P132: PDF 1,4,5,7,8,9","81efe669c8fa50ffc7097886dc78a442fa7a8f7f2451684b93069cb9fbeda767"
"P150","DreamDojo","home","居家整理與清潔","2026-10-04","false","依已核讀的任務、活動或場景保留用途歸納；原作任務細節與分類依據一起提供。","6,015skills/tasks由GPT對globalcaptions估計；6個generation evalsets非6生活domains。；Table1的1.135M scenes與正文9,869unique scenes不一致；暫不取其中任一為去重環境總量。","P150: PDF 1,2,4,5,8,9,10","c8f02e22c8fbe98e0b50215e10e1f6baf2f589b1987e5c6dc07175bfe6fe8587"
"P150","DreamDojo","office","辦公與教育","2026-10-04","false","依已核讀的任務、活動或場景保留用途歸納；原作任務細節與分類依據一起提供。","6,015skills/tasks由GPT對globalcaptions估計；6個generation evalsets非6生活domains。；Table1的1.135M scenes與正文9,869unique scenes不一致；暫不取其中任一為去重環境總量。","P150: PDF 1,2,4,5,8,9,10","c8f02e22c8fbe98e0b50215e10e1f6baf2f589b1987e5c6dc07175bfe6fe8587"
"P150","DreamDojo","craft","工藝與修繕","2026-10-04","false","依已核讀的任務、活動或場景保留用途歸納；原作任務細節與分類依據一起提供。","6,015skills/tasks由GPT對globalcaptions估計；6個generation evalsets非6生活domains。；Table1的1.135M scenes與正文9,869unique scenes不一致；暫不取其中任一為去重環境總量。","P150: PDF 1,2,4,5,8,9,10","c8f02e22c8fbe98e0b50215e10e1f6baf2f589b1987e5c6dc07175bfe6fe8587"
"P150","DreamDojo","industry","裝配與生產作業","2026-10-04","false","依已核讀的任務、活動或場景保留用途歸納；原作任務細節與分類依據一起提供。","6,015skills/tasks由GPT對globalcaptions估計；6個generation evalsets非6生活domains。；Table1的1.135M scenes與正文9,869unique scenes不一致；暫不取其中任一為去重環境總量。","P150: PDF 1,2,4,5,8,9,10","c8f02e22c8fbe98e0b50215e10e1f6baf2f589b1987e5c6dc07175bfe6fe8587"
"P150","DreamDojo","retail","零售與購物","2026-10-04","false","依已核讀的任務、活動或場景保留用途歸納；原作任務細節與分類依據一起提供。","6,015skills/tasks由GPT對globalcaptions估計；6個generation evalsets非6生活domains。；Table1的1.135M scenes與正文9,869unique scenes不一致；暫不取其中任一為去重環境總量。","P150: PDF 1,2,4,5,8,9,10","c8f02e22c8fbe98e0b50215e10e1f6baf2f589b1987e5c6dc07175bfe6fe8587"
"P150","DreamDojo","transport","交通移動與車輛維修","2026-10-04","false","依已核讀的任務、活動或場景保留用途歸納；原作任務細節與分類依據一起提供。","6,015skills/tasks由GPT對globalcaptions估計；6個generation evalsets非6生活domains。；Table1的1.135M scenes與正文9,869unique scenes不一致；暫不取其中任一為去重環境總量。","P150: PDF 1,2,4,5,8,9,10","c8f02e22c8fbe98e0b50215e10e1f6baf2f589b1987e5c6dc07175bfe6fe8587"
"P213","Vision to Harvest","garden","農業與園藝","2026-10-04","false","依已核讀的任務、活動或場景保留用途歸納；原作任務細節與分類依據一起提供。","multi-armCartesian fruit harvesting的offlineallocation/waypointplanning；apple/citrus兩作物設定。；Fuji apple及citrus orchard RGB-D資料；citrus父庫432images，实际held-outscene數未報。","P213: PDF 1,2,3,4,5,6","b3ee03d5d25e728c85d714de947fb09d06f56e94067923961d75c365281c22eb"
"P216","HAP","wearable","穿戴互動與動作介面","2026-10-04","true","預測頭部轉向以看到被遮擋的操作目標，歸入穿戴觀察與動作介面。","目標被遮擋時預測適當head reorientation；頭手協同的6DoF頭部動作預測","P216: PDF 1,5","0cbfc4268916f842b362862865080ed9f76fbefdab51c290d6e567b9e03abf8a"
"P217","TRS + RVG","food","餐飲與烹飪","2026-10-04","false","依已核讀的任務、活動或場景保留用途歸納；原作任務細節與分類依據一起提供。","actionanticipation下六maincorruptions；額外standaloneblur是severitytransfer。；EGTEA/EPIC原資料；破壞TSNfeaturetokens，不是重新收集真實sensorfailures。","P217: PDF 1,2,6,7","13aaaf69bfbfa5c99ef154700c56eb0f34385c23b6bb5503a53965250a5e7e6a"
"P222","Uni-Hand","home","居家整理與清潔","2026-10-04","true","把手部預測連到互動介面與機器人示教；杯墊擺杯、蘋果入盤和盒子上架另提供餐飲／整理用途。","cup on coaster；apple on plate；box on shelf","P222: PDF 9,10","f71d9925369c1a5feb6fe1ecf4b409c2c11ae40edf1f0c8c7d568d12a00417ca"
"P222","Uni-Hand","food","餐飲與烹飪","2026-10-04","true","把手部預測連到互動介面與機器人示教；杯墊擺杯、蘋果入盤和盒子上架另提供餐飲／整理用途。","cup on coaster；apple on plate；box on shelf","P222: PDF 9,10","f71d9925369c1a5feb6fe1ecf4b409c2c11ae40edf1f0c8c7d568d12a00417ca"
"P222","Uni-Hand","general","通用物件與機動作業","2026-10-04","true","把手部預測連到互動介面與機器人示教；杯墊擺杯、蘋果入盤和盒子上架另提供餐飲／整理用途。","人手動作與contact state預測；HAT把預測軌跡與開合訊號轉成robot end-effector作業","P222: PDF 9,10","f71d9925369c1a5feb6fe1ecf4b409c2c11ae40edf1f0c8c7d568d12a00417ca"
"P222","Uni-Hand","wearable","穿戴互動與動作介面","2026-10-04","true","把手部預測連到互動介面與機器人示教；杯墊擺杯、蘋果入盤和盒子上架另提供餐飲／整理用途。","人手動作與contact state預測；HAT把預測軌跡與開合訊號轉成robot end-effector作業","P222: PDF 9,10","f71d9925369c1a5feb6fe1ecf4b409c2c11ae40edf1f0c8c7d568d12a00417ca"
"P224","EMPIRE","wearable","穿戴互動與動作介面","2026-10-04","true","預測雙手未來動作並產生操作計畫，歸入穿戴互動與動作介面。","雙手五秒動作預測；每隻手的操作計畫；原文明列VR／AR、robot learning、human-robot collaboration","P224: PDF 1,4","e49c2bea71f4e0913128fd930c8536111ea26aa22782f634ac9ce7497f14aa03"
"P225","Exo2EgoPose","industry","裝配與生產作業","2026-10-04","false","依已核讀的任務、活動或場景保留用途歸納；原作任務細節與分類依據一起提供。","vision-language3Dhandposeforecast；EgoMe-pose為新增derivedbenchmark。；AssemblyHands/EgoExo4D/EgoMe原場景，exovideo供訓練supervision。","P225: PDF 1,2,5,6","de7fddd04e06fecbb6bf89e299b81ad55b49b90cbbb5d57ec0856fd8cd1a5c43"
"P225","Exo2EgoPose","wearable","穿戴互動與動作介面","2026-10-04","false","依已核讀的任務、活動或場景保留用途歸納；原作任務細節與分類依據一起提供。","Ego／Exo示範支持的語言引導3D手姿態預測。","P225: PDF 1,2,5,6","de7fddd04e06fecbb6bf89e299b81ad55b49b90cbbb5d57ec0856fd8cd1a5c43"
"P226","EgoTraj","transport","交通移動與車輛維修","2026-10-04","false","依已核讀的任務、活動或場景保留用途歸納；原作任務細節與分類依據一起提供。","wearer6DoFtrajectoryprediction，gaze/sceneannotations作modalities。；7outdoorwaypoints/21origin-destinationpairs；waypoint和route不等於21獨立地理環境。","P226: PDF 1,2,3,4,5,6,7","c6789c21ac3754c8b4f240cc614ab7712284681a8b02fa63e9ec08d9dbcfea82"
"P226","EgoTraj","wearable","穿戴互動與動作介面","2026-10-04","false","依已核讀的任務、活動或場景保留用途歸納；原作任務細節與分類依據一起提供。","眼鏡／頭盔使用者的6DoF移動與凝視訊號。","P226: PDF 1,2,3,4,5,6,7","c6789c21ac3754c8b4f240cc614ab7712284681a8b02fa63e9ec08d9dbcfea82"
"P228","SFHand / EgoHaFL","home","居家整理與清潔","2026-10-04","true","即時語言引導手部預測歸入動作介面；其Kitchen與Adroit下游評測另外歸納家居／餐飲與通用作業。","開燈、開門／微波爐、轉爐具旋鈕；重定向筆與搬球","P228: PDF 5","523777e21488e904c826eaab83130b80cffb36f33c1de90506f75949869bee9d"
"P228","SFHand / EgoHaFL","food","餐飲與烹飪","2026-10-04","true","即時語言引導手部預測歸入動作介面；其Kitchen與Adroit下游評測另外歸納家居／餐飲與通用作業。","開燈、開門／微波爐、轉爐具旋鈕；重定向筆與搬球","P228: PDF 5","523777e21488e904c826eaab83130b80cffb36f33c1de90506f75949869bee9d"
"P228","SFHand / EgoHaFL","general","通用物件與機動作業","2026-10-04","true","即時語言引導手部預測歸入動作介面；其Kitchen與Adroit下游評測另外歸納家居／餐飲與通用作業。","開燈、開門／微波爐、轉爐具旋鈕；重定向筆與搬球","P228: PDF 5","523777e21488e904c826eaab83130b80cffb36f33c1de90506f75949869bee9d"
"P228","SFHand / EgoHaFL","wearable","穿戴互動與動作介面","2026-10-04","true","即時語言引導手部預測歸入動作介面；其Kitchen與Adroit下游評測另外歸納家居／餐飲與通用作業。","real-time AR／assistive robotics的hand-state forecasting","P228: PDF 1,5","523777e21488e904c826eaab83130b80cffb36f33c1de90506f75949869bee9d"
"P229","UniEgoMotion","food","餐飲與烹飪","2026-10-04","false","依已核讀的任務、活動或場景保留用途歸納；原作任務細節與分類依據一起提供。","reconstruction、forecasting、generation三不同觀測條件；同資料重用。；EgoExo4D原takes，新增pseudoSMPL-X重建。","P229: PDF 1,2,3,4,5","841c3f6b142a703b951a3bbf3b4b85d7ce9d771d5fcebda569b703a3c857baa7"
"P229","UniEgoMotion","leisure","休閒與運動","2026-10-04","false","依已核讀的任務、活動或場景保留用途歸納；原作任務細節與分類依據一起提供。","reconstruction、forecasting、generation三不同觀測條件；同資料重用。；EgoExo4D原takes，新增pseudoSMPL-X重建。","P229: PDF 1,2,3,4,5","841c3f6b142a703b951a3bbf3b4b85d7ce9d771d5fcebda569b703a3c857baa7"
"P229","UniEgoMotion","music","音樂與表演","2026-10-04","false","依已核讀的任務、活動或場景保留用途歸納；原作任務細節與分類依據一起提供。","reconstruction、forecasting、generation三不同觀測條件；同資料重用。；EgoExo4D原takes，新增pseudoSMPL-X重建。","P229: PDF 1,2,3,4,5","841c3f6b142a703b951a3bbf3b4b85d7ce9d771d5fcebda569b703a3c857baa7"
"P229","UniEgoMotion","wearable","穿戴互動與動作介面","2026-10-04","false","依已核讀的任務、活動或場景保留用途歸納；原作任務細節與分類依據一起提供。","第一人稱全身動作重建、預測與生成。","P229: PDF 1,2,3,4,5","841c3f6b142a703b951a3bbf3b4b85d7ce9d771d5fcebda569b703a3c857baa7"
"P230","EgoH4","wearable","穿戴互動與動作介面","2026-10-04","true","包含視野外雙手的姿態與動作預測，歸入AR／VR等穿戴動作介面。","in-view／out-of-view手部軌跡與關節預測；AR／VR、HRI與assistive technology","P230: PDF 1,2","16c00d83861cf54090431f84a857bd58983670d1635fa09e3cb8a8b6fc048006"
"P233","OCT / HOI forecasting","food","餐飲與烹飪","2026-10-04","false","依已核讀的任務、活動或場景保留用途歸納；原作任務細節與分類依據一起提供。","handtrajectory與objectcontacthotspot聯合預測。；EPIC55/100及EGTEA原影片，EK100擴充EK55。","P233: PDF 1,4,5,6","c866b4f79af2ef6de72a2ee55996af607cd4a69c977889bb3c3f67b0242fad17"
"P233","OCT / HOI forecasting","wearable","穿戴互動與動作介面","2026-10-04","false","依已核讀的任務、活動或場景保留用途歸納；原作任務細節與分類依據一起提供。","手部軌跡及與物件接觸位置的聯合預測。","P233: PDF 1,4,5,6","c866b4f79af2ef6de72a2ee55996af607cd4a69c977889bb3c3f67b0242fad17"
"P241","AFF-ttention","food","餐飲與烹飪","2026-10-04","false","依已核讀的任務、活動或場景保留用途歸納；原作任務細節與分類依據一起提供。","next-activeobject box/noun/verb/time-to-contact聯合預測。；EPIC-Kitchens新增STAannotations；Ego4D v1/v2原場景。","P241: PDF 1,3,10,11","5bc6b87af40d139d6f59d0cb6bd989130ccd236b866623dc409b6fe248d789a5"
"P246","Decision-aware uncertainty","food","餐飲與烹飪","2026-10-04","false","依已核讀的任務、活動或場景保留用途歸納；原作任務細節與分類依據一起提供。","partial-prefixactionprediction下correctness/calibration/selectiveutility/confidencegeometry四種診斷。；EGTEA/EPIC100既有影片。","P246: PDF 1,2,3,4,5","4efc1650b0634e90b675a99e738d4660ad1c454cbd8b1023bc814cafbc53992c"
"P247","EgoSpanLift","home","居家整理與清潔","2026-10-04","false","依已核讀的任務、活動或場景保留用途歸納；原作任務細節與分類依據一起提供。","3Dvisualspanforecast，多個視角範圍是同target不同granularity。；AEA的143recordings/7.3h與EgoExo4D五活動子集；排除soccer/basketball/dance。","P247: PDF 1,5,7,8","b2ea7307cbe26217da35558970ceadb9f521d3f0841c60ff431031d39a98003f"
"P247","EgoSpanLift","food","餐飲與烹飪","2026-10-04","false","依已核讀的任務、活動或場景保留用途歸納；原作任務細節與分類依據一起提供。","3Dvisualspanforecast，多個視角範圍是同target不同granularity。；AEA的143recordings/7.3h與EgoExo4D五活動子集；排除soccer/basketball/dance。","P247: PDF 1,5,7,8","b2ea7307cbe26217da35558970ceadb9f521d3f0841c60ff431031d39a98003f"
"P247","EgoSpanLift","medical","醫療與手術支援","2026-10-04","false","依已核讀的任務、活動或場景保留用途歸納；原作任務細節與分類依據一起提供。","3Dvisualspanforecast，多個視角範圍是同target不同granularity。；AEA的143recordings/7.3h與EgoExo4D五活動子集；排除soccer/basketball/dance。","P247: PDF 1,5,7,8","b2ea7307cbe26217da35558970ceadb9f521d3f0841c60ff431031d39a98003f"
"P247","EgoSpanLift","transport","交通移動與車輛維修","2026-10-04","false","依已核讀的任務、活動或場景保留用途歸納；原作任務細節與分類依據一起提供。","3Dvisualspanforecast，多個視角範圍是同target不同granularity。；AEA的143recordings/7.3h與EgoExo4D五活動子集；排除soccer/basketball/dance。","P247: PDF 1,5,7,8","b2ea7307cbe26217da35558970ceadb9f521d3f0841c60ff431031d39a98003f"
"P247","EgoSpanLift","leisure","休閒與運動","2026-10-04","false","依已核讀的任務、活動或場景保留用途歸納；原作任務細節與分類依據一起提供。","3Dvisualspanforecast，多個視角範圍是同target不同granularity。；AEA的143recordings/7.3h與EgoExo4D五活動子集；排除soccer/basketball/dance。","P247: PDF 1,5,7,8","b2ea7307cbe26217da35558970ceadb9f521d3f0841c60ff431031d39a98003f"
"P247","EgoSpanLift","music","音樂與表演","2026-10-04","false","依已核讀的任務、活動或場景保留用途歸納；原作任務細節與分類依據一起提供。","3Dvisualspanforecast，多個視角範圍是同target不同granularity。；AEA的143recordings/7.3h與EgoExo4D五活動子集；排除soccer/basketball/dance。","P247: PDF 1,5,7,8","b2ea7307cbe26217da35558970ceadb9f521d3f0841c60ff431031d39a98003f"
"P247","EgoSpanLift","wearable","穿戴互動與動作介面","2026-10-04","false","依已核讀的任務、活動或場景保留用途歸納；原作任務細節與分類依據一起提供。","使用者未來3D視覺範圍與凝視預測。","P247: PDF 1,5,7,8","b2ea7307cbe26217da35558970ceadb9f521d3f0841c60ff431031d39a98003f"
"P250","EgoMAN","home","居家整理與清潔","2026-10-04","false","依已核讀的任務、活動或場景保留用途歸納；原作任務細節與分類依據一起提供。","interactionstage-aware6DoFwristforecast；semantic/spatial/motionQA三訓練類別。；EgoExo4D/Nymeria以1014pretrain/498finetune/78testscene標籤分開；HOT3D testonly。","P250: PDF 1,2,3,4,5,6","3edd340c61e8cb14c7aee576baa1f86ace5b4367000ec8ea612f039df07d7c24"
"P250","EgoMAN","food","餐飲與烹飪","2026-10-04","false","依已核讀的任務、活動或場景保留用途歸納；原作任務細節與分類依據一起提供。","interactionstage-aware6DoFwristforecast；semantic/spatial/motionQA三訓練類別。；EgoExo4D/Nymeria以1014pretrain/498finetune/78testscene標籤分開；HOT3D testonly。","P250: PDF 1,2,3,4,5,6","3edd340c61e8cb14c7aee576baa1f86ace5b4367000ec8ea612f039df07d7c24"
"P250","EgoMAN","transport","交通移動與車輛維修","2026-10-04","false","依已核讀的任務、活動或場景保留用途歸納；原作任務細節與分類依據一起提供。","interactionstage-aware6DoFwristforecast；semantic/spatial/motionQA三訓練類別。；EgoExo4D/Nymeria以1014pretrain/498finetune/78testscene標籤分開；HOT3D testonly。","P250: PDF 1,2,3,4,5,6","3edd340c61e8cb14c7aee576baa1f86ace5b4367000ec8ea612f039df07d7c24"
"P250","EgoMAN","wearable","穿戴互動與動作介面","2026-10-04","false","依已核讀的任務、活動或場景保留用途歸納；原作任務細節與分類依據一起提供。","動作意圖與手腕6DoF軌跡連接的交互介面。","P250: PDF 1,2,3,4,5,6","3edd340c61e8cb14c7aee576baa1f86ace5b4367000ec8ea612f039df07d7c24"
